id,codigo_interno,codigo_barras,nombre_producto,categoria,unidad_medida,unidad_medida_dian,unidad_medida_descripcion,precio_venta_con_iva,precio_sin_iva,valor_iva,iva_tarifa,iva_tipo,iva_tipo_tarifa_dian,articulo_estatuto,fundamento,iva_tipo_tarifa_actual,iva_tasa_actual,requiere_revision,motivo_revision,aplicar
1150,GEN-001,,3 en 1 blanco,,NIU,94,Unidad,14691.0,12345.38,2345.62,19,GRAVADO,00,,tarifa general del articulo 437 E.T.,01,19.0,True,"criterio ""baja"": confirmar el articulo aplicado",NO
69,AGR-001,,Accesorio para manguera macho,Agrícola y Jardinería,MTR,MTR,Metro,0.0,0.0,0.0,19,GRAVADO,00,,tarifa general del articulo 437 E.T.,01,0.0,True,"material que se vende por longitud; confirmar si es metro lineal; criterio ""baja"": confirmar el articulo aplicado; precio en cero: revisar antes de importar",NO
70,AGR-002,,Adaptador en Y plástico herragro,Agrícola y Jardinería,NIU,94,Unidad,0.0,0.0,0.0,19,GRAVADO,00,,tarifa general del articulo 437 E.T.,01,0.0,True,"criterio ""baja"": confirmar el articulo aplicado; producto de la lista de verificacion manual (pinturas, metales, electricos, EPP o adhesion); precio en cero: revisar antes de importar",NO
81,AGR-003,,Aspersor plástico desarmable,Agrícola y Jardinería,NIU,94,Unidad,0.0,0.0,0.0,19,GRAVADO,00,,tarifa general del articulo 437 E.T.,01,0.0,True,"criterio ""baja"": confirmar el articulo aplicado; producto de la lista de verificacion manual (pinturas, metales, electricos, EPP o adhesion); precio en cero: revisar antes de importar",NO
90,AGR-004,,Machete tiburón,Agrícola y Jardinería,NIU,94,Unidad,0.0,0.0,0.0,19,GRAVADO,00,,tarifa general del articulo 437 E.T.,01,0.0,True,"criterio ""baja"": confirmar el articulo aplicado; precio en cero: revisar antes de importar",NO
91,AGR-005,,Machete gavilán,Agrícola y Jardinería,NIU,94,Unidad,0.0,0.0,0.0,19,GRAVADO,00,,tarifa general del articulo 437 E.T.,01,0.0,True,"criterio ""baja"": confirmar el articulo aplicado; precio en cero: revisar antes de importar",NO
190,AGR-006,,Bomba fumigadora a presión,Agrícola y Jardinería,NIU,94,Unidad,0.0,0.0,0.0,19,GRAVADO,00,,tarifa general del articulo 437 E.T.,01,0.0,True,"criterio ""baja"": confirmar el articulo aplicado; precio en cero: revisar antes de importar",NO
235,AGR-007,,Bebedero para cerdo Titan,Agrícola y Jardinería,NIU,94,Unidad,0.0,0.0,0.0,19,GRAVADO,00,,tarifa general del articulo 437 E.T.,01,0.0,True,"criterio ""baja"": confirmar el articulo aplicado; precio en cero: revisar antes de importar",NO
248,AGR-008,,Tiejras Para Podar Bellota,Agrícola y Jardinería,NIU,94,Unidad,0.0,0.0,0.0,19,GRAVADO,00,,tarifa general del articulo 437 E.T.,01,0.0,True,"criterio ""baja"": confirmar el articulo aplicado; precio en cero: revisar antes de importar",NO
297,AGR-009,,Alicate diablo jianping,Agrícola y Jardinería,NIU,94,Unidad,0.0,0.0,0.0,19,GRAVADO,00,,tarifa general del articulo 437 E.T.,01,0.0,True,"criterio ""baja"": confirmar el articulo aplicado; precio en cero: revisar antes de importar",NO
298,AGR-010,,Alicate diablo colima,Agrícola y Jardinería,NIU,94,Unidad,0.0,0.0,0.0,19,GRAVADO,00,,tarifa general del articulo 437 E.T.,01,0.0,True,"criterio ""baja"": confirmar el articulo aplicado; precio en cero: revisar antes de importar",NO
302,AGR-011,,Lima de motosierra bellota,Agrícola y Jardinería,NIU,94,Unidad,0.0,0.0,0.0,19,GRAVADO,00,,tarifa general del articulo 437 E.T.,01,0.0,True,"criterio ""baja"": confirmar el articulo aplicado; precio en cero: revisar antes de importar",NO
303,AGR-012,,Lima de motosierra bahco,Agrícola y Jardinería,NIU,94,Unidad,0.0,0.0,0.0,19,GRAVADO,00,,tarifa general del articulo 437 E.T.,01,0.0,True,"criterio ""baja"": confirmar el articulo aplicado; precio en cero: revisar antes de importar",NO
315,AGR-013,,Alambre de pua tornado,Agrícola y Jardinería,MTR,MTR,Metro,0.0,0.0,0.0,19,GRAVADO,00,,tarifa general del articulo 437 E.T.,01,0.0,True,"material que se vende por longitud; confirmar si es metro lineal; criterio ""baja"": confirmar el articulo aplicado; producto de la lista de verificacion manual (pinturas, metales, electricos, EPP o adhesion); precio en cero: revisar antes de importar",NO
641,AGR-014,,Rastrillo bellota,Agrícola y Jardinería,NIU,94,Unidad,0.0,0.0,0.0,19,GRAVADO,00,,tarifa general del articulo 437 E.T.,01,0.0,True,"criterio ""baja"": confirmar el articulo aplicado; precio en cero: revisar antes de importar",NO
642,AGR-015,,Azadón macho,Agrícola y Jardinería,NIU,94,Unidad,0.0,0.0,0.0,19,GRAVADO,00,,tarifa general del articulo 437 E.T.,01,0.0,True,"criterio ""baja"": confirmar el articulo aplicado; precio en cero: revisar antes de importar",NO
733,CEM-001,,Cemento estructural,Cementos,NIU,94,Unidad,31000.0,31000.0,0.0,0,EXENTO,02,422,art. 422 del Estatuto Tributario,01,0.0,True,"criterio ""media"": confirmar el articulo aplicado",NO
825,CEM-002,,Cemento alion,Cementos,NIU,94,Unidad,31000.0,31000.0,0.0,0,EXENTO,02,422,art. 422 del Estatuto Tributario,01,0.0,True,"criterio ""media"": confirmar el articulo aplicado",NO
1081,CEM-003,,CEMENTO ARGOS,Cementos,NIU,94,Unidad,31500.0,31500.0,0.0,0,EXENTO,02,422,art. 422 del Estatuto Tributario,01,0.0,True,"criterio ""media"": confirmar el articulo aplicado",NO
342,CER-001,,Cerraduras de Sobreponer Titanium,Cerrajería y Seguridad,NIU,94,Unidad,0.0,0.0,0.0,19,GRAVADO,00,,tarifa general del articulo 437 E.T.,01,0.0,True,"criterio ""baja"": confirmar el articulo aplicado; precio en cero: revisar antes de importar",NO
343,CER-002,,Cerraduras de Sobreponer Puma,Cerrajería y Seguridad,NIU,94,Unidad,0.0,0.0,0.0,19,GRAVADO,00,,tarifa general del articulo 437 E.T.,01,0.0,True,"criterio ""baja"": confirmar el articulo aplicado; precio en cero: revisar antes de importar",NO
344,CER-003,,Cerraduras de Sobreponer Yale,Cerrajería y Seguridad,NIU,94,Unidad,0.0,0.0,0.0,19,GRAVADO,00,,tarifa general del articulo 437 E.T.,01,0.0,True,"criterio ""baja"": confirmar el articulo aplicado; precio en cero: revisar antes de importar",NO
353,CER-004,,Soporte doble,Cerrajería y Seguridad,NIU,94,Unidad,0.0,0.0,0.0,19,GRAVADO,00,,tarifa general del articulo 437 E.T.,01,0.0,True,"criterio ""baja"": confirmar el articulo aplicado; precio en cero: revisar antes de importar",NO
354,CER-005,,Tapon redondo para tubo cortinero,Cerrajería y Seguridad,MTR,MTR,Metro,0.0,0.0,0.0,19,GRAVADO,00,,tarifa general del articulo 437 E.T.,01,0.0,True,"material que se vende por longitud; confirmar si es metro lineal; criterio ""baja"": confirmar el articulo aplicado; precio en cero: revisar antes de importar",NO
355,CER-006,,Soporte sencillo,Cerrajería y Seguridad,NIU,94,Unidad,0.0,0.0,0.0,19,GRAVADO,00,,tarifa general del articulo 437 E.T.,01,0.0,True,"criterio ""baja"": confirmar el articulo aplicado; precio en cero: revisar antes de importar",NO
356,CER-007,,Soporte redondo,Cerrajería y Seguridad,NIU,94,Unidad,0.0,0.0,0.0,19,GRAVADO,00,,tarifa general del articulo 437 E.T.,01,0.0,True,"criterio ""baja"": confirmar el articulo aplicado; precio en cero: revisar antes de importar",NO
401,CER-008,,Candado Anticizalla Vertical Mercury,Cerrajería y Seguridad,NIU,94,Unidad,0.0,0.0,0.0,19,GRAVADO,00,,tarifa general del articulo 437 E.T.,01,0.0,True,"criterio ""baja"": confirmar el articulo aplicado; precio en cero: revisar antes de importar",NO
402,CER-009,,Candado Anticizalla Horizontal Mercury,Cerrajería y Seguridad,NIU,94,Unidad,0.0,0.0,0.0,19,GRAVADO,00,,tarifa general del articulo 437 E.T.,01,0.0,True,"criterio ""baja"": confirmar el articulo aplicado; precio en cero: revisar antes de importar",NO
403,CER-010,,Candado Dorado Castor,Cerrajería y Seguridad,NIU,94,Unidad,0.0,0.0,0.0,19,GRAVADO,00,,tarifa general del articulo 437 E.T.,01,0.0,True,"criterio ""baja"": confirmar el articulo aplicado; precio en cero: revisar antes de importar",NO
404,CER-011,,Candado Dorado Castor,Cerrajería y Seguridad,NIU,94,Unidad,0.0,0.0,0.0,19,GRAVADO,00,,tarifa general del articulo 437 E.T.,01,0.0,True,"criterio ""baja"": confirmar el articulo aplicado; precio en cero: revisar antes de importar; el mismo nombre ya existe con otro precio (0.0)",NO
405,CER-012,,Candado Pequeño Lianqiu,Cerrajería y Seguridad,NIU,94,Unidad,0.0,0.0,0.0,19,GRAVADO,00,,tarifa general del articulo 437 E.T.,01,0.0,True,"criterio ""baja"": confirmar el articulo aplicado; precio en cero: revisar antes de importar",NO
406,CER-013,,Candado de Hierro Fanal,Cerrajería y Seguridad,NIU,94,Unidad,0.0,0.0,0.0,19,GRAVADO,00,,tarifa general del articulo 437 E.T.,01,0.0,True,"criterio ""baja"": confirmar el articulo aplicado; precio en cero: revisar antes de importar",NO
407,CER-014,,Candado Dorado Gusam Top Security,Cerrajería y Seguridad,NIU,94,Unidad,0.0,0.0,0.0,19,GRAVADO,00,,tarifa general del articulo 437 E.T.,01,0.0,True,"criterio ""baja"": confirmar el articulo aplicado; precio en cero: revisar antes de importar",NO
408,CER-015,,Chapa Alcoba Madera Clara Titanium,Cerrajería y Seguridad,NIU,94,Unidad,0.0,0.0,0.0,19,GRAVADO,00,,tarifa general del articulo 437 E.T.,01,0.0,True,"criterio ""baja"": confirmar el articulo aplicado; precio en cero: revisar antes de importar",NO
409,CER-016,,Chapa Pomo Metálico Unifer (Entrada / Alcoba),Cerrajería y Seguridad,NIU,94,Unidad,0.0,0.0,0.0,19,GRAVADO,00,,tarifa general del articulo 437 E.T.,01,0.0,True,"criterio ""baja"": confirmar el articulo aplicado; precio en cero: revisar antes de importar",NO
410,CER-017,,Chapa para Reja de Sobreponer Unifer,Cerrajería y Seguridad,NIU,94,Unidad,0.0,0.0,0.0,19,GRAVADO,00,,tarifa general del articulo 437 E.T.,01,0.0,True,"criterio ""baja"": confirmar el articulo aplicado; precio en cero: revisar antes de importar",NO
411,CER-018,,Cerradura de Sobreponer Yale 105 / 2 Bulones (Línea Armor),Cerrajería y Seguridad,NIU,94,Unidad,0.0,0.0,0.0,19,GRAVADO,00,,tarifa general del articulo 437 E.T.,01,0.0,True,"criterio ""baja"": confirmar el articulo aplicado; precio en cero: revisar antes de importar",NO
412,CER-019,,Cerradura Pomo de Madera (OSBLACK),Cerrajería y Seguridad,NIU,94,Unidad,0.0,0.0,0.0,19,GRAVADO,00,,tarifa general del articulo 437 E.T.,01,0.0,True,"criterio ""baja"": confirmar el articulo aplicado; precio en cero: revisar antes de importar",NO
413,CER-020,,Chapa de Bola para Alcoba Duke,Cerrajería y Seguridad,NIU,94,Unidad,0.0,0.0,0.0,19,GRAVADO,00,,tarifa general del articulo 437 E.T.,01,0.0,True,"criterio ""baja"": confirmar el articulo aplicado; precio en cero: revisar antes de importar",NO
414,CER-021,,Cerradura Esférica IRP (Spherical Lock),Cerrajería y Seguridad,NIU,94,Unidad,0.0,0.0,0.0,19,GRAVADO,00,,tarifa general del articulo 437 E.T.,01,0.0,True,"criterio ""baja"": confirmar el articulo aplicado; precio en cero: revisar antes de importar",NO
3,CON-001,,Ladrillo Limpio,Construcción y Mampostería,NIU,94,Unidad,1200.0,1200.0,0.0,0,EXENTO,02,422,art. 422 del Estatuto Tributario,01,0.0,True,"criterio ""media"": confirmar el articulo aplicado",NO
86,CON-002,,Separadores de baldosa,Construcción y Mampostería,NIU,94,Unidad,0.0,0.0,0.0,19,GRAVADO,00,,tarifa general del articulo 437 E.T.,01,0.0,True,"criterio ""baja"": confirmar el articulo aplicado; precio en cero: revisar antes de importar",NO
87,CON-003,,Separadores de baldosa,Construcción y Mampostería,NIU,94,Unidad,0.0,0.0,0.0,19,GRAVADO,00,,tarifa general del articulo 437 E.T.,01,0.0,True,"criterio ""baja"": confirmar el articulo aplicado; precio en cero: revisar antes de importar; el mismo nombre ya existe con otro precio (0.0)",NO
426,CON-004,,Guantes de carnaza sencillo,Construcción y Mampostería,NIU,94,Unidad,0.0,0.0,0.0,19,GRAVADO,00,,tarifa general del articulo 437 E.T.,01,0.0,True,"criterio ""baja"": confirmar el articulo aplicado; producto de la lista de verificacion manual (pinturas, metales, electricos, EPP o adhesion); precio en cero: revisar antes de importar",NO
84,CUE-001,,Cuerda de amarre,"Cuerdas, Cadenas y Amarras",NIU,94,Unidad,0.0,0.0,0.0,19,GRAVADO,00,,tarifa general del articulo 437 E.T.,01,0.0,True,"criterio ""baja"": confirmar el articulo aplicado; precio en cero: revisar antes de importar",NO
7,ELE-001,,Bombillo mercury 50W,Eléctricos e Iluminación,NIU,94,Unidad,0.0,0.0,0.0,19,GRAVADO,00,,tarifa general del articulo 437 E.T.,01,0.0,True,"criterio ""baja"": confirmar el articulo aplicado; producto de la lista de verificacion manual (pinturas, metales, electricos, EPP o adhesion); precio en cero: revisar antes de importar",NO
8,ELE-002,,Bombillo mercury 40W,Eléctricos e Iluminación,NIU,94,Unidad,0.0,0.0,0.0,19,GRAVADO,00,,tarifa general del articulo 437 E.T.,01,0.0,True,"criterio ""baja"": confirmar el articulo aplicado; producto de la lista de verificacion manual (pinturas, metales, electricos, EPP o adhesion); precio en cero: revisar antes de importar",NO
9,ELE-003,,Bombillo mercury 20W,Eléctricos e Iluminación,NIU,94,Unidad,0.0,0.0,0.0,19,GRAVADO,00,,tarifa general del articulo 437 E.T.,01,0.0,True,"criterio ""baja"": confirmar el articulo aplicado; producto de la lista de verificacion manual (pinturas, metales, electricos, EPP o adhesion); precio en cero: revisar antes de importar",NO
10,ELE-004,,Bombillo mercury 12W,Eléctricos e Iluminación,NIU,94,Unidad,0.0,0.0,0.0,19,GRAVADO,00,,tarifa general del articulo 437 E.T.,01,0.0,True,"criterio ""baja"": confirmar el articulo aplicado; producto de la lista de verificacion manual (pinturas, metales, electricos, EPP o adhesion); precio en cero: revisar antes de importar",NO
11,ELE-005,,Bombillo mercury 15W,Eléctricos e Iluminación,NIU,94,Unidad,0.0,0.0,0.0,19,GRAVADO,00,,tarifa general del articulo 437 E.T.,01,0.0,True,"criterio ""baja"": confirmar el articulo aplicado; producto de la lista de verificacion manual (pinturas, metales, electricos, EPP o adhesion); precio en cero: revisar antes de importar",NO
12,ELE-006,,Bombillo mercury 9W,Eléctricos e Iluminación,NIU,94,Unidad,0.0,0.0,0.0,19,GRAVADO,00,,tarifa general del articulo 437 E.T.,01,0.0,True,"criterio ""baja"": confirmar el articulo aplicado; producto de la lista de verificacion manual (pinturas, metales, electricos, EPP o adhesion); precio en cero: revisar antes de importar",NO
13,ELE-007,,Bombillo unifer 12W,Eléctricos e Iluminación,NIU,94,Unidad,0.0,0.0,0.0,19,GRAVADO,00,,tarifa general del articulo 437 E.T.,01,0.0,True,"criterio ""baja"": confirmar el articulo aplicado; producto de la lista de verificacion manual (pinturas, metales, electricos, EPP o adhesion); precio en cero: revisar antes de importar",NO
14,ELE-008,,Bombillo unifer 9W,Eléctricos e Iluminación,NIU,94,Unidad,0.0,0.0,0.0,19,GRAVADO,00,,tarifa general del articulo 437 E.T.,01,0.0,True,"criterio ""baja"": confirmar el articulo aplicado; producto de la lista de verificacion manual (pinturas, metales, electricos, EPP o adhesion); precio en cero: revisar antes de importar",NO
15,ELE-009,,Bombillo de luz calida 100W,Eléctricos e Iluminación,NIU,94,Unidad,0.0,0.0,0.0,19,GRAVADO,00,,tarifa general del articulo 437 E.T.,01,0.0,True,"criterio ""baja"": confirmar el articulo aplicado; producto de la lista de verificacion manual (pinturas, metales, electricos, EPP o adhesion); precio en cero: revisar antes de importar",NO
16,ELE-010,,Bombillo led Pin Pon titanium 1W,Eléctricos e Iluminación,NIU,94,Unidad,0.0,0.0,0.0,19,GRAVADO,00,,tarifa general del articulo 437 E.T.,01,0.0,True,"criterio ""baja"": confirmar el articulo aplicado; producto de la lista de verificacion manual (pinturas, metales, electricos, EPP o adhesion); precio en cero: revisar antes de importar",NO
17,ELE-011,,Bombillo espiral 85W,Eléctricos e Iluminación,NIU,94,Unidad,0.0,0.0,0.0,19,GRAVADO,00,,tarifa general del articulo 437 E.T.,01,0.0,True,"criterio ""baja"": confirmar el articulo aplicado; producto de la lista de verificacion manual (pinturas, metales, electricos, EPP o adhesion); precio en cero: revisar antes de importar",NO
18,ELE-012,,Lampara mercury de sobreponer redonda de 18W,Eléctricos e Iluminación,NIU,94,Unidad,0.0,0.0,0.0,19,GRAVADO,00,,tarifa general del articulo 437 E.T.,01,0.0,True,"criterio ""baja"": confirmar el articulo aplicado; producto de la lista de verificacion manual (pinturas, metales, electricos, EPP o adhesion); precio en cero: revisar antes de importar",NO
19,ELE-013,,Lampara titanium de sobreponer redonda de 18W,Eléctricos e Iluminación,NIU,94,Unidad,0.0,0.0,0.0,19,GRAVADO,00,,tarifa general del articulo 437 E.T.,01,0.0,True,"criterio ""baja"": confirmar el articulo aplicado; producto de la lista de verificacion manual (pinturas, metales, electricos, EPP o adhesion); precio en cero: revisar antes de importar",NO
20,ELE-014,,Lampara frameless zafiro de incrustrar redonda de 18W,Eléctricos e Iluminación,NIU,94,Unidad,0.0,0.0,0.0,19,GRAVADO,00,,tarifa general del articulo 437 E.T.,01,0.0,True,"criterio ""baja"": confirmar el articulo aplicado; producto de la lista de verificacion manual (pinturas, metales, electricos, EPP o adhesion); precio en cero: revisar antes de importar",NO
21,ELE-015,,Lampara titanium de incrustar redonda de 24W,Eléctricos e Iluminación,NIU,94,Unidad,0.0,0.0,0.0,19,GRAVADO,00,,tarifa general del articulo 437 E.T.,01,0.0,True,"criterio ""baja"": confirmar el articulo aplicado; producto de la lista de verificacion manual (pinturas, metales, electricos, EPP o adhesion); precio en cero: revisar antes de importar",NO
22,ELE-016,,Lampara titanium de sobreponer redonda de 24W,Eléctricos e Iluminación,NIU,94,Unidad,0.0,0.0,0.0,19,GRAVADO,00,,tarifa general del articulo 437 E.T.,01,0.0,True,"criterio ""baja"": confirmar el articulo aplicado; producto de la lista de verificacion manual (pinturas, metales, electricos, EPP o adhesion); precio en cero: revisar antes de importar",NO
23,ELE-017,,Lampara zafiro de incrustar redonda de 18W,Eléctricos e Iluminación,NIU,94,Unidad,0.0,0.0,0.0,19,GRAVADO,00,,tarifa general del articulo 437 E.T.,01,0.0,True,"criterio ""baja"": confirmar el articulo aplicado; producto de la lista de verificacion manual (pinturas, metales, electricos, EPP o adhesion); precio en cero: revisar antes de importar",NO
24,ELE-018,,Lampara frameless titanium de incrustar redonda de 18W,Eléctricos e Iluminación,NIU,94,Unidad,0.0,0.0,0.0,19,GRAVADO,00,,tarifa general del articulo 437 E.T.,01,0.0,True,"criterio ""baja"": confirmar el articulo aplicado; producto de la lista de verificacion manual (pinturas, metales, electricos, EPP o adhesion); precio en cero: revisar antes de importar",NO
25,ELE-019,,Lampara borde infinito unifer de incrustar redonda de 18W,Eléctricos e Iluminación,NIU,94,Unidad,0.0,0.0,0.0,19,GRAVADO,00,,tarifa general del articulo 437 E.T.,01,0.0,True,"criterio ""baja"": confirmar el articulo aplicado; producto de la lista de verificacion manual (pinturas, metales, electricos, EPP o adhesion); precio en cero: revisar antes de importar",NO
26,ELE-020,,Lampara mercury de sobreponer cuadrada de 12W,Eléctricos e Iluminación,NIU,94,Unidad,0.0,0.0,0.0,19,GRAVADO,00,,tarifa general del articulo 437 E.T.,01,0.0,True,"criterio ""baja"": confirmar el articulo aplicado; producto de la lista de verificacion manual (pinturas, metales, electricos, EPP o adhesion); precio en cero: revisar antes de importar",NO
27,ELE-021,,Lampara kernel de sobreponer redonda de 18W,Eléctricos e Iluminación,NIU,94,Unidad,0.0,0.0,0.0,19,GRAVADO,00,,tarifa general del articulo 437 E.T.,01,0.0,True,"criterio ""baja"": confirmar el articulo aplicado; producto de la lista de verificacion manual (pinturas, metales, electricos, EPP o adhesion); precio en cero: revisar antes de importar",NO
28,ELE-022,,Lampara mercury de incrustar cuadrada de 12W,Eléctricos e Iluminación,NIU,94,Unidad,0.0,0.0,0.0,19,GRAVADO,00,,tarifa general del articulo 437 E.T.,01,0.0,True,"criterio ""baja"": confirmar el articulo aplicado; producto de la lista de verificacion manual (pinturas, metales, electricos, EPP o adhesion); precio en cero: revisar antes de importar",NO
29,ELE-023,,Lampara mercury de sobreponer redonda de 12W,Eléctricos e Iluminación,NIU,94,Unidad,0.0,0.0,0.0,19,GRAVADO,00,,tarifa general del articulo 437 E.T.,01,0.0,True,"criterio ""baja"": confirmar el articulo aplicado; producto de la lista de verificacion manual (pinturas, metales, electricos, EPP o adhesion); precio en cero: revisar antes de importar",NO
30,ELE-024,,Lampara mercury de incrustar redonda de 12W,Eléctricos e Iluminación,NIU,94,Unidad,0.0,0.0,0.0,19,GRAVADO,00,,tarifa general del articulo 437 E.T.,01,0.0,True,"criterio ""baja"": confirmar el articulo aplicado; producto de la lista de verificacion manual (pinturas, metales, electricos, EPP o adhesion); precio en cero: revisar antes de importar",NO
31,ELE-025,,Lampara frameless titanium de sobreponer redonda de 18W,Eléctricos e Iluminación,NIU,94,Unidad,0.0,0.0,0.0,19,GRAVADO,00,,tarifa general del articulo 437 E.T.,01,0.0,True,"criterio ""baja"": confirmar el articulo aplicado; producto de la lista de verificacion manual (pinturas, metales, electricos, EPP o adhesion); precio en cero: revisar antes de importar",NO
32,ELE-026,,Lampara titanium de incrustar redonda de 18W,Eléctricos e Iluminación,NIU,94,Unidad,0.0,0.0,0.0,19,GRAVADO,00,,tarifa general del articulo 437 E.T.,01,0.0,True,"criterio ""baja"": confirmar el articulo aplicado; producto de la lista de verificacion manual (pinturas, metales, electricos, EPP o adhesion); precio en cero: revisar antes de importar",NO
33,ELE-027,,Lampara frameless titanium de incrustar redonda de 24W,Eléctricos e Iluminación,NIU,94,Unidad,0.0,0.0,0.0,19,GRAVADO,00,,tarifa general del articulo 437 E.T.,01,0.0,True,"criterio ""baja"": confirmar el articulo aplicado; producto de la lista de verificacion manual (pinturas, metales, electricos, EPP o adhesion); precio en cero: revisar antes de importar",NO
34,ELE-028,,Lampara zafiro de sobreponer redonda de 12W,Eléctricos e Iluminación,NIU,94,Unidad,0.0,0.0,0.0,19,GRAVADO,00,,tarifa general del articulo 437 E.T.,01,0.0,True,"criterio ""baja"": confirmar el articulo aplicado; producto de la lista de verificacion manual (pinturas, metales, electricos, EPP o adhesion); precio en cero: revisar antes de importar",NO
35,ELE-029,,Lampara zafiro de sobreponer redonda de 18 W,Eléctricos e Iluminación,NIU,94,Unidad,0.0,0.0,0.0,19,GRAVADO,00,,tarifa general del articulo 437 E.T.,01,0.0,True,"criterio ""baja"": confirmar el articulo aplicado; producto de la lista de verificacion manual (pinturas, metales, electricos, EPP o adhesion); precio en cero: revisar antes de importar",NO
36,ELE-030,,Lampara mercury de incrustar redonda de 18W,Eléctricos e Iluminación,NIU,94,Unidad,0.0,0.0,0.0,19,GRAVADO,00,,tarifa general del articulo 437 E.T.,01,0.0,True,"criterio ""baja"": confirmar el articulo aplicado; producto de la lista de verificacion manual (pinturas, metales, electricos, EPP o adhesion); precio en cero: revisar antes de importar",NO
37,ELE-031,,Lampara borde infinito unifer de incrustar redonda de 24 w,Eléctricos e Iluminación,NIU,94,Unidad,0.0,0.0,0.0,19,GRAVADO,00,,tarifa general del articulo 437 E.T.,01,0.0,True,"criterio ""baja"": confirmar el articulo aplicado; producto de la lista de verificacion manual (pinturas, metales, electricos, EPP o adhesion); precio en cero: revisar antes de importar",NO
38,ELE-032,,Lampara borde infinito unifer de incrustar redonda de 36W,Eléctricos e Iluminación,NIU,94,Unidad,0.0,0.0,0.0,19,GRAVADO,00,,tarifa general del articulo 437 E.T.,01,0.0,True,"criterio ""baja"": confirmar el articulo aplicado; producto de la lista de verificacion manual (pinturas, metales, electricos, EPP o adhesion); precio en cero: revisar antes de importar",NO
39,ELE-033,,Lampara borde infinito onix de sobreponer de 24W,Eléctricos e Iluminación,NIU,94,Unidad,0.0,0.0,0.0,19,GRAVADO,00,,tarifa general del articulo 437 E.T.,01,0.0,True,"criterio ""baja"": confirmar el articulo aplicado; producto de la lista de verificacion manual (pinturas, metales, electricos, EPP o adhesion); precio en cero: revisar antes de importar",NO
40,ELE-034,,Lampara onix de incrustar de 6W,Eléctricos e Iluminación,NIU,94,Unidad,0.0,0.0,0.0,19,GRAVADO,00,,tarifa general del articulo 437 E.T.,01,0.0,True,"criterio ""baja"": confirmar el articulo aplicado; producto de la lista de verificacion manual (pinturas, metales, electricos, EPP o adhesion); precio en cero: revisar antes de importar",NO
79,ELE-035,,Copas magnéticas para taladro fontor,Eléctricos e Iluminación,NIU,94,Unidad,0.0,0.0,0.0,19,GRAVADO,00,,tarifa general del articulo 437 E.T.,01,0.0,True,"criterio ""baja"": confirmar el articulo aplicado; precio en cero: revisar antes de importar",NO
85,ELE-036,,Juego de sierra copa,Eléctricos e Iluminación,SET,SET,Juego/Conjunto,0.0,0.0,0.0,19,GRAVADO,00,,tarifa general del articulo 437 E.T.,01,0.0,True,"criterio ""baja"": confirmar el articulo aplicado; precio en cero: revisar antes de importar",NO
88,ELE-037,,Energizer max AA,Eléctricos e Iluminación,NIU,94,Unidad,0.0,0.0,0.0,19,GRAVADO,00,,tarifa general del articulo 437 E.T.,01,0.0,True,"criterio ""baja"": confirmar el articulo aplicado; precio en cero: revisar antes de importar",NO
97,ELE-038,,Plafón en policarbonato mercury,Eléctricos e Iluminación,NIU,94,Unidad,0.0,0.0,0.0,19,GRAVADO,00,,tarifa general del articulo 437 E.T.,01,0.0,True,"criterio ""baja"": confirmar el articulo aplicado; precio en cero: revisar antes de importar",NO
98,ELE-039,,Tomacorriente GFCI blanca mercury,Eléctricos e Iluminación,NIU,94,Unidad,0.0,0.0,0.0,19,GRAVADO,00,,tarifa general del articulo 437 E.T.,01,0.0,True,"criterio ""baja"": confirmar el articulo aplicado; producto de la lista de verificacion manual (pinturas, metales, electricos, EPP o adhesion); precio en cero: revisar antes de importar",NO
99,ELE-040,,Toma + interruptor mercury,Eléctricos e Iluminación,NIU,94,Unidad,0.0,0.0,0.0,19,GRAVADO,00,,tarifa general del articulo 437 E.T.,01,0.0,True,"criterio ""baja"": confirmar el articulo aplicado; producto de la lista de verificacion manual (pinturas, metales, electricos, EPP o adhesion); precio en cero: revisar antes de importar",NO
100,ELE-041,,Toma doble mercury,Eléctricos e Iluminación,NIU,94,Unidad,0.0,0.0,0.0,19,GRAVADO,00,,tarifa general del articulo 437 E.T.,01,0.0,True,"criterio ""baja"": confirmar el articulo aplicado; precio en cero: revisar antes de importar",NO
101,ELE-042,,Interruptor triple mercury,Eléctricos e Iluminación,NIU,94,Unidad,0.0,0.0,0.0,19,GRAVADO,00,,tarifa general del articulo 437 E.T.,01,0.0,True,"criterio ""baja"": confirmar el articulo aplicado; producto de la lista de verificacion manual (pinturas, metales, electricos, EPP o adhesion); precio en cero: revisar antes de importar",NO
102,ELE-043,,Interruptor doble mercury,Eléctricos e Iluminación,NIU,94,Unidad,0.0,0.0,0.0,19,GRAVADO,00,,tarifa general del articulo 437 E.T.,01,0.0,True,"criterio ""baja"": confirmar el articulo aplicado; producto de la lista de verificacion manual (pinturas, metales, electricos, EPP o adhesion); precio en cero: revisar antes de importar",NO
103,ELE-044,,Interruptor sencillo mercury,Eléctricos e Iluminación,NIU,94,Unidad,0.0,0.0,0.0,19,GRAVADO,00,,tarifa general del articulo 437 E.T.,01,0.0,True,"criterio ""baja"": confirmar el articulo aplicado; producto de la lista de verificacion manual (pinturas, metales, electricos, EPP o adhesion); precio en cero: revisar antes de importar",NO
104,ELE-045,,Toma doble de sobreponer mercury,Eléctricos e Iluminación,NIU,94,Unidad,0.0,0.0,0.0,19,GRAVADO,00,,tarifa general del articulo 437 E.T.,01,0.0,True,"criterio ""baja"": confirmar el articulo aplicado; precio en cero: revisar antes de importar",NO
105,ELE-046,,Interruptor de sobreponer sencillo mercury,Eléctricos e Iluminación,NIU,94,Unidad,0.0,0.0,0.0,19,GRAVADO,00,,tarifa general del articulo 437 E.T.,01,0.0,True,"criterio ""baja"": confirmar el articulo aplicado; producto de la lista de verificacion manual (pinturas, metales, electricos, EPP o adhesion); precio en cero: revisar antes de importar",NO
106,ELE-047,,Interruptor triple unitec,Eléctricos e Iluminación,NIU,94,Unidad,0.0,0.0,0.0,19,GRAVADO,00,,tarifa general del articulo 437 E.T.,01,0.0,True,"criterio ""baja"": confirmar el articulo aplicado; producto de la lista de verificacion manual (pinturas, metales, electricos, EPP o adhesion); precio en cero: revisar antes de importar",NO
107,ELE-048,,Toma doble unitec,Eléctricos e Iluminación,NIU,94,Unidad,0.0,0.0,0.0,19,GRAVADO,00,,tarifa general del articulo 437 E.T.,01,0.0,True,"criterio ""baja"": confirmar el articulo aplicado; precio en cero: revisar antes de importar",NO
108,ELE-049,,Interruptor doble unitec,Eléctricos e Iluminación,NIU,94,Unidad,0.0,0.0,0.0,19,GRAVADO,00,,tarifa general del articulo 437 E.T.,01,0.0,True,"criterio ""baja"": confirmar el articulo aplicado; producto de la lista de verificacion manual (pinturas, metales, electricos, EPP o adhesion); precio en cero: revisar antes de importar",NO
109,ELE-050,,Interruptor sencillo unitec,Eléctricos e Iluminación,NIU,94,Unidad,0.0,0.0,0.0,19,GRAVADO,00,,tarifa general del articulo 437 E.T.,01,0.0,True,"criterio ""baja"": confirmar el articulo aplicado; producto de la lista de verificacion manual (pinturas, metales, electricos, EPP o adhesion); precio en cero: revisar antes de importar",NO
110,ELE-051,,Toma + interruptor unitec,Eléctricos e Iluminación,NIU,94,Unidad,0.0,0.0,0.0,19,GRAVADO,00,,tarifa general del articulo 437 E.T.,01,0.0,True,"criterio ""baja"": confirmar el articulo aplicado; producto de la lista de verificacion manual (pinturas, metales, electricos, EPP o adhesion); precio en cero: revisar antes de importar",NO
111,ELE-052,,Toma + interruptor unifer,Eléctricos e Iluminación,NIU,94,Unidad,0.0,0.0,0.0,19,GRAVADO,00,,tarifa general del articulo 437 E.T.,01,0.0,True,"criterio ""baja"": confirmar el articulo aplicado; producto de la lista de verificacion manual (pinturas, metales, electricos, EPP o adhesion); precio en cero: revisar antes de importar",NO
112,ELE-053,,Interruptor doble unifer,Eléctricos e Iluminación,NIU,94,Unidad,0.0,0.0,0.0,19,GRAVADO,00,,tarifa general del articulo 437 E.T.,01,0.0,True,"criterio ""baja"": confirmar el articulo aplicado; producto de la lista de verificacion manual (pinturas, metales, electricos, EPP o adhesion); precio en cero: revisar antes de importar",NO
113,ELE-054,,Interruptor triple unifer,Eléctricos e Iluminación,NIU,94,Unidad,0.0,0.0,0.0,19,GRAVADO,00,,tarifa general del articulo 437 E.T.,01,0.0,True,"criterio ""baja"": confirmar el articulo aplicado; producto de la lista de verificacion manual (pinturas, metales, electricos, EPP o adhesion); precio en cero: revisar antes de importar",NO
114,ELE-055,,Interruptor triple kernel,Eléctricos e Iluminación,NIU,94,Unidad,0.0,0.0,0.0,19,GRAVADO,00,,tarifa general del articulo 437 E.T.,01,0.0,True,"criterio ""baja"": confirmar el articulo aplicado; producto de la lista de verificacion manual (pinturas, metales, electricos, EPP o adhesion); precio en cero: revisar antes de importar",NO
115,ELE-056,,Toma + interruptor kernel,Eléctricos e Iluminación,NIU,94,Unidad,0.0,0.0,0.0,19,GRAVADO,00,,tarifa general del articulo 437 E.T.,01,0.0,True,"criterio ""baja"": confirmar el articulo aplicado; producto de la lista de verificacion manual (pinturas, metales, electricos, EPP o adhesion); precio en cero: revisar antes de importar",NO
116,ELE-057,,Interruptor doble kernel,Eléctricos e Iluminación,NIU,94,Unidad,0.0,0.0,0.0,19,GRAVADO,00,,tarifa general del articulo 437 E.T.,01,0.0,True,"criterio ""baja"": confirmar el articulo aplicado; producto de la lista de verificacion manual (pinturas, metales, electricos, EPP o adhesion); precio en cero: revisar antes de importar",NO
117,ELE-058,,Interruptor sencillo kernel,Eléctricos e Iluminación,NIU,94,Unidad,0.0,0.0,0.0,19,GRAVADO,00,,tarifa general del articulo 437 E.T.,01,0.0,True,"criterio ""baja"": confirmar el articulo aplicado; producto de la lista de verificacion manual (pinturas, metales, electricos, EPP o adhesion); precio en cero: revisar antes de importar",NO
118,ELE-059,,Toma + usb kernel,Eléctricos e Iluminación,NIU,94,Unidad,0.0,0.0,0.0,19,GRAVADO,00,,tarifa general del articulo 437 E.T.,01,0.0,True,"criterio ""baja"": confirmar el articulo aplicado; precio en cero: revisar antes de importar",NO
119,ELE-060,,Interruptor sencillo kernel negro,Eléctricos e Iluminación,NIU,94,Unidad,0.0,0.0,0.0,19,GRAVADO,00,,tarifa general del articulo 437 E.T.,01,0.0,True,"criterio ""baja"": confirmar el articulo aplicado; producto de la lista de verificacion manual (pinturas, metales, electricos, EPP o adhesion); precio en cero: revisar antes de importar",NO
120,ELE-061,,Interruptor triple kernel negro,Eléctricos e Iluminación,NIU,94,Unidad,0.0,0.0,0.0,19,GRAVADO,00,,tarifa general del articulo 437 E.T.,01,0.0,True,"criterio ""baja"": confirmar el articulo aplicado; producto de la lista de verificacion manual (pinturas, metales, electricos, EPP o adhesion); precio en cero: revisar antes de importar",NO
121,ELE-062,,Toma doble kernel negro,Eléctricos e Iluminación,NIU,94,Unidad,0.0,0.0,0.0,19,GRAVADO,00,,tarifa general del articulo 437 E.T.,01,0.0,True,"criterio ""baja"": confirmar el articulo aplicado; precio en cero: revisar antes de importar",NO
122,ELE-063,,Toma (receptáculo) bifásica,Eléctricos e Iluminación,NIU,94,Unidad,0.0,0.0,0.0,19,GRAVADO,00,,tarifa general del articulo 437 E.T.,01,0.0,True,"criterio ""baja"": confirmar el articulo aplicado; precio en cero: revisar antes de importar",NO
123,ELE-064,,Tomacorriente GFCI blanca unifer,Eléctricos e Iluminación,NIU,94,Unidad,0.0,0.0,0.0,19,GRAVADO,00,,tarifa general del articulo 437 E.T.,01,0.0,True,"criterio ""baja"": confirmar el articulo aplicado; producto de la lista de verificacion manual (pinturas, metales, electricos, EPP o adhesion); precio en cero: revisar antes de importar",NO
124,ELE-065,,Toma doble exe,Eléctricos e Iluminación,NIU,94,Unidad,0.0,0.0,0.0,19,GRAVADO,00,,tarifa general del articulo 437 E.T.,01,0.0,True,"criterio ""baja"": confirmar el articulo aplicado; precio en cero: revisar antes de importar",NO
125,ELE-066,,Toma sencillo de sobreponer osblack,Eléctricos e Iluminación,NIU,94,Unidad,0.0,0.0,0.0,19,GRAVADO,00,,tarifa general del articulo 437 E.T.,01,0.0,True,"criterio ""baja"": confirmar el articulo aplicado; precio en cero: revisar antes de importar",NO
126,ELE-067,,Toma trifilar de sobreponer,Eléctricos e Iluminación,NIU,94,Unidad,0.0,0.0,0.0,19,GRAVADO,00,,tarifa general del articulo 437 E.T.,01,0.0,True,"criterio ""baja"": confirmar el articulo aplicado; precio en cero: revisar antes de importar",NO
127,ELE-068,,Toma doble de sobreponer osblack,Eléctricos e Iluminación,NIU,94,Unidad,0.0,0.0,0.0,19,GRAVADO,00,,tarifa general del articulo 437 E.T.,01,0.0,True,"criterio ""baja"": confirmar el articulo aplicado; precio en cero: revisar antes de importar",NO
128,ELE-069,,Toma doble de sobreponer titanium,Eléctricos e Iluminación,NIU,94,Unidad,0.0,0.0,0.0,19,GRAVADO,00,,tarifa general del articulo 437 E.T.,01,0.0,True,"criterio ""baja"": confirmar el articulo aplicado; precio en cero: revisar antes de importar",NO
129,ELE-070,,Cuchilla,Eléctricos e Iluminación,NIU,94,Unidad,0.0,0.0,0.0,19,GRAVADO,00,,tarifa general del articulo 437 E.T.,01,0.0,True,"criterio ""baja"": confirmar el articulo aplicado; precio en cero: revisar antes de importar",NO
130,ELE-071,,Portalámpara,Eléctricos e Iluminación,NIU,94,Unidad,0.0,0.0,0.0,19,GRAVADO,00,,tarifa general del articulo 437 E.T.,01,0.0,True,"criterio ""baja"": confirmar el articulo aplicado; precio en cero: revisar antes de importar",NO
131,ELE-072,,Plafón titanium,Eléctricos e Iluminación,NIU,94,Unidad,0.0,0.0,0.0,19,GRAVADO,00,,tarifa general del articulo 437 E.T.,01,0.0,True,"criterio ""baja"": confirmar el articulo aplicado; precio en cero: revisar antes de importar",NO
132,ELE-073,,Sierra copa barracuda,Eléctricos e Iluminación,NIU,94,Unidad,0.0,0.0,0.0,19,GRAVADO,00,,tarifa general del articulo 437 E.T.,01,0.0,True,"criterio ""baja"": confirmar el articulo aplicado; precio en cero: revisar antes de importar",NO
134,ELE-074,,Sierra copa barracuda,Eléctricos e Iluminación,NIU,94,Unidad,0.0,0.0,0.0,19,GRAVADO,00,,tarifa general del articulo 437 E.T.,01,0.0,True,"criterio ""baja"": confirmar el articulo aplicado; precio en cero: revisar antes de importar; el mismo nombre ya existe con otro precio (0.0)",NO
138,ELE-075,,Sierra copa barracuda,Eléctricos e Iluminación,NIU,94,Unidad,0.0,0.0,0.0,19,GRAVADO,00,,tarifa general del articulo 437 E.T.,01,0.0,True,"criterio ""baja"": confirmar el articulo aplicado; precio en cero: revisar antes de importar; el mismo nombre ya existe con otro precio (0.0)",NO
141,ELE-076,,Accesorios para mototool total,Eléctricos e Iluminación,NIU,94,Unidad,0.0,0.0,0.0,19,GRAVADO,00,,tarifa general del articulo 437 E.T.,01,0.0,True,"criterio ""baja"": confirmar el articulo aplicado; precio en cero: revisar antes de importar",NO
144,ELE-077,,Juego de sierra copa 6 piezas,Eléctricos e Iluminación,SET,SET,Juego/Conjunto,0.0,0.0,0.0,19,GRAVADO,00,,tarifa general del articulo 437 E.T.,01,0.0,True,"criterio ""baja"": confirmar el articulo aplicado; precio en cero: revisar antes de importar",NO
145,ELE-078,,Grata para taladro tipo pincel,Eléctricos e Iluminación,NIU,94,Unidad,0.0,0.0,0.0,19,GRAVADO,00,,tarifa general del articulo 437 E.T.,01,0.0,True,"criterio ""baja"": confirmar el articulo aplicado; precio en cero: revisar antes de importar",NO
147,ELE-079,,Broca barracuda,Eléctricos e Iluminación,NIU,94,Unidad,0.0,0.0,0.0,19,GRAVADO,00,,tarifa general del articulo 437 E.T.,01,0.0,True,"criterio ""baja"": confirmar el articulo aplicado; precio en cero: revisar antes de importar",NO
148,ELE-080,,Juego de sierra copa dmax power,Eléctricos e Iluminación,SET,SET,Juego/Conjunto,0.0,0.0,0.0,19,GRAVADO,00,,tarifa general del articulo 437 E.T.,01,0.0,True,"criterio ""baja"": confirmar el articulo aplicado; precio en cero: revisar antes de importar",NO
150,ELE-081,,Disco multipropósito diamantado abracol,Eléctricos e Iluminación,NIU,94,Unidad,0.0,0.0,0.0,19,GRAVADO,00,,tarifa general del articulo 437 E.T.,01,0.0,True,"criterio ""baja"": confirmar el articulo aplicado; precio en cero: revisar antes de importar",NO
166,ELE-082,,Extensión eléctrica blanca osblack,Eléctricos e Iluminación,NIU,94,Unidad,0.0,0.0,0.0,19,GRAVADO,00,,tarifa general del articulo 437 E.T.,01,0.0,True,"criterio ""baja"": confirmar el articulo aplicado; precio en cero: revisar antes de importar",NO
167,ELE-083,,Extensión eléctrica blanca osblack,Eléctricos e Iluminación,NIU,94,Unidad,0.0,0.0,0.0,19,GRAVADO,00,,tarifa general del articulo 437 E.T.,01,0.0,True,"criterio ""baja"": confirmar el articulo aplicado; precio en cero: revisar antes de importar; el mismo nombre ya existe con otro precio (0.0)",NO
168,ELE-084,,Extensión eléctrica blanca osblack,Eléctricos e Iluminación,NIU,94,Unidad,0.0,0.0,0.0,19,GRAVADO,00,,tarifa general del articulo 437 E.T.,01,0.0,True,"criterio ""baja"": confirmar el articulo aplicado; precio en cero: revisar antes de importar; el mismo nombre ya existe con otro precio (0.0)",NO
169,ELE-085,,Extensión eléctrica blanca osblack,Eléctricos e Iluminación,NIU,94,Unidad,0.0,0.0,0.0,19,GRAVADO,00,,tarifa general del articulo 437 E.T.,01,0.0,True,"criterio ""baja"": confirmar el articulo aplicado; precio en cero: revisar antes de importar; el mismo nombre ya existe con otro precio (0.0)",NO
170,ELE-086,,Extensión eléctrica blanca eagle,Eléctricos e Iluminación,NIU,94,Unidad,0.0,0.0,0.0,19,GRAVADO,00,,tarifa general del articulo 437 E.T.,01,0.0,True,"criterio ""baja"": confirmar el articulo aplicado; precio en cero: revisar antes de importar",NO
171,ELE-087,,Extensión eléctrica blanca eagle,Eléctricos e Iluminación,NIU,94,Unidad,0.0,0.0,0.0,19,GRAVADO,00,,tarifa general del articulo 437 E.T.,01,0.0,True,"criterio ""baja"": confirmar el articulo aplicado; precio en cero: revisar antes de importar; el mismo nombre ya existe con otro precio (0.0)",NO
172,ELE-088,,Extensión eléctrica brickell blanca,Eléctricos e Iluminación,NIU,94,Unidad,0.0,0.0,0.0,19,GRAVADO,00,,tarifa general del articulo 437 E.T.,01,0.0,True,"criterio ""baja"": confirmar el articulo aplicado; precio en cero: revisar antes de importar",NO
173,ELE-089,,Extensión eléctrica brickell naranja,Eléctricos e Iluminación,NIU,94,Unidad,0.0,0.0,0.0,19,GRAVADO,00,,tarifa general del articulo 437 E.T.,01,0.0,True,"criterio ""baja"": confirmar el articulo aplicado; precio en cero: revisar antes de importar",NO
174,ELE-090,,Extensión eléctrica globy,Eléctricos e Iluminación,NIU,94,Unidad,0.0,0.0,0.0,19,GRAVADO,00,,tarifa general del articulo 437 E.T.,01,0.0,True,"criterio ""baja"": confirmar el articulo aplicado; precio en cero: revisar antes de importar",NO
175,ELE-091,,Extensión eléctrica electric naranja,Eléctricos e Iluminación,NIU,94,Unidad,0.0,0.0,0.0,19,GRAVADO,00,,tarifa general del articulo 437 E.T.,01,0.0,True,"criterio ""baja"": confirmar el articulo aplicado; precio en cero: revisar antes de importar",NO
176,ELE-092,,Extensión eléctrica electric naranja,Eléctricos e Iluminación,NIU,94,Unidad,0.0,0.0,0.0,19,GRAVADO,00,,tarifa general del articulo 437 E.T.,01,0.0,True,"criterio ""baja"": confirmar el articulo aplicado; precio en cero: revisar antes de importar; el mismo nombre ya existe con otro precio (0.0)",NO
177,ELE-093,,Multitoma globy,Eléctricos e Iluminación,NIU,94,Unidad,0.0,0.0,0.0,19,GRAVADO,00,,tarifa general del articulo 437 E.T.,01,0.0,True,"criterio ""baja"": confirmar el articulo aplicado; precio en cero: revisar antes de importar",NO
178,ELE-094,,Multitoma brickel,Eléctricos e Iluminación,NIU,94,Unidad,0.0,0.0,0.0,19,GRAVADO,00,,tarifa general del articulo 437 E.T.,01,0.0,True,"criterio ""baja"": confirmar el articulo aplicado; precio en cero: revisar antes de importar",NO
179,ELE-095,,Multitoma harbor,Eléctricos e Iluminación,NIU,94,Unidad,0.0,0.0,0.0,19,GRAVADO,00,,tarifa general del articulo 437 E.T.,01,0.0,True,"criterio ""baja"": confirmar el articulo aplicado; precio en cero: revisar antes de importar",NO
224,ELE-096,,Probador de energía emptop,Eléctricos e Iluminación,NIU,94,Unidad,0.0,0.0,0.0,19,GRAVADO,00,,tarifa general del articulo 437 E.T.,01,0.0,True,"criterio ""baja"": confirmar el articulo aplicado; precio en cero: revisar antes de importar",NO
238,ELE-097,,Cinta Aislante Titanium,Eléctricos e Iluminación,MTR,MTR,Metro,0.0,0.0,0.0,19,GRAVADO,00,,tarifa general del articulo 437 E.T.,01,0.0,True,"material que se vende por longitud; confirmar si es metro lineal; criterio ""baja"": confirmar el articulo aplicado; precio en cero: revisar antes de importar",NO
239,ELE-098,,Cinta Aislante Titatium,Eléctricos e Iluminación,MTR,MTR,Metro,0.0,0.0,0.0,19,GRAVADO,00,,tarifa general del articulo 437 E.T.,01,0.0,True,"material que se vende por longitud; confirmar si es metro lineal; criterio ""baja"": confirmar el articulo aplicado; precio en cero: revisar antes de importar",NO
240,ELE-099,,Cinta Aislante 3M,Eléctricos e Iluminación,MTR,MTR,Metro,0.0,0.0,0.0,19,GRAVADO,00,,tarifa general del articulo 437 E.T.,01,0.0,True,"criterio ""baja"": confirmar el articulo aplicado; precio en cero: revisar antes de importar",NO
241,ELE-100,,Cinta Aislante Cellux,Eléctricos e Iluminación,MTR,MTR,Metro,0.0,0.0,0.0,19,GRAVADO,00,,tarifa general del articulo 437 E.T.,01,0.0,True,"material que se vende por longitud; confirmar si es metro lineal; criterio ""baja"": confirmar el articulo aplicado; precio en cero: revisar antes de importar",NO
242,ELE-101,,Cinta Aislante Cellux,Eléctricos e Iluminación,MTR,MTR,Metro,0.0,0.0,0.0,19,GRAVADO,00,,tarifa general del articulo 437 E.T.,01,0.0,True,"material que se vende por longitud; confirmar si es metro lineal; criterio ""baja"": confirmar el articulo aplicado; precio en cero: revisar antes de importar; el mismo nombre ya existe con otro precio (0.0)",NO
243,ELE-102,,Cinta Aislante Mercury,Eléctricos e Iluminación,MTR,MTR,Metro,0.0,0.0,0.0,19,GRAVADO,00,,tarifa general del articulo 437 E.T.,01,0.0,True,"material que se vende por longitud; confirmar si es metro lineal; criterio ""baja"": confirmar el articulo aplicado; precio en cero: revisar antes de importar",NO
244,ELE-103,,Cinta Aislante Mercury,Eléctricos e Iluminación,MTR,MTR,Metro,0.0,0.0,0.0,19,GRAVADO,00,,tarifa general del articulo 437 E.T.,01,0.0,True,"material que se vende por longitud; confirmar si es metro lineal; criterio ""baja"": confirmar el articulo aplicado; precio en cero: revisar antes de importar; el mismo nombre ya existe con otro precio (0.0)",NO
245,ELE-104,,Cinta Aislante Osblack,Eléctricos e Iluminación,MTR,MTR,Metro,0.0,0.0,0.0,19,GRAVADO,00,,tarifa general del articulo 437 E.T.,01,0.0,True,"material que se vende por longitud; confirmar si es metro lineal; criterio ""baja"": confirmar el articulo aplicado; precio en cero: revisar antes de importar",NO
247,ELE-105,,Juego Broca Escalonada,Eléctricos e Iluminación,SET,SET,Juego/Conjunto,0.0,0.0,0.0,19,GRAVADO,00,,tarifa general del articulo 437 E.T.,01,0.0,True,"criterio ""baja"": confirmar el articulo aplicado; precio en cero: revisar antes de importar",NO
276,ELE-106,,"Llave universal para amoladora, pulidora...",Eléctricos e Iluminación,NIU,94,Unidad,0.0,0.0,0.0,19,GRAVADO,00,,tarifa general del articulo 437 E.T.,01,0.0,True,"criterio ""baja"": confirmar el articulo aplicado; precio en cero: revisar antes de importar",NO
285,ELE-107,,Casco de proteccion,Eléctricos e Iluminación,NIU,94,Unidad,0.0,0.0,0.0,19,GRAVADO,00,,tarifa general del articulo 437 E.T.,01,0.0,True,"criterio ""baja"": confirmar el articulo aplicado; producto de la lista de verificacion manual (pinturas, metales, electricos, EPP o adhesion); precio en cero: revisar antes de importar",NO
312,ELE-108,,Caja de luz gris,Eléctricos e Iluminación,BX,BX,Caja,0.0,0.0,0.0,19,GRAVADO,00,,tarifa general del articulo 437 E.T.,01,0.0,True,"criterio ""baja"": confirmar el articulo aplicado; precio en cero: revisar antes de importar",NO
314,ELE-109,,Disco de corte wurth,Eléctricos e Iluminación,NIU,94,Unidad,0.0,0.0,0.0,19,GRAVADO,00,,tarifa general del articulo 437 E.T.,01,0.0,True,"criterio ""baja"": confirmar el articulo aplicado; precio en cero: revisar antes de importar",NO
340,ELE-110,,Electrodos Revestidos E6013,Eléctricos e Iluminación,NIU,94,Unidad,0.0,0.0,0.0,19,GRAVADO,00,,tarifa general del articulo 437 E.T.,01,0.0,True,"criterio ""baja"": confirmar el articulo aplicado; precio en cero: revisar antes de importar",NO
341,ELE-111,,Electrodos Revestidos E7018,Eléctricos e Iluminación,NIU,94,Unidad,0.0,0.0,0.0,19,GRAVADO,00,,tarifa general del articulo 437 E.T.,01,0.0,True,"criterio ""baja"": confirmar el articulo aplicado; precio en cero: revisar antes de importar",NO
352,ELE-112,,Cuchilla de guadaña bellota,Eléctricos e Iluminación,NIU,94,Unidad,0.0,0.0,0.0,19,GRAVADO,00,,tarifa general del articulo 437 E.T.,01,0.0,True,"criterio ""baja"": confirmar el articulo aplicado; precio en cero: revisar antes de importar",NO
362,ELE-113,,Caja de luz gris,Eléctricos e Iluminación,BX,BX,Caja,0.0,0.0,0.0,19,GRAVADO,00,,tarifa general del articulo 437 E.T.,01,0.0,True,"criterio ""baja"": confirmar el articulo aplicado; precio en cero: revisar antes de importar; el mismo nombre ya existe con otro precio (0.0)",NO
363,ELE-114,,Caja de luz gris heptagonal,Eléctricos e Iluminación,BX,BX,Caja,0.0,0.0,0.0,19,GRAVADO,00,,tarifa general del articulo 437 E.T.,01,0.0,True,"criterio ""baja"": confirmar el articulo aplicado; precio en cero: revisar antes de importar",NO
400,ELE-115,,Lampara unifer de incrustar redonda de 18W,Eléctricos e Iluminación,NIU,94,Unidad,0.0,0.0,0.0,19,GRAVADO,00,,tarifa general del articulo 437 E.T.,01,0.0,True,"criterio ""baja"": confirmar el articulo aplicado; producto de la lista de verificacion manual (pinturas, metales, electricos, EPP o adhesion); precio en cero: revisar antes de importar",NO
496,ELE-116,,Caja / Tablero de Distribución Eléctrica sobreponer o empotrar (2 Circuitos / Espacios),Eléctricos e Iluminación,BX,BX,Caja,0.0,0.0,0.0,19,GRAVADO,00,,tarifa general del articulo 437 E.T.,01,0.0,True,"criterio ""baja"": confirmar el articulo aplicado; precio en cero: revisar antes de importar",NO
497,ELE-117,,Tablero Bifásico 8P Tapa / Puerta Metálica Industrial Mercury (Línea Promax),Eléctricos e Iluminación,NIU,94,Unidad,0.0,0.0,0.0,19,GRAVADO,00,,tarifa general del articulo 437 E.T.,01,0.0,True,"criterio ""baja"": confirmar el articulo aplicado; precio en cero: revisar antes de importar",NO
498,ELE-118,,Tablero Monofásico 8P Tapa Lisa Metálica Mercury (Línea Promax),Eléctricos e Iluminación,NIU,94,Unidad,0.0,0.0,0.0,19,GRAVADO,00,,tarifa general del articulo 437 E.T.,01,0.0,True,"criterio ""baja"": confirmar el articulo aplicado; precio en cero: revisar antes de importar",NO
500,ELE-119,,Tablero Monofásico 6P Tapa Lisa Metálica Mercury (Línea Promax),Eléctricos e Iluminación,NIU,94,Unidad,0.0,0.0,0.0,19,GRAVADO,00,,tarifa general del articulo 437 E.T.,01,0.0,True,"criterio ""baja"": confirmar el articulo aplicado; precio en cero: revisar antes de importar",NO
655,ELE-120,,Tubo conduit verde,Eléctricos e Iluminación,MTR,MTR,Metro,0.0,0.0,0.0,19,GRAVADO,00,,tarifa general del articulo 437 E.T.,01,0.0,True,"material que se vende por longitud; confirmar si es metro lineal; criterio ""baja"": confirmar el articulo aplicado; precio en cero: revisar antes de importar",NO
656,ELE-121,,Tubo conduit verde,Eléctricos e Iluminación,MTR,MTR,Metro,0.0,0.0,0.0,19,GRAVADO,00,,tarifa general del articulo 437 E.T.,01,0.0,True,"material que se vende por longitud; confirmar si es metro lineal; criterio ""baja"": confirmar el articulo aplicado; precio en cero: revisar antes de importar; el mismo nombre ya existe con otro precio (0.0)",NO
657,ELE-122,,Tubo conduit verde,Eléctricos e Iluminación,MTR,MTR,Metro,0.0,0.0,0.0,19,GRAVADO,00,,tarifa general del articulo 437 E.T.,01,0.0,True,"material que se vende por longitud; confirmar si es metro lineal; criterio ""baja"": confirmar el articulo aplicado; precio en cero: revisar antes de importar; el mismo nombre ya existe con otro precio (0.0)",NO
660,ELE-123,,Tubo conduit gris,Eléctricos e Iluminación,MTR,MTR,Metro,0.0,0.0,0.0,19,GRAVADO,00,,tarifa general del articulo 437 E.T.,01,0.0,True,"material que se vende por longitud; confirmar si es metro lineal; criterio ""baja"": confirmar el articulo aplicado; precio en cero: revisar antes de importar",NO
661,ELE-124,,Tubo conduit gris,Eléctricos e Iluminación,MTR,MTR,Metro,0.0,0.0,0.0,19,GRAVADO,00,,tarifa general del articulo 437 E.T.,01,0.0,True,"material que se vende por longitud; confirmar si es metro lineal; criterio ""baja"": confirmar el articulo aplicado; precio en cero: revisar antes de importar; el mismo nombre ya existe con otro precio (0.0)",NO
41,FIJ-001,,Abrazaderas metalicas,"Fijación, Tornillería y Herrajes",NIU,94,Unidad,0.0,0.0,0.0,19,GRAVADO,00,,tarifa general del articulo 437 E.T.,01,0.0,True,"criterio ""baja"": confirmar el articulo aplicado; precio en cero: revisar antes de importar",NO
42,FIJ-002,,Abrazadera metálicas,"Fijación, Tornillería y Herrajes",NIU,94,Unidad,0.0,0.0,0.0,19,GRAVADO,00,,tarifa general del articulo 437 E.T.,01,0.0,True,"criterio ""baja"": confirmar el articulo aplicado; precio en cero: revisar antes de importar",NO
43,FIJ-003,,Abrazaderas metálicas,"Fijación, Tornillería y Herrajes",NIU,94,Unidad,0.0,0.0,0.0,19,GRAVADO,00,,tarifa general del articulo 437 E.T.,01,0.0,True,"criterio ""baja"": confirmar el articulo aplicado; precio en cero: revisar antes de importar; el mismo nombre ya existe con otro precio (0.0)",NO
44,FIJ-004,,Abrazadera metálica,"Fijación, Tornillería y Herrajes",NIU,94,Unidad,0.0,0.0,0.0,19,GRAVADO,00,,tarifa general del articulo 437 E.T.,01,0.0,True,"criterio ""baja"": confirmar el articulo aplicado; precio en cero: revisar antes de importar",NO
45,FIJ-005,,Abrazadera metálica,"Fijación, Tornillería y Herrajes",NIU,94,Unidad,0.0,0.0,0.0,19,GRAVADO,00,,tarifa general del articulo 437 E.T.,01,0.0,True,"criterio ""baja"": confirmar el articulo aplicado; precio en cero: revisar antes de importar; el mismo nombre ya existe con otro precio (0.0)",NO
46,FIJ-006,,Abrazadera metálica,"Fijación, Tornillería y Herrajes",NIU,94,Unidad,0.0,0.0,0.0,19,GRAVADO,00,,tarifa general del articulo 437 E.T.,01,0.0,True,"criterio ""baja"": confirmar el articulo aplicado; precio en cero: revisar antes de importar; el mismo nombre ya existe con otro precio (0.0)",NO
47,FIJ-007,,Abrazadera metalica,"Fijación, Tornillería y Herrajes",NIU,94,Unidad,0.0,0.0,0.0,19,GRAVADO,00,,tarifa general del articulo 437 E.T.,01,0.0,True,"criterio ""baja"": confirmar el articulo aplicado; precio en cero: revisar antes de importar; el mismo nombre ya existe con otro precio (0.0)",NO
48,FIJ-008,,Abrazadera metálica,"Fijación, Tornillería y Herrajes",NIU,94,Unidad,0.0,0.0,0.0,19,GRAVADO,00,,tarifa general del articulo 437 E.T.,01,0.0,True,"criterio ""baja"": confirmar el articulo aplicado; precio en cero: revisar antes de importar; el mismo nombre ya existe con otro precio (0.0)",NO
49,FIJ-009,,Abrazadera metálica,"Fijación, Tornillería y Herrajes",NIU,94,Unidad,0.0,0.0,0.0,19,GRAVADO,00,,tarifa general del articulo 437 E.T.,01,0.0,True,"criterio ""baja"": confirmar el articulo aplicado; precio en cero: revisar antes de importar; el mismo nombre ya existe con otro precio (0.0)",NO
50,FIJ-010,,Abrazadera metálica,"Fijación, Tornillería y Herrajes",NIU,94,Unidad,0.0,0.0,0.0,19,GRAVADO,00,,tarifa general del articulo 437 E.T.,01,0.0,True,"criterio ""baja"": confirmar el articulo aplicado; precio en cero: revisar antes de importar; el mismo nombre ya existe con otro precio (0.0)",NO
51,FIJ-011,,Abrazadera metálica,"Fijación, Tornillería y Herrajes",NIU,94,Unidad,0.0,0.0,0.0,19,GRAVADO,00,,tarifa general del articulo 437 E.T.,01,0.0,True,"criterio ""baja"": confirmar el articulo aplicado; precio en cero: revisar antes de importar; el mismo nombre ya existe con otro precio (0.0)",NO
284,FIJ-012,,Tensor galvanizado,"Fijación, Tornillería y Herrajes",NIU,94,Unidad,0.0,0.0,0.0,19,GRAVADO,00,,tarifa general del articulo 437 E.T.,01,0.0,True,"criterio ""baja"": confirmar el articulo aplicado; producto de la lista de verificacion manual (pinturas, metales, electricos, EPP o adhesion); precio en cero: revisar antes de importar",NO
364,FIJ-013,,Pie de amigo pequeño,"Fijación, Tornillería y Herrajes",NIU,94,Unidad,3000.0,2521.01,478.99,19,GRAVADO,00,,tarifa general del articulo 437 E.T.,01,0.0,True,"criterio ""baja"": confirmar el articulo aplicado",NO
365,FIJ-014,,Pie de amigo mediano,"Fijación, Tornillería y Herrajes",NIU,94,Unidad,3800.0,3193.28,606.72,19,GRAVADO,00,,tarifa general del articulo 437 E.T.,01,0.0,True,"criterio ""baja"": confirmar el articulo aplicado",NO
366,FIJ-015,,Pie de amigo grande,"Fijación, Tornillería y Herrajes",NIU,94,Unidad,4200.0,3529.41,670.59,19,GRAVADO,00,,tarifa general del articulo 437 E.T.,01,0.0,True,"criterio ""baja"": confirmar el articulo aplicado",NO
368,FIJ-016,,Puntilla de Hierro con Cabeza C.A. Mejia & CÍA S.A.S 500g,"Fijación, Tornillería y Herrajes",NIU,94,Unidad,5500.0,4621.85,878.15,19,GRAVADO,00,,tarifa general del articulo 437 E.T.,01,0.0,True,"criterio ""baja"": confirmar el articulo aplicado",NO
369,FIJ-017,,Puntilla de Hierro con Cabeza C.A. Mejia & CÍA S.A.S 400g,"Fijación, Tornillería y Herrajes",NIU,94,Unidad,4800.0,4033.61,766.39,19,GRAVADO,00,,tarifa general del articulo 437 E.T.,01,0.0,True,"criterio ""baja"": confirmar el articulo aplicado",NO
370,FIJ-018,,Puntilla de Hierro con Cabeza C.A. Mejia & CÍA S.A.S 400g,"Fijación, Tornillería y Herrajes",NIU,94,Unidad,4800.0,4033.61,766.39,19,GRAVADO,00,,tarifa general del articulo 437 E.T.,01,0.0,True,"criterio ""baja"": confirmar el articulo aplicado; el mismo nombre ya existe con otro precio (4800.0)",NO
371,FIJ-019,,Puntilla de Hierro con Cabeza C.A. Mejia & CÍA S.A.S 400g,"Fijación, Tornillería y Herrajes",NIU,94,Unidad,6000.0,5042.02,957.98,19,GRAVADO,00,,tarifa general del articulo 437 E.T.,01,0.0,True,"criterio ""baja"": confirmar el articulo aplicado; el mismo nombre ya existe con otro precio (4800.0)",NO
372,FIJ-020,,Puntilla de Hierro con Cabeza C.A. Mejia & CÍA S.A.S 400g,"Fijación, Tornillería y Herrajes",NIU,94,Unidad,6000.0,5042.02,957.98,19,GRAVADO,00,,tarifa general del articulo 437 E.T.,01,0.0,True,"criterio ""baja"": confirmar el articulo aplicado; el mismo nombre ya existe con otro precio (4800.0)",NO
373,FIJ-021,,Puntilla de Hierro sin Cabeza C.A. Mejia & CÍA S.A.S 400g,"Fijación, Tornillería y Herrajes",NIU,94,Unidad,5800.0,4873.95,926.05,19,GRAVADO,00,,tarifa general del articulo 437 E.T.,01,0.0,True,"criterio ""baja"": confirmar el articulo aplicado",NO
374,FIJ-022,,Puntilla de Hierro sin Cabeza C.A. Mejia & CÍA S.A.S 400g,"Fijación, Tornillería y Herrajes",NIU,94,Unidad,5000.0,4201.68,798.32,19,GRAVADO,00,,tarifa general del articulo 437 E.T.,01,0.0,True,"criterio ""baja"": confirmar el articulo aplicado; el mismo nombre ya existe con otro precio (5800.0)",NO
375,FIJ-023,,Puntilla de Hierro con Cabeza Puma 400g,"Fijación, Tornillería y Herrajes",NIU,94,Unidad,5800.0,4873.95,926.05,19,GRAVADO,00,,tarifa general del articulo 437 E.T.,01,0.0,True,"criterio ""baja"": confirmar el articulo aplicado",NO
376,FIJ-024,,Puntilla de Hierro con Cabeza Puma 400g,"Fijación, Tornillería y Herrajes",NIU,94,Unidad,5000.0,4201.68,798.32,19,GRAVADO,00,,tarifa general del articulo 437 E.T.,01,0.0,True,"criterio ""baja"": confirmar el articulo aplicado; el mismo nombre ya existe con otro precio (5800.0)",NO
377,FIJ-025,,Puntilla de Hierro con Cabeza Puma,"Fijación, Tornillería y Herrajes",NIU,94,Unidad,5000.0,4201.68,798.32,19,GRAVADO,00,,tarifa general del articulo 437 E.T.,01,0.0,True,"criterio ""baja"": confirmar el articulo aplicado",NO
378,FIJ-026,,Puntilla de Hierro con Cabeza Puma 500g,"Fijación, Tornillería y Herrajes",NIU,94,Unidad,5000.0,4201.68,798.32,19,GRAVADO,00,,tarifa general del articulo 437 E.T.,01,0.0,True,"criterio ""baja"": confirmar el articulo aplicado",NO
379,FIJ-027,,Puntilla de Hierro con Cabeza Puma 800g,"Fijación, Tornillería y Herrajes",NIU,94,Unidad,11000.0,9243.7,1756.3,19,GRAVADO,00,,tarifa general del articulo 437 E.T.,01,0.0,True,"criterio ""baja"": confirmar el articulo aplicado",NO
380,FIJ-028,,Puntilla de Hierro con Cabeza Corsan 400g,"Fijación, Tornillería y Herrajes",NIU,94,Unidad,4800.0,4033.61,766.39,19,GRAVADO,00,,tarifa general del articulo 437 E.T.,01,0.0,True,"criterio ""baja"": confirmar el articulo aplicado",NO
381,FIJ-029,,Grapas puma 800g,"Fijación, Tornillería y Herrajes",NIU,94,Unidad,9200.0,7731.09,1468.91,19,GRAVADO,00,,tarifa general del articulo 437 E.T.,01,0.0,True,"criterio ""baja"": confirmar el articulo aplicado",NO
382,FIJ-030,,Grapas puma 800g,"Fijación, Tornillería y Herrajes",NIU,94,Unidad,10000.0,8403.36,1596.64,19,GRAVADO,00,,tarifa general del articulo 437 E.T.,01,0.0,True,"criterio ""baja"": confirmar el articulo aplicado; el mismo nombre ya existe con otro precio (9200.0)",NO
383,FIJ-031,,Puntilla de Hierro con Cabeza Corsan 400g,"Fijación, Tornillería y Herrajes",NIU,94,Unidad,4800.0,4033.61,766.39,19,GRAVADO,00,,tarifa general del articulo 437 E.T.,01,0.0,True,"criterio ""baja"": confirmar el articulo aplicado; el mismo nombre ya existe con otro precio (4800.0)",NO
384,FIJ-032,,Clave de Acero C.A. Mejia & CÍA 1Libra,"Fijación, Tornillería y Herrajes",NIU,94,Unidad,0.0,0.0,0.0,19,GRAVADO,00,,tarifa general del articulo 437 E.T.,01,0.0,True,"criterio ""baja"": confirmar el articulo aplicado; precio en cero: revisar antes de importar",NO
385,FIJ-033,,Clave de Acero C.A. Mejia & CÍA 1Libra,"Fijación, Tornillería y Herrajes",NIU,94,Unidad,0.0,0.0,0.0,19,GRAVADO,00,,tarifa general del articulo 437 E.T.,01,0.0,True,"criterio ""baja"": confirmar el articulo aplicado; precio en cero: revisar antes de importar; el mismo nombre ya existe con otro precio (0.0)",NO
386,FIJ-034,,Clave de Acero C.A. Mejia & CÍA 1Libra,"Fijación, Tornillería y Herrajes",NIU,94,Unidad,0.0,0.0,0.0,19,GRAVADO,00,,tarifa general del articulo 437 E.T.,01,0.0,True,"criterio ""baja"": confirmar el articulo aplicado; precio en cero: revisar antes de importar; el mismo nombre ya existe con otro precio (0.0)",NO
387,FIJ-035,,Clave de Acero C.A. Mejia & CÍA 1Libra,"Fijación, Tornillería y Herrajes",NIU,94,Unidad,0.0,0.0,0.0,19,GRAVADO,00,,tarifa general del articulo 437 E.T.,01,0.0,True,"criterio ""baja"": confirmar el articulo aplicado; precio en cero: revisar antes de importar; el mismo nombre ya existe con otro precio (0.0)",NO
388,FIJ-036,,Clave de Acero C.A. Mejia & CÍA 1Libra,"Fijación, Tornillería y Herrajes",NIU,94,Unidad,0.0,0.0,0.0,19,GRAVADO,00,,tarifa general del articulo 437 E.T.,01,0.0,True,"criterio ""baja"": confirmar el articulo aplicado; precio en cero: revisar antes de importar; el mismo nombre ya existe con otro precio (0.0)",NO
389,FIJ-037,,Clave de Acero Vertical C.A. Mejia & CÍA 1Libra,"Fijación, Tornillería y Herrajes",NIU,94,Unidad,0.0,0.0,0.0,19,GRAVADO,00,,tarifa general del articulo 437 E.T.,01,0.0,True,"criterio ""baja"": confirmar el articulo aplicado; precio en cero: revisar antes de importar",NO
390,FIJ-038,,Clave de Acero Vertical C.A. Mejia & CÍA 1Libra,"Fijación, Tornillería y Herrajes",NIU,94,Unidad,0.0,0.0,0.0,19,GRAVADO,00,,tarifa general del articulo 437 E.T.,01,0.0,True,"criterio ""baja"": confirmar el articulo aplicado; precio en cero: revisar antes de importar; el mismo nombre ya existe con otro precio (0.0)",NO
391,FIJ-039,,Clave de Acero Corsan 1Libra,"Fijación, Tornillería y Herrajes",NIU,94,Unidad,0.0,0.0,0.0,19,GRAVADO,00,,tarifa general del articulo 437 E.T.,01,0.0,True,"criterio ""baja"": confirmar el articulo aplicado; precio en cero: revisar antes de importar",NO
392,FIJ-040,,Tornillo Drywall C.A. Mejía & Cía.,"Fijación, Tornillería y Herrajes",NIU,94,Unidad,60.0,50.42,9.58,19,GRAVADO,00,,tarifa general del articulo 437 E.T.,01,0.0,True,"criterio ""baja"": confirmar el articulo aplicado",NO
393,FIJ-041,,Tornillo Drywall C.A. Mejía & Cía.,"Fijación, Tornillería y Herrajes",NIU,94,Unidad,50.0,42.02,7.98,19,GRAVADO,00,,tarifa general del articulo 437 E.T.,01,0.0,True,"criterio ""baja"": confirmar el articulo aplicado; el mismo nombre ya existe con otro precio (60.0)",NO
394,FIJ-042,,Tornillo Drywall C.A. Mejía & Cía.,"Fijación, Tornillería y Herrajes",NIU,94,Unidad,70.0,58.82,11.18,19,GRAVADO,00,,tarifa general del articulo 437 E.T.,01,0.0,True,"criterio ""baja"": confirmar el articulo aplicado; el mismo nombre ya existe con otro precio (60.0)",NO
395,FIJ-043,,Tornillo Drywall C.A. Mejía & Cía.,"Fijación, Tornillería y Herrajes",NIU,94,Unidad,90.0,75.63,14.37,19,GRAVADO,00,,tarifa general del articulo 437 E.T.,01,0.0,True,"criterio ""baja"": confirmar el articulo aplicado; el mismo nombre ya existe con otro precio (60.0)",NO
396,FIJ-044,,Tornillo Drywall C.A. Mejía & Cía.,"Fijación, Tornillería y Herrajes",NIU,94,Unidad,80.0,67.23,12.77,19,GRAVADO,00,,tarifa general del articulo 437 E.T.,01,0.0,True,"criterio ""baja"": confirmar el articulo aplicado; el mismo nombre ya existe con otro precio (60.0)",NO
398,FIJ-045,,Tornillo Drywall C.A. Mejía & Cía.,"Fijación, Tornillería y Herrajes",NIU,94,Unidad,50.0,42.02,7.98,19,GRAVADO,00,,tarifa general del articulo 437 E.T.,01,0.0,True,"criterio ""baja"": confirmar el articulo aplicado; el mismo nombre ya existe con otro precio (60.0)",NO
399,FIJ-046,,Tornillo Cabeza Extraplana Punta Broca C.A. Mejía & Cía.,"Fijación, Tornillería y Herrajes",NIU,94,Unidad,35.0,29.41,5.59,19,GRAVADO,00,,tarifa general del articulo 437 E.T.,01,0.0,True,"criterio ""baja"": confirmar el articulo aplicado",NO
461,FIJ-047,,Juego de Soportes SeniPlast / Azafatas Plásticas para Lavamanos (incluye chazos y tornillos),"Fijación, Tornillería y Herrajes",SET,SET,Juego/Conjunto,0.0,0.0,0.0,19,GRAVADO,00,,tarifa general del articulo 437 E.T.,01,0.0,True,"criterio ""baja"": confirmar el articulo aplicado; producto de la lista de verificacion manual (pinturas, metales, electricos, EPP o adhesion); precio en cero: revisar antes de importar",NO
527,FIJ-048,,Remache ciego,"Fijación, Tornillería y Herrajes",NIU,94,Unidad,150.0,126.05,23.95,19,GRAVADO,00,,tarifa general del articulo 437 E.T.,01,0.0,True,"criterio ""baja"": confirmar el articulo aplicado",NO
528,FIJ-049,,Remache ciego,"Fijación, Tornillería y Herrajes",NIU,94,Unidad,150.0,126.05,23.95,19,GRAVADO,00,,tarifa general del articulo 437 E.T.,01,0.0,True,"criterio ""baja"": confirmar el articulo aplicado; el mismo nombre ya existe con otro precio (150.0)",NO
529,FIJ-050,,Remache ciego,"Fijación, Tornillería y Herrajes",NIU,94,Unidad,100.0,84.03,15.97,19,GRAVADO,00,,tarifa general del articulo 437 E.T.,01,0.0,True,"criterio ""baja"": confirmar el articulo aplicado; el mismo nombre ya existe con otro precio (150.0)",NO
530,FIJ-051,,Remache ciego,"Fijación, Tornillería y Herrajes",NIU,94,Unidad,100.0,84.03,15.97,19,GRAVADO,00,,tarifa general del articulo 437 E.T.,01,0.0,True,"criterio ""baja"": confirmar el articulo aplicado; el mismo nombre ya existe con otro precio (150.0)",NO
531,FIJ-052,,Remache ciego,"Fijación, Tornillería y Herrajes",NIU,94,Unidad,100.0,84.03,15.97,19,GRAVADO,00,,tarifa general del articulo 437 E.T.,01,0.0,True,"criterio ""baja"": confirmar el articulo aplicado; el mismo nombre ya existe con otro precio (150.0)",NO
532,FIJ-053,,Remache ciego,"Fijación, Tornillería y Herrajes",NIU,94,Unidad,150.0,126.05,23.95,19,GRAVADO,00,,tarifa general del articulo 437 E.T.,01,0.0,True,"criterio ""baja"": confirmar el articulo aplicado; el mismo nombre ya existe con otro precio (150.0)",NO
533,FIJ-054,,Liquido de frenos wurth,"Fijación, Tornillería y Herrajes",NIU,94,Unidad,0.0,0.0,0.0,19,GRAVADO,00,,tarifa general del articulo 437 E.T.,01,0.0,True,"criterio ""baja"": confirmar el articulo aplicado; precio en cero: revisar antes de importar",NO
589,FIJ-055,,Gancho adhesivo grande,"Fijación, Tornillería y Herrajes",NIU,94,Unidad,0.0,0.0,0.0,19,GRAVADO,00,,tarifa general del articulo 437 E.T.,01,0.0,True,"criterio ""baja"": confirmar el articulo aplicado; producto de la lista de verificacion manual (pinturas, metales, electricos, EPP o adhesion); precio en cero: revisar antes de importar",NO
590,FIJ-056,,Gancho adhesivo pequeño,"Fijación, Tornillería y Herrajes",NIU,94,Unidad,0.0,0.0,0.0,19,GRAVADO,00,,tarifa general del articulo 437 E.T.,01,0.0,True,"criterio ""baja"": confirmar el articulo aplicado; producto de la lista de verificacion manual (pinturas, metales, electricos, EPP o adhesion); precio en cero: revisar antes de importar",NO
596,FIJ-057,,Arandela plana,"Fijación, Tornillería y Herrajes",NIU,94,Unidad,0.0,0.0,0.0,19,GRAVADO,00,,tarifa general del articulo 437 E.T.,01,0.0,True,"criterio ""baja"": confirmar el articulo aplicado; precio en cero: revisar antes de importar",NO
1683,FLE-001,,Flejes rectangulares 8X18 varilla 1/4,Flejes,MTR,MTR,Metro,1000.0,840.34,159.66,19,GRAVADO,00,,tarifa general del articulo 437 E.T.,01,0.0,True,"material que se vende por longitud; confirmar si es metro lineal; criterio ""baja"": confirmar el articulo aplicado",NO
1684,FLE-002,,Fleje en triangulo 8X18 varilla 1/4,Flejes,MTR,MTR,Metro,900.0,756.3,143.7,19,GRAVADO,00,,tarifa general del articulo 437 E.T.,01,0.0,True,"material que se vende por longitud; confirmar si es metro lineal; criterio ""baja"": confirmar el articulo aplicado; producto de la lista de verificacion manual (pinturas, metales, electricos, EPP o adhesion)",NO
1685,FLE-003,,Fleje cuadrado 10X10 varilla 1/4,Flejes,MTR,MTR,Metro,850.0,714.29,135.71,19,GRAVADO,00,,tarifa general del articulo 437 E.T.,01,0.0,True,"material que se vende por longitud; confirmar si es metro lineal; criterio ""baja"": confirmar el articulo aplicado; producto de la lista de verificacion manual (pinturas, metales, electricos, EPP o adhesion)",NO
1686,FLE-004,,Fleje en triangulo 10X10 varilla 1/4,Flejes,MTR,MTR,Metro,700.0,588.24,111.76,19,GRAVADO,00,,tarifa general del articulo 437 E.T.,01,0.0,True,"material que se vende por longitud; confirmar si es metro lineal; criterio ""baja"": confirmar el articulo aplicado; producto de la lista de verificacion manual (pinturas, metales, electricos, EPP o adhesion)",NO
1687,FLE-005,,Fleje cuadrado 12x12 varilla 1/4,Flejes,MTR,MTR,Metro,1000.0,840.34,159.66,19,GRAVADO,00,,tarifa general del articulo 437 E.T.,01,0.0,True,"material que se vende por longitud; confirmar si es metro lineal; criterio ""baja"": confirmar el articulo aplicado; producto de la lista de verificacion manual (pinturas, metales, electricos, EPP o adhesion)",NO
1688,FLE-006,,Fleje cuadrado 15x15 varilla 1/4,Flejes,MTR,MTR,Metro,1100.0,924.37,175.63,19,GRAVADO,00,,tarifa general del articulo 437 E.T.,01,0.0,True,"material que se vende por longitud; confirmar si es metro lineal; criterio ""baja"": confirmar el articulo aplicado; producto de la lista de verificacion manual (pinturas, metales, electricos, EPP o adhesion)",NO
1689,FLE-007,,Fleje rectangular 7X15 varilla 1/4,Flejes,MTR,MTR,Metro,900.0,756.3,143.7,19,GRAVADO,00,,tarifa general del articulo 437 E.T.,01,0.0,True,"material que se vende por longitud; confirmar si es metro lineal; criterio ""baja"": confirmar el articulo aplicado; producto de la lista de verificacion manual (pinturas, metales, electricos, EPP o adhesion)",NO
1690,FLE-008,,Fleje de triangulo 7X15 varilla 1/4,Flejes,MTR,MTR,Metro,850.0,714.29,135.71,19,GRAVADO,00,,tarifa general del articulo 437 E.T.,01,0.0,True,"material que se vende por longitud; confirmar si es metro lineal; criterio ""baja"": confirmar el articulo aplicado; producto de la lista de verificacion manual (pinturas, metales, electricos, EPP o adhesion)",NO
1691,FLE-009,,Fleje cuadrado 18X18 varilla 1/4,Flejes,MTR,MTR,Metro,1250.0,1050.42,199.58,19,GRAVADO,00,,tarifa general del articulo 437 E.T.,01,0.0,True,"material que se vende por longitud; confirmar si es metro lineal; criterio ""baja"": confirmar el articulo aplicado; producto de la lista de verificacion manual (pinturas, metales, electricos, EPP o adhesion)",NO
1692,FLE-010,,Fleje cuadrado 16X16 varilla 1/4,Flejes,MTR,MTR,Metro,1250.0,1050.42,199.58,19,GRAVADO,00,,tarifa general del articulo 437 E.T.,01,0.0,True,"material que se vende por longitud; confirmar si es metro lineal; criterio ""baja"": confirmar el articulo aplicado; producto de la lista de verificacion manual (pinturas, metales, electricos, EPP o adhesion)",NO
1693,FLE-011,,Fleje en C 8 cm,Flejes,NIU,94,Unidad,400.0,336.13,63.87,19,GRAVADO,00,,tarifa general del articulo 437 E.T.,01,0.0,True,"criterio ""baja"": confirmar el articulo aplicado; producto de la lista de verificacion manual (pinturas, metales, electricos, EPP o adhesion)",NO
1694,FLE-012,,Fleje en C 10cm,Flejes,NIU,94,Unidad,450.0,378.15,71.85,19,GRAVADO,00,,tarifa general del articulo 437 E.T.,01,0.0,True,"criterio ""baja"": confirmar el articulo aplicado; producto de la lista de verificacion manual (pinturas, metales, electricos, EPP o adhesion)",NO
1695,FLE-013,,Fleje en C 12cm,Flejes,NIU,94,Unidad,500.0,420.17,79.83,19,GRAVADO,00,,tarifa general del articulo 437 E.T.,01,0.0,True,"criterio ""baja"": confirmar el articulo aplicado; producto de la lista de verificacion manual (pinturas, metales, electricos, EPP o adhesion)",NO
1696,FLE-014,,Fleje en C 15cm,Flejes,NIU,94,Unidad,600.0,504.2,95.8,19,GRAVADO,00,,tarifa general del articulo 437 E.T.,01,0.0,True,"criterio ""baja"": confirmar el articulo aplicado; producto de la lista de verificacion manual (pinturas, metales, electricos, EPP o adhesion)",NO
1697,FLE-015,,Fleje en C 20cm,Flejes,NIU,94,Unidad,800.0,672.27,127.73,19,GRAVADO,00,,tarifa general del articulo 437 E.T.,01,0.0,True,"criterio ""baja"": confirmar el articulo aplicado; producto de la lista de verificacion manual (pinturas, metales, electricos, EPP o adhesion)",NO
1698,FLE-016,,Fleje rectangular 8X18 9mm,Flejes,NIU,94,Unidad,1500.0,1260.5,239.5,19,GRAVADO,00,,tarifa general del articulo 437 E.T.,01,0.0,True,"criterio ""baja"": confirmar el articulo aplicado; producto de la lista de verificacion manual (pinturas, metales, electricos, EPP o adhesion)",NO
1699,FLE-017,,Fleje cuadrado 15X15 9mm,Flejes,NIU,94,Unidad,1750.0,1470.59,279.41,19,GRAVADO,00,,tarifa general del articulo 437 E.T.,01,0.0,True,"criterio ""baja"": confirmar el articulo aplicado; producto de la lista de verificacion manual (pinturas, metales, electricos, EPP o adhesion)",NO
1700,FLE-018,,Fleje cuadrado 16x16 9mm,Flejes,NIU,94,Unidad,1900.0,1596.64,303.36,19,GRAVADO,00,,tarifa general del articulo 437 E.T.,01,0.0,True,"criterio ""baja"": confirmar el articulo aplicado; producto de la lista de verificacion manual (pinturas, metales, electricos, EPP o adhesion)",NO
1701,FLE-019,,Fleje cuadrado 18X18 9mm,Flejes,NIU,94,Unidad,2200.0,1848.74,351.26,19,GRAVADO,00,,tarifa general del articulo 437 E.T.,01,0.0,True,"criterio ""baja"": confirmar el articulo aplicado; producto de la lista de verificacion manual (pinturas, metales, electricos, EPP o adhesion)",NO
1702,FLE-020,,Fleje cuadrado 20x20 9mm,Flejes,NIU,94,Unidad,2350.0,1974.79,375.21,19,GRAVADO,00,,tarifa general del articulo 437 E.T.,01,0.0,True,"criterio ""baja"": confirmar el articulo aplicado; producto de la lista de verificacion manual (pinturas, metales, electricos, EPP o adhesion)",NO
1703,FLE-021,,Fleje cuadrado 25x25 9mm,Flejes,NIU,94,Unidad,2800.0,2352.94,447.06,19,GRAVADO,00,,tarifa general del articulo 437 E.T.,01,0.0,True,"criterio ""baja"": confirmar el articulo aplicado; producto de la lista de verificacion manual (pinturas, metales, electricos, EPP o adhesion)",NO
1704,FLE-022,,Fleje rectangular 20X25 9mm,Flejes,NIU,94,Unidad,2700.0,2268.91,431.09,19,GRAVADO,00,,tarifa general del articulo 437 E.T.,01,0.0,True,"criterio ""baja"": confirmar el articulo aplicado; producto de la lista de verificacion manual (pinturas, metales, electricos, EPP o adhesion)",NO
1705,FLE-023,,Fleje rectangular 15X20 9mm,Flejes,NIU,94,Unidad,2200.0,1848.74,351.26,19,GRAVADO,00,,tarifa general del articulo 437 E.T.,01,0.0,True,"criterio ""baja"": confirmar el articulo aplicado; producto de la lista de verificacion manual (pinturas, metales, electricos, EPP o adhesion)",NO
1706,FLE-024,,Fleje cuadrado 30X30 9mm,Flejes,NIU,94,Unidad,3400.0,2857.14,542.86,19,GRAVADO,00,,tarifa general del articulo 437 E.T.,01,0.0,True,"criterio ""baja"": confirmar el articulo aplicado; producto de la lista de verificacion manual (pinturas, metales, electricos, EPP o adhesion)",NO
1707,FLE-025,,Fleje rectangular 25X30 9mm,Flejes,NIU,94,Unidad,3200.0,2689.08,510.92,19,GRAVADO,00,,tarifa general del articulo 437 E.T.,01,0.0,True,"criterio ""baja"": confirmar el articulo aplicado; producto de la lista de verificacion manual (pinturas, metales, electricos, EPP o adhesion)",NO
1708,FLE-026,,Flejes en C 10CM 9MM,Flejes,NIU,94,Unidad,700.0,588.24,111.76,19,GRAVADO,00,,tarifa general del articulo 437 E.T.,01,0.0,True,"criterio ""baja"": confirmar el articulo aplicado",NO
1709,FLE-027,,Flejes en C 12CM 9MM,Flejes,NIU,94,Unidad,800.0,672.27,127.73,19,GRAVADO,00,,tarifa general del articulo 437 E.T.,01,0.0,True,"criterio ""baja"": confirmar el articulo aplicado",NO
1710,FLE-028,,Flejes en C 15CM 9MM,Flejes,NIU,94,Unidad,900.0,756.3,143.7,19,GRAVADO,00,,tarifa general del articulo 437 E.T.,01,0.0,True,"criterio ""baja"": confirmar el articulo aplicado",NO
1711,FLE-029,,Flejes en C 20 CM 9MM,Flejes,NIU,94,Unidad,1000.0,840.34,159.66,19,GRAVADO,00,,tarifa general del articulo 437 E.T.,01,0.0,True,"criterio ""baja"": confirmar el articulo aplicado",NO
1786,FLE-030,,Flejes rectangulares,Flejes,NIU,94,Unidad,1000.0,840.34,159.66,19,GRAVADO,00,,tarifa general del articulo 437 E.T.,01,0.0,True,"criterio ""baja"": confirmar el articulo aplicado",NO
1787,FLE-031,,Fleje en triangulo,Flejes,NIU,94,Unidad,900.0,756.3,143.7,19,GRAVADO,00,,tarifa general del articulo 437 E.T.,01,0.0,True,"criterio ""baja"": confirmar el articulo aplicado; producto de la lista de verificacion manual (pinturas, metales, electricos, EPP o adhesion)",NO
1788,FLE-032,,Fleje cuadrado,Flejes,NIU,94,Unidad,850.0,714.29,135.71,19,GRAVADO,00,,tarifa general del articulo 437 E.T.,01,0.0,True,"criterio ""baja"": confirmar el articulo aplicado; producto de la lista de verificacion manual (pinturas, metales, electricos, EPP o adhesion)",NO
1789,FLE-033,,Fleje en triangulo,Flejes,NIU,94,Unidad,700.0,588.24,111.76,19,GRAVADO,00,,tarifa general del articulo 437 E.T.,01,0.0,True,"criterio ""baja"": confirmar el articulo aplicado; producto de la lista de verificacion manual (pinturas, metales, electricos, EPP o adhesion); el mismo nombre ya existe con otro precio (900.0)",NO
1790,FLE-034,,Fleje cuadrado,Flejes,NIU,94,Unidad,1000.0,840.34,159.66,19,GRAVADO,00,,tarifa general del articulo 437 E.T.,01,0.0,True,"criterio ""baja"": confirmar el articulo aplicado; producto de la lista de verificacion manual (pinturas, metales, electricos, EPP o adhesion); el mismo nombre ya existe con otro precio (850.0)",NO
1791,FLE-035,,Fleje cuadrado,Flejes,NIU,94,Unidad,1100.0,924.37,175.63,19,GRAVADO,00,,tarifa general del articulo 437 E.T.,01,0.0,True,"criterio ""baja"": confirmar el articulo aplicado; producto de la lista de verificacion manual (pinturas, metales, electricos, EPP o adhesion); el mismo nombre ya existe con otro precio (850.0)",NO
1792,FLE-036,,Fleje rectangular,Flejes,NIU,94,Unidad,900.0,756.3,143.7,19,GRAVADO,00,,tarifa general del articulo 437 E.T.,01,0.0,True,"criterio ""baja"": confirmar el articulo aplicado; producto de la lista de verificacion manual (pinturas, metales, electricos, EPP o adhesion)",NO
1793,FLE-037,,Fleje de triangulo,Flejes,NIU,94,Unidad,850.0,714.29,135.71,19,GRAVADO,00,,tarifa general del articulo 437 E.T.,01,0.0,True,"criterio ""baja"": confirmar el articulo aplicado; producto de la lista de verificacion manual (pinturas, metales, electricos, EPP o adhesion)",NO
1794,FLE-038,,Fleje cuadrado,Flejes,NIU,94,Unidad,1250.0,1050.42,199.58,19,GRAVADO,00,,tarifa general del articulo 437 E.T.,01,0.0,True,"criterio ""baja"": confirmar el articulo aplicado; producto de la lista de verificacion manual (pinturas, metales, electricos, EPP o adhesion); el mismo nombre ya existe con otro precio (850.0)",NO
1795,FLE-039,,Fleje cuadrado,Flejes,NIU,94,Unidad,1250.0,1050.42,199.58,19,GRAVADO,00,,tarifa general del articulo 437 E.T.,01,0.0,True,"criterio ""baja"": confirmar el articulo aplicado; producto de la lista de verificacion manual (pinturas, metales, electricos, EPP o adhesion); el mismo nombre ya existe con otro precio (850.0)",NO
1796,FLE-040,,Fleje en C,Flejes,NIU,94,Unidad,400.0,336.13,63.87,19,GRAVADO,00,,tarifa general del articulo 437 E.T.,01,0.0,True,"criterio ""baja"": confirmar el articulo aplicado; producto de la lista de verificacion manual (pinturas, metales, electricos, EPP o adhesion)",NO
1797,FLE-041,,Fleje en C,Flejes,NIU,94,Unidad,450.0,378.15,71.85,19,GRAVADO,00,,tarifa general del articulo 437 E.T.,01,0.0,True,"criterio ""baja"": confirmar el articulo aplicado; producto de la lista de verificacion manual (pinturas, metales, electricos, EPP o adhesion); el mismo nombre ya existe con otro precio (400.0)",NO
1798,FLE-042,,Fleje en C,Flejes,NIU,94,Unidad,500.0,420.17,79.83,19,GRAVADO,00,,tarifa general del articulo 437 E.T.,01,0.0,True,"criterio ""baja"": confirmar el articulo aplicado; producto de la lista de verificacion manual (pinturas, metales, electricos, EPP o adhesion); el mismo nombre ya existe con otro precio (400.0)",NO
1799,FLE-043,,Fleje en C,Flejes,NIU,94,Unidad,600.0,504.2,95.8,19,GRAVADO,00,,tarifa general del articulo 437 E.T.,01,0.0,True,"criterio ""baja"": confirmar el articulo aplicado; producto de la lista de verificacion manual (pinturas, metales, electricos, EPP o adhesion); el mismo nombre ya existe con otro precio (400.0)",NO
1800,FLE-044,,Fleje en C,Flejes,NIU,94,Unidad,800.0,672.27,127.73,19,GRAVADO,00,,tarifa general del articulo 437 E.T.,01,0.0,True,"criterio ""baja"": confirmar el articulo aplicado; producto de la lista de verificacion manual (pinturas, metales, electricos, EPP o adhesion); el mismo nombre ya existe con otro precio (400.0)",NO
1801,FLE-045,,Fleje rectangular,Flejes,NIU,94,Unidad,1500.0,1260.5,239.5,19,GRAVADO,00,,tarifa general del articulo 437 E.T.,01,0.0,True,"criterio ""baja"": confirmar el articulo aplicado; producto de la lista de verificacion manual (pinturas, metales, electricos, EPP o adhesion); el mismo nombre ya existe con otro precio (900.0)",NO
1802,FLE-046,,Fleje cuadrado,Flejes,NIU,94,Unidad,1750.0,1470.59,279.41,19,GRAVADO,00,,tarifa general del articulo 437 E.T.,01,0.0,True,"criterio ""baja"": confirmar el articulo aplicado; producto de la lista de verificacion manual (pinturas, metales, electricos, EPP o adhesion); el mismo nombre ya existe con otro precio (850.0)",NO
1803,FLE-047,,Fleje cuadrado,Flejes,NIU,94,Unidad,1900.0,1596.64,303.36,19,GRAVADO,00,,tarifa general del articulo 437 E.T.,01,0.0,True,"criterio ""baja"": confirmar el articulo aplicado; producto de la lista de verificacion manual (pinturas, metales, electricos, EPP o adhesion); el mismo nombre ya existe con otro precio (850.0)",NO
1804,FLE-048,,Fleje cuadrado,Flejes,NIU,94,Unidad,2200.0,1848.74,351.26,19,GRAVADO,00,,tarifa general del articulo 437 E.T.,01,0.0,True,"criterio ""baja"": confirmar el articulo aplicado; producto de la lista de verificacion manual (pinturas, metales, electricos, EPP o adhesion); el mismo nombre ya existe con otro precio (850.0)",NO
1805,FLE-049,,Fleje cuadrado,Flejes,NIU,94,Unidad,2350.0,1974.79,375.21,19,GRAVADO,00,,tarifa general del articulo 437 E.T.,01,0.0,True,"criterio ""baja"": confirmar el articulo aplicado; producto de la lista de verificacion manual (pinturas, metales, electricos, EPP o adhesion); el mismo nombre ya existe con otro precio (850.0)",NO
1806,FLE-050,,Fleje cuadrado,Flejes,NIU,94,Unidad,2800.0,2352.94,447.06,19,GRAVADO,00,,tarifa general del articulo 437 E.T.,01,0.0,True,"criterio ""baja"": confirmar el articulo aplicado; producto de la lista de verificacion manual (pinturas, metales, electricos, EPP o adhesion); el mismo nombre ya existe con otro precio (850.0)",NO
1807,FLE-051,,Fleje rectangular,Flejes,NIU,94,Unidad,2700.0,2268.91,431.09,19,GRAVADO,00,,tarifa general del articulo 437 E.T.,01,0.0,True,"criterio ""baja"": confirmar el articulo aplicado; producto de la lista de verificacion manual (pinturas, metales, electricos, EPP o adhesion); el mismo nombre ya existe con otro precio (900.0)",NO
1808,FLE-052,,Fleje rectangular,Flejes,NIU,94,Unidad,2200.0,1848.74,351.26,19,GRAVADO,00,,tarifa general del articulo 437 E.T.,01,0.0,True,"criterio ""baja"": confirmar el articulo aplicado; producto de la lista de verificacion manual (pinturas, metales, electricos, EPP o adhesion); el mismo nombre ya existe con otro precio (900.0)",NO
1809,FLE-053,,Fleje cuadrado,Flejes,NIU,94,Unidad,3400.0,2857.14,542.86,19,GRAVADO,00,,tarifa general del articulo 437 E.T.,01,0.0,True,"criterio ""baja"": confirmar el articulo aplicado; producto de la lista de verificacion manual (pinturas, metales, electricos, EPP o adhesion); el mismo nombre ya existe con otro precio (850.0)",NO
1810,FLE-054,,Fleje rectangular,Flejes,NIU,94,Unidad,3200.0,2689.08,510.92,19,GRAVADO,00,,tarifa general del articulo 437 E.T.,01,0.0,True,"criterio ""baja"": confirmar el articulo aplicado; producto de la lista de verificacion manual (pinturas, metales, electricos, EPP o adhesion); el mismo nombre ya existe con otro precio (900.0)",NO
1811,FLE-055,,Flejes en C,Flejes,NIU,94,Unidad,700.0,588.24,111.76,19,GRAVADO,00,,tarifa general del articulo 437 E.T.,01,0.0,True,"criterio ""baja"": confirmar el articulo aplicado",NO
1812,FLE-056,,Flejes en C,Flejes,NIU,94,Unidad,800.0,672.27,127.73,19,GRAVADO,00,,tarifa general del articulo 437 E.T.,01,0.0,True,"criterio ""baja"": confirmar el articulo aplicado; el mismo nombre ya existe con otro precio (700.0)",NO
1813,FLE-057,,Flejes en C,Flejes,NIU,94,Unidad,900.0,756.3,143.7,19,GRAVADO,00,,tarifa general del articulo 437 E.T.,01,0.0,True,"criterio ""baja"": confirmar el articulo aplicado; el mismo nombre ya existe con otro precio (700.0)",NO
1814,FLE-058,,Flejes en C,Flejes,NIU,94,Unidad,1000.0,840.34,159.66,19,GRAVADO,00,,tarifa general del articulo 437 E.T.,01,0.0,True,"criterio ""baja"": confirmar el articulo aplicado; el mismo nombre ya existe con otro precio (700.0)",NO
52,HER-001,,Flexómetro bellota,Herramientas Manuales,NIU,94,Unidad,7300.0,6134.45,1165.55,19,GRAVADO,00,,tarifa general del articulo 437 E.T.,01,0.0,True,"criterio ""baja"": confirmar el articulo aplicado",NO
53,HER-002,,Flexómetro bellota,Herramientas Manuales,NIU,94,Unidad,13000.0,10924.37,2075.63,19,GRAVADO,00,,tarifa general del articulo 437 E.T.,01,0.0,True,"criterio ""baja"": confirmar el articulo aplicado; el mismo nombre ya existe con otro precio (7300.0)",NO
54,HER-003,,Flexómetro total,Herramientas Manuales,NIU,94,Unidad,7000.0,5882.35,1117.65,19,GRAVADO,00,,tarifa general del articulo 437 E.T.,01,0.0,True,"criterio ""baja"": confirmar el articulo aplicado",NO
55,HER-004,,Flexómetro total,Herramientas Manuales,NIU,94,Unidad,12500.0,10504.2,1995.8,19,GRAVADO,00,,tarifa general del articulo 437 E.T.,01,0.0,True,"criterio ""baja"": confirmar el articulo aplicado; el mismo nombre ya existe con otro precio (7000.0)",NO
56,HER-005,,Flexómetro total,Herramientas Manuales,NIU,94,Unidad,19000.0,15966.39,3033.61,19,GRAVADO,00,,tarifa general del articulo 437 E.T.,01,0.0,True,"criterio ""baja"": confirmar el articulo aplicado; el mismo nombre ya existe con otro precio (7000.0)",NO
57,HER-006,,Flexómetro petrul,Herramientas Manuales,NIU,94,Unidad,10500.0,8823.53,1676.47,19,GRAVADO,00,,tarifa general del articulo 437 E.T.,01,0.0,True,"criterio ""baja"": confirmar el articulo aplicado",NO
58,HER-007,,Flexómetro petrul,Herramientas Manuales,NIU,94,Unidad,20000.0,16806.72,3193.28,19,GRAVADO,00,,tarifa general del articulo 437 E.T.,01,0.0,True,"criterio ""baja"": confirmar el articulo aplicado; el mismo nombre ya existe con otro precio (10500.0)",NO
59,HER-008,,Flexómetro lufkin,Herramientas Manuales,NIU,94,Unidad,9000.0,7563.03,1436.97,19,GRAVADO,00,,tarifa general del articulo 437 E.T.,01,0.0,True,"criterio ""baja"": confirmar el articulo aplicado",NO
60,HER-009,,Flexómetro lufkin,Herramientas Manuales,NIU,94,Unidad,27000.0,22689.08,4310.92,19,GRAVADO,00,,tarifa general del articulo 437 E.T.,01,0.0,True,"criterio ""baja"": confirmar el articulo aplicado; el mismo nombre ya existe con otro precio (9000.0)",NO
61,HER-010,,Flexómetro focci,Herramientas Manuales,NIU,94,Unidad,3500.0,2941.18,558.82,19,GRAVADO,00,,tarifa general del articulo 437 E.T.,01,0.0,True,"criterio ""baja"": confirmar el articulo aplicado",NO
62,HER-011,,Flexómetro focci,Herramientas Manuales,NIU,94,Unidad,7000.0,5882.35,1117.65,19,GRAVADO,00,,tarifa general del articulo 437 E.T.,01,0.0,True,"criterio ""baja"": confirmar el articulo aplicado; el mismo nombre ya existe con otro precio (3500.0)",NO
63,HER-012,,Flexómetro imex,Herramientas Manuales,NIU,94,Unidad,10600.0,8907.56,1692.44,19,GRAVADO,00,,tarifa general del articulo 437 E.T.,01,0.0,True,"criterio ""baja"": confirmar el articulo aplicado",NO
64,HER-013,,Flexómetro emtop,Herramientas Manuales,NIU,94,Unidad,10500.0,8823.53,1676.47,19,GRAVADO,00,,tarifa general del articulo 437 E.T.,01,0.0,True,"criterio ""baja"": confirmar el articulo aplicado",NO
65,HER-014,,Flexómetro jesko,Herramientas Manuales,NIU,94,Unidad,0.0,0.0,0.0,19,GRAVADO,00,,tarifa general del articulo 437 E.T.,01,0.0,True,"criterio ""baja"": confirmar el articulo aplicado; precio en cero: revisar antes de importar",NO
66,HER-015,,Flexómetro komelon,Herramientas Manuales,NIU,94,Unidad,21000.0,17647.06,3352.94,19,GRAVADO,00,,tarifa general del articulo 437 E.T.,01,0.0,True,"criterio ""baja"": confirmar el articulo aplicado",NO
67,HER-016,,Juego de llaves Bristol total,Herramientas Manuales,SET,SET,Juego/Conjunto,18000.0,15126.05,2873.95,19,GRAVADO,00,,tarifa general del articulo 437 E.T.,01,0.0,True,"criterio ""baja"": confirmar el articulo aplicado",NO
68,HER-017,,Juego de llaves Bristol pretul,Herramientas Manuales,SET,SET,Juego/Conjunto,10400.0,8739.5,1660.5,19,GRAVADO,00,,tarifa general del articulo 437 E.T.,01,0.0,True,"criterio ""baja"": confirmar el articulo aplicado",NO
76,HER-018,,Adaptador de copas,Herramientas Manuales,NIU,94,Unidad,6600.0,5546.22,1053.78,19,GRAVADO,00,,tarifa general del articulo 437 E.T.,01,0.0,True,"criterio ""baja"": confirmar el articulo aplicado",NO
77,HER-019,,Adaptador de copas,Herramientas Manuales,NIU,94,Unidad,6500.0,5462.18,1037.82,19,GRAVADO,00,,tarifa general del articulo 437 E.T.,01,0.0,True,"criterio ""baja"": confirmar el articulo aplicado; el mismo nombre ya existe con otro precio (6600.0)",NO
78,HER-020,,Adaptador de copas,Herramientas Manuales,NIU,94,Unidad,4000.0,3361.34,638.66,19,GRAVADO,00,,tarifa general del articulo 437 E.T.,01,0.0,True,"criterio ""baja"": confirmar el articulo aplicado; el mismo nombre ya existe con otro precio (6600.0)",NO
80,HER-021,,Rodaja de repuesto para cortadora de baldosa,Herramientas Manuales,NIU,94,Unidad,5000.0,4201.68,798.32,19,GRAVADO,00,,tarifa general del articulo 437 E.T.,01,0.0,True,"criterio ""baja"": confirmar el articulo aplicado",NO
89,HER-022,,Cuchilla de repuesto para cortadora manual de baldosa,Herramientas Manuales,NIU,94,Unidad,0.0,0.0,0.0,19,GRAVADO,00,,tarifa general del articulo 437 E.T.,01,0.0,True,"criterio ""baja"": confirmar el articulo aplicado; precio en cero: revisar antes de importar",NO
92,HER-023,,Lima gavilán,Herramientas Manuales,NIU,94,Unidad,5500.0,4621.85,878.15,19,GRAVADO,00,,tarifa general del articulo 437 E.T.,01,0.0,True,"criterio ""baja"": confirmar el articulo aplicado",NO
93,HER-024,,Lima bellota,Herramientas Manuales,NIU,94,Unidad,7800.0,6554.62,1245.38,19,GRAVADO,00,,tarifa general del articulo 437 E.T.,01,0.0,True,"criterio ""baja"": confirmar el articulo aplicado",NO
94,HER-025,,Lima tiburón,Herramientas Manuales,NIU,94,Unidad,4400.0,3697.48,702.52,19,GRAVADO,00,,tarifa general del articulo 437 E.T.,01,0.0,True,"criterio ""baja"": confirmar el articulo aplicado",NO
95,HER-026,,Lima colima,Herramientas Manuales,NIU,94,Unidad,8600.0,7226.89,1373.11,19,GRAVADO,00,,tarifa general del articulo 437 E.T.,01,0.0,True,"criterio ""baja"": confirmar el articulo aplicado",NO
96,HER-027,,Limatón bellota,Herramientas Manuales,NIU,94,Unidad,9000.0,7563.03,1436.97,19,GRAVADO,00,,tarifa general del articulo 437 E.T.,01,0.0,True,"criterio ""baja"": confirmar el articulo aplicado",NO
146,HER-028,,Rodaja de repuesto corta baldosa uduke,Herramientas Manuales,NIU,94,Unidad,3800.0,3193.28,606.72,19,GRAVADO,00,,tarifa general del articulo 437 E.T.,01,0.0,True,"criterio ""baja"": confirmar el articulo aplicado",NO
149,HER-029,,Juego de destornilladores total,Herramientas Manuales,SET,SET,Juego/Conjunto,9700.0,8151.26,1548.74,19,GRAVADO,00,,tarifa general del articulo 437 E.T.,01,0.0,True,"criterio ""baja"": confirmar el articulo aplicado",NO
151,HER-030,,Cinta métrica de fibra,Herramientas Manuales,MTR,MTR,Metro,12000.0,10084.03,1915.97,19,GRAVADO,00,,tarifa general del articulo 437 E.T.,01,0.0,True,"material que se vende por longitud; confirmar si es metro lineal; criterio ""baja"": confirmar el articulo aplicado",NO
180,HER-031,,Martillo señoritero,Herramientas Manuales,NIU,94,Unidad,15000.0,12605.04,2394.96,19,GRAVADO,00,,tarifa general del articulo 437 E.T.,01,0.0,True,"criterio ""baja"": confirmar el articulo aplicado",NO
181,HER-032,,Martillo bellota,Herramientas Manuales,NIU,94,Unidad,21000.0,17647.06,3352.94,19,GRAVADO,00,,tarifa general del articulo 437 E.T.,01,0.0,True,"criterio ""baja"": confirmar el articulo aplicado",NO
182,HER-033,,Martillo colima,Herramientas Manuales,NIU,94,Unidad,30000.0,25210.08,4789.92,19,GRAVADO,00,,tarifa general del articulo 437 E.T.,01,0.0,True,"criterio ""baja"": confirmar el articulo aplicado",NO
183,HER-034,,Martillo total,Herramientas Manuales,NIU,94,Unidad,27000.0,22689.08,4310.92,19,GRAVADO,00,,tarifa general del articulo 437 E.T.,01,0.0,True,"criterio ""baja"": confirmar el articulo aplicado",NO
184,HER-035,,Martillo maseta uduke,Herramientas Manuales,NIU,94,Unidad,0.0,0.0,0.0,19,GRAVADO,00,,tarifa general del articulo 437 E.T.,01,0.0,True,"criterio ""baja"": confirmar el articulo aplicado; precio en cero: revisar antes de importar",NO
185,HER-036,,Martillo maseta colima,Herramientas Manuales,NIU,94,Unidad,35000.0,29411.76,5588.24,19,GRAVADO,00,,tarifa general del articulo 437 E.T.,01,0.0,True,"criterio ""baja"": confirmar el articulo aplicado",NO
186,HER-037,,Martillo maseta uduke,Herramientas Manuales,NIU,94,Unidad,28800.0,24201.68,4598.32,19,GRAVADO,00,,tarifa general del articulo 437 E.T.,01,0.0,True,"criterio ""baja"": confirmar el articulo aplicado; el mismo nombre ya existe con otro precio (0.0)",NO
187,HER-038,,Hachuela,Herramientas Manuales,NIU,94,Unidad,12000.0,10084.03,1915.97,19,GRAVADO,00,,tarifa general del articulo 437 E.T.,01,0.0,True,"criterio ""baja"": confirmar el articulo aplicado",NO
188,HER-039,,Martillo chipote grande,Herramientas Manuales,NIU,94,Unidad,13000.0,10924.37,2075.63,19,GRAVADO,00,,tarifa general del articulo 437 E.T.,01,0.0,True,"criterio ""baja"": confirmar el articulo aplicado",NO
189,HER-040,,Martillo chipote pequeño,Herramientas Manuales,NIU,94,Unidad,4800.0,4033.61,766.39,19,GRAVADO,00,,tarifa general del articulo 437 E.T.,01,0.0,True,"criterio ""baja"": confirmar el articulo aplicado",NO
194,HER-041,,Hoja de cegueta sandflex,Herramientas Manuales,NIU,94,Unidad,2000.0,1680.67,319.33,19,GRAVADO,00,,tarifa general del articulo 437 E.T.,01,0.0,True,"criterio ""baja"": confirmar el articulo aplicado",NO
195,HER-042,,Hoja de cegueta bellota,Herramientas Manuales,NIU,94,Unidad,3800.0,3193.28,606.72,19,GRAVADO,00,,tarifa general del articulo 437 E.T.,01,0.0,True,"criterio ""baja"": confirmar el articulo aplicado",NO
196,HER-043,,Hoja de cegueta nicholson,Herramientas Manuales,NIU,94,Unidad,4000.0,3361.34,638.66,19,GRAVADO,00,,tarifa general del articulo 437 E.T.,01,0.0,True,"criterio ""baja"": confirmar el articulo aplicado",NO
197,HER-044,,Juego de llaves mixtas milimétricas,Herramientas Manuales,SET,SET,Juego/Conjunto,45000.0,37815.13,7184.87,19,GRAVADO,00,,tarifa general del articulo 437 E.T.,01,0.0,True,"criterio ""baja"": confirmar el articulo aplicado",NO
198,HER-045,,Bisturí total,Herramientas Manuales,NIU,94,Unidad,7500.0,6302.52,1197.48,19,GRAVADO,00,,tarifa general del articulo 437 E.T.,01,0.0,True,"criterio ""baja"": confirmar el articulo aplicado",NO
199,HER-046,,Nivel bellota,Herramientas Manuales,NIU,94,Unidad,34000.0,28571.43,5428.57,19,GRAVADO,00,,tarifa general del articulo 437 E.T.,01,0.0,True,"criterio ""baja"": confirmar el articulo aplicado",NO
200,HER-047,,Nivel total,Herramientas Manuales,NIU,94,Unidad,20000.0,16806.72,3193.28,19,GRAVADO,00,,tarifa general del articulo 437 E.T.,01,0.0,True,"criterio ""baja"": confirmar el articulo aplicado",NO
201,HER-048,,Nivel globy,Herramientas Manuales,NIU,94,Unidad,6200.0,5210.08,989.92,19,GRAVADO,00,,tarifa general del articulo 437 E.T.,01,0.0,True,"criterio ""baja"": confirmar el articulo aplicado",NO
202,HER-049,,Nivel globy,Herramientas Manuales,NIU,94,Unidad,7000.0,5882.35,1117.65,19,GRAVADO,00,,tarifa general del articulo 437 E.T.,01,0.0,True,"criterio ""baja"": confirmar el articulo aplicado; el mismo nombre ya existe con otro precio (6200.0)",NO
203,HER-050,,Nivel globy,Herramientas Manuales,NIU,94,Unidad,10000.0,8403.36,1596.64,19,GRAVADO,00,,tarifa general del articulo 437 E.T.,01,0.0,True,"criterio ""baja"": confirmar el articulo aplicado; el mismo nombre ya existe con otro precio (6200.0)",NO
204,HER-051,,Nivel universal verde,Herramientas Manuales,NIU,94,Unidad,5000.0,4201.68,798.32,19,GRAVADO,00,,tarifa general del articulo 437 E.T.,01,0.0,True,"criterio ""baja"": confirmar el articulo aplicado",NO
205,HER-052,,Nivel bellota,Herramientas Manuales,NIU,94,Unidad,7800.0,6554.62,1245.38,19,GRAVADO,00,,tarifa general del articulo 437 E.T.,01,0.0,True,"criterio ""baja"": confirmar el articulo aplicado; el mismo nombre ya existe con otro precio (34000.0)",NO
206,HER-053,,Bisturí endura Blade,Herramientas Manuales,NIU,94,Unidad,6000.0,5042.02,957.98,19,GRAVADO,00,,tarifa general del articulo 437 E.T.,01,0.0,True,"criterio ""baja"": confirmar el articulo aplicado",NO
207,HER-054,,Bisturí universal rojo,Herramientas Manuales,NIU,94,Unidad,3500.0,2941.18,558.82,19,GRAVADO,00,,tarifa general del articulo 437 E.T.,01,0.0,True,"criterio ""baja"": confirmar el articulo aplicado",NO
208,HER-055,,Bisturí universal gris,Herramientas Manuales,NIU,94,Unidad,5000.0,4201.68,798.32,19,GRAVADO,00,,tarifa general del articulo 437 E.T.,01,0.0,True,"criterio ""baja"": confirmar el articulo aplicado",NO
209,HER-056,,Bisturí touch knife,Herramientas Manuales,NIU,94,Unidad,0.0,0.0,0.0,19,GRAVADO,00,,tarifa general del articulo 437 E.T.,01,0.0,True,"criterio ""baja"": confirmar el articulo aplicado; precio en cero: revisar antes de importar",NO
210,HER-057,,Bisturí cutter knife,Herramientas Manuales,NIU,94,Unidad,5000.0,4201.68,798.32,19,GRAVADO,00,,tarifa general del articulo 437 E.T.,01,0.0,True,"criterio ""baja"": confirmar el articulo aplicado",NO
211,HER-058,,Bisturí globy,Herramientas Manuales,NIU,94,Unidad,6000.0,5042.02,957.98,19,GRAVADO,00,,tarifa general del articulo 437 E.T.,01,0.0,True,"criterio ""baja"": confirmar el articulo aplicado",NO
212,HER-059,,Bichiroque,Herramientas Manuales,NIU,94,Unidad,21000.0,17647.06,3352.94,19,GRAVADO,00,,tarifa general del articulo 437 E.T.,01,0.0,True,"criterio ""baja"": confirmar el articulo aplicado",NO
215,HER-060,,Pinza punta recta corneta,Herramientas Manuales,NIU,94,Unidad,23600.0,19831.93,3768.07,19,GRAVADO,00,,tarifa general del articulo 437 E.T.,01,0.0,True,"criterio ""baja"": confirmar el articulo aplicado",NO
216,HER-061,,Llave de tubo focci,Herramientas Manuales,MTR,MTR,Metro,13900.0,11680.67,2219.33,19,GRAVADO,00,,tarifa general del articulo 437 E.T.,01,0.0,True,"material que se vende por longitud; confirmar si es metro lineal; criterio ""baja"": confirmar el articulo aplicado",NO
217,HER-062,,Llave de tubo focci,Herramientas Manuales,MTR,MTR,Metro,15600.0,13109.24,2490.76,19,GRAVADO,00,,tarifa general del articulo 437 E.T.,01,0.0,True,"material que se vende por longitud; confirmar si es metro lineal; criterio ""baja"": confirmar el articulo aplicado; el mismo nombre ya existe con otro precio (13900.0)",NO
218,HER-063,,Llave de tubo focci,Herramientas Manuales,MTR,MTR,Metro,20000.0,16806.72,3193.28,19,GRAVADO,00,,tarifa general del articulo 437 E.T.,01,0.0,True,"material que se vende por longitud; confirmar si es metro lineal; criterio ""baja"": confirmar el articulo aplicado; el mismo nombre ya existe con otro precio (13900.0)",NO
220,HER-064,,Llave expansiva,Herramientas Manuales,NIU,94,Unidad,12500.0,10504.2,1995.8,19,GRAVADO,00,,tarifa general del articulo 437 E.T.,01,0.0,True,"criterio ""baja"": confirmar el articulo aplicado",NO
221,HER-065,,Llave expansiva,Herramientas Manuales,NIU,94,Unidad,16500.0,13865.55,2634.45,19,GRAVADO,00,,tarifa general del articulo 437 E.T.,01,0.0,True,"criterio ""baja"": confirmar el articulo aplicado; el mismo nombre ya existe con otro precio (12500.0)",NO
222,HER-066,,Llave expansiva,Herramientas Manuales,NIU,94,Unidad,20700.0,17394.96,3305.04,19,GRAVADO,00,,tarifa general del articulo 437 E.T.,01,0.0,True,"criterio ""baja"": confirmar el articulo aplicado; el mismo nombre ya existe con otro precio (12500.0)",NO
223,HER-067,,Llave expansiva encauchada,Herramientas Manuales,NIU,94,Unidad,19000.0,15966.39,3033.61,19,GRAVADO,00,,tarifa general del articulo 437 E.T.,01,0.0,True,"criterio ""baja"": confirmar el articulo aplicado",NO
225,HER-068,,Hilo nivel,Herramientas Manuales,NIU,94,Unidad,5000.0,4201.68,798.32,19,GRAVADO,00,,tarifa general del articulo 437 E.T.,01,0.0,True,"criterio ""baja"": confirmar el articulo aplicado",NO
226,HER-069,,Remachadora,Herramientas Manuales,NIU,94,Unidad,33000.0,27731.09,5268.91,19,GRAVADO,00,,tarifa general del articulo 437 E.T.,01,0.0,True,"criterio ""baja"": confirmar el articulo aplicado",NO
227,HER-070,,Alicate diablo colima,Herramientas Manuales,NIU,94,Unidad,43000.0,36134.45,6865.55,19,GRAVADO,00,,tarifa general del articulo 437 E.T.,01,0.0,True,"criterio ""baja"": confirmar el articulo aplicado; el mismo nombre ya existe con otro precio (0.0)",NO
228,HER-071,,Pinza punta recta universal,Herramientas Manuales,NIU,94,Unidad,19600.0,16470.59,3129.41,19,GRAVADO,00,,tarifa general del articulo 437 E.T.,01,0.0,True,"criterio ""baja"": confirmar el articulo aplicado",NO
229,HER-072,,Segueta mengyao tools,Herramientas Manuales,NIU,94,Unidad,14800.0,12436.97,2363.03,19,GRAVADO,00,,tarifa general del articulo 437 E.T.,01,0.0,True,"criterio ""baja"": confirmar el articulo aplicado",NO
230,HER-073,,Segueta bahco,Herramientas Manuales,NIU,94,Unidad,27500.0,23109.24,4390.76,19,GRAVADO,00,,tarifa general del articulo 437 E.T.,01,0.0,True,"criterio ""baja"": confirmar el articulo aplicado",NO
231,HER-074,,Segueta bellota,Herramientas Manuales,NIU,94,Unidad,24000.0,20168.07,3831.93,19,GRAVADO,00,,tarifa general del articulo 437 E.T.,01,0.0,True,"criterio ""baja"": confirmar el articulo aplicado",NO
246,HER-075,,Lapiz Rojo Kineer,Herramientas Manuales,NIU,94,Unidad,2000.0,1680.67,319.33,19,GRAVADO,00,,tarifa general del articulo 437 E.T.,01,0.0,True,"criterio ""baja"": confirmar el articulo aplicado",NO
266,HER-076,,Tenaza,Herramientas Manuales,NIU,94,Unidad,15300.0,12857.14,2442.86,19,GRAVADO,00,,tarifa general del articulo 437 E.T.,01,0.0,True,"criterio ""baja"": confirmar el articulo aplicado",NO
267,HER-077,,Rache pequeño,Herramientas Manuales,NIU,94,Unidad,40000.0,33613.45,6386.55,19,GRAVADO,00,,tarifa general del articulo 437 E.T.,01,0.0,True,"criterio ""baja"": confirmar el articulo aplicado",NO
268,HER-078,,Rache grande,Herramientas Manuales,NIU,94,Unidad,50000.0,42016.81,7983.19,19,GRAVADO,00,,tarifa general del articulo 437 E.T.,01,0.0,True,"criterio ""baja"": confirmar el articulo aplicado",NO
269,HER-079,,Alicate universal herragro,Herramientas Manuales,NIU,94,Unidad,36000.0,30252.1,5747.9,19,GRAVADO,00,,tarifa general del articulo 437 E.T.,01,0.0,True,"criterio ""baja"": confirmar el articulo aplicado",NO
270,HER-080,,Escuadra pretul,Herramientas Manuales,NIU,94,Unidad,13700.0,11512.61,2187.39,19,GRAVADO,00,,tarifa general del articulo 437 E.T.,01,0.0,True,"criterio ""baja"": confirmar el articulo aplicado",NO
271,HER-081,,Escuadra pretul,Herramientas Manuales,NIU,94,Unidad,14600.0,12268.91,2331.09,19,GRAVADO,00,,tarifa general del articulo 437 E.T.,01,0.0,True,"criterio ""baja"": confirmar el articulo aplicado; el mismo nombre ya existe con otro precio (13700.0)",NO
272,HER-082,,Escuadra pretul,Herramientas Manuales,NIU,94,Unidad,16000.0,13445.38,2554.62,19,GRAVADO,00,,tarifa general del articulo 437 E.T.,01,0.0,True,"criterio ""baja"": confirmar el articulo aplicado; el mismo nombre ya existe con otro precio (13700.0)",NO
273,HER-083,,Escuadra amarilla,Herramientas Manuales,NIU,94,Unidad,11000.0,9243.7,1756.3,19,GRAVADO,00,,tarifa general del articulo 437 E.T.,01,0.0,True,"criterio ""baja"": confirmar el articulo aplicado",NO
274,HER-084,,Escuadra amarilla,Herramientas Manuales,NIU,94,Unidad,12000.0,10084.03,1915.97,19,GRAVADO,00,,tarifa general del articulo 437 E.T.,01,0.0,True,"criterio ""baja"": confirmar el articulo aplicado; el mismo nombre ya existe con otro precio (11000.0)",NO
275,HER-085,,Cortafrío total,Herramientas Manuales,NIU,94,Unidad,13600.0,11428.57,2171.43,19,GRAVADO,00,,tarifa general del articulo 437 E.T.,01,0.0,True,"criterio ""baja"": confirmar el articulo aplicado",NO
277,HER-086,,Hombre solo locking pliers,Herramientas Manuales,NIU,94,Unidad,19300.0,16218.49,3081.51,19,GRAVADO,00,,tarifa general del articulo 437 E.T.,01,0.0,True,"criterio ""baja"": confirmar el articulo aplicado",NO
278,HER-087,,Cortadora de tubo,Herramientas Manuales,MTR,MTR,Metro,23000.0,19327.73,3672.27,19,GRAVADO,00,,tarifa general del articulo 437 E.T.,01,0.0,True,"material que se vende por longitud; confirmar si es metro lineal; criterio ""baja"": confirmar el articulo aplicado",NO
279,HER-088,,Cincel total,Herramientas Manuales,NIU,94,Unidad,12000.0,10084.03,1915.97,19,GRAVADO,00,,tarifa general del articulo 437 E.T.,01,0.0,True,"criterio ""baja"": confirmar el articulo aplicado",NO
280,HER-089,,Cincel naranja,Herramientas Manuales,NIU,94,Unidad,10000.0,8403.36,1596.64,19,GRAVADO,00,,tarifa general del articulo 437 E.T.,01,0.0,True,"criterio ""baja"": confirmar el articulo aplicado",NO
281,HER-090,,Destornillador total punta estría,Herramientas Manuales,NIU,94,Unidad,4500.0,3781.51,718.49,19,GRAVADO,00,,tarifa general del articulo 437 E.T.,01,0.0,True,"criterio ""baja"": confirmar el articulo aplicado",NO
283,HER-091,,Escuadra falsa,Herramientas Manuales,NIU,94,Unidad,5000.0,4201.68,798.32,19,GRAVADO,00,,tarifa general del articulo 437 E.T.,01,0.0,True,"criterio ""baja"": confirmar el articulo aplicado",NO
295,HER-092,,Paquete de cuchillas para bisturí,Herramientas Manuales,PK,PK,Paquete,2500.0,2100.84,399.16,19,GRAVADO,00,,tarifa general del articulo 437 E.T.,01,0.0,True,"criterio ""baja"": confirmar el articulo aplicado",NO
296,HER-093,,Nivel simbra,Herramientas Manuales,NIU,94,Unidad,8500.0,7142.86,1357.14,19,GRAVADO,00,,tarifa general del articulo 437 E.T.,01,0.0,True,"criterio ""baja"": confirmar el articulo aplicado",NO
299,HER-094,,Destornillador de pala focci,Herramientas Manuales,NIU,94,Unidad,4200.0,3529.41,670.59,19,GRAVADO,00,,tarifa general del articulo 437 E.T.,01,0.0,True,"criterio ""baja"": confirmar el articulo aplicado",NO
300,HER-095,,Destornillador de estrella,Herramientas Manuales,NIU,94,Unidad,3500.0,2941.18,558.82,19,GRAVADO,00,,tarifa general del articulo 437 E.T.,01,0.0,True,"criterio ""baja"": confirmar el articulo aplicado",NO
301,HER-096,,Destornillador de pala hopex,Herramientas Manuales,NIU,94,Unidad,4000.0,3361.34,638.66,19,GRAVADO,00,,tarifa general del articulo 437 E.T.,01,0.0,True,"criterio ""baja"": confirmar el articulo aplicado",NO
345,HER-097,,Llave titan,Herramientas Manuales,NIU,94,Unidad,0.0,0.0,0.0,19,GRAVADO,00,,tarifa general del articulo 437 E.T.,01,0.0,True,"criterio ""baja"": confirmar el articulo aplicado; precio en cero: revisar antes de importar",NO
346,HER-098,,Llave titan,Herramientas Manuales,NIU,94,Unidad,0.0,0.0,0.0,19,GRAVADO,00,,tarifa general del articulo 437 E.T.,01,0.0,True,"criterio ""baja"": confirmar el articulo aplicado; precio en cero: revisar antes de importar; el mismo nombre ya existe con otro precio (0.0)",NO
347,HER-099,,Llave titan,Herramientas Manuales,NIU,94,Unidad,0.0,0.0,0.0,19,GRAVADO,00,,tarifa general del articulo 437 E.T.,01,0.0,True,"criterio ""baja"": confirmar el articulo aplicado; precio en cero: revisar antes de importar; el mismo nombre ya existe con otro precio (0.0)",NO
348,HER-100,,Llave titan,Herramientas Manuales,NIU,94,Unidad,0.0,0.0,0.0,19,GRAVADO,00,,tarifa general del articulo 437 E.T.,01,0.0,True,"criterio ""baja"": confirmar el articulo aplicado; precio en cero: revisar antes de importar; el mismo nombre ya existe con otro precio (0.0)",NO
349,HER-101,,Llave hopex,Herramientas Manuales,NIU,94,Unidad,0.0,0.0,0.0,19,GRAVADO,00,,tarifa general del articulo 437 E.T.,01,0.0,True,"criterio ""baja"": confirmar el articulo aplicado; precio en cero: revisar antes de importar",NO
350,HER-102,,Llave hopex,Herramientas Manuales,NIU,94,Unidad,0.0,0.0,0.0,19,GRAVADO,00,,tarifa general del articulo 437 E.T.,01,0.0,True,"criterio ""baja"": confirmar el articulo aplicado; precio en cero: revisar antes de importar; el mismo nombre ya existe con otro precio (0.0)",NO
351,HER-103,,Cuchillas de guadaña cuadrada bellota,Herramientas Manuales,NIU,94,Unidad,10500.0,8823.53,1676.47,19,GRAVADO,00,,tarifa general del articulo 437 E.T.,01,0.0,True,"criterio ""baja"": confirmar el articulo aplicado",NO
357,HER-104,,Alicate crescent,Herramientas Manuales,NIU,94,Unidad,28000.0,23529.41,4470.59,19,GRAVADO,00,,tarifa general del articulo 437 E.T.,01,0.0,True,"criterio ""baja"": confirmar el articulo aplicado",NO
358,HER-105,,Copa magnetica gr restrepo,Herramientas Manuales,GRM,GRM,Gramo,2500.0,2100.84,399.16,19,GRAVADO,00,,tarifa general del articulo 437 E.T.,01,0.0,True,"criterio ""baja"": confirmar el articulo aplicado",NO
359,HER-106,,Copa magnética corneta,Herramientas Manuales,NIU,94,Unidad,5000.0,4201.68,798.32,19,GRAVADO,00,,tarifa general del articulo 437 E.T.,01,0.0,True,"criterio ""baja"": confirmar el articulo aplicado",NO
427,HER-107,,Guantes con puntos negros SAS 1602,Herramientas Manuales,NIU,94,Unidad,3000.0,2521.01,478.99,19,GRAVADO,00,,tarifa general del articulo 437 E.T.,01,0.0,True,"criterio ""baja"": confirmar el articulo aplicado; producto de la lista de verificacion manual (pinturas, metales, electricos, EPP o adhesion)",NO
428,HER-108,,Guantes con puntos blancos Gioves,Herramientas Manuales,NIU,94,Unidad,3000.0,2521.01,478.99,19,GRAVADO,00,,tarifa general del articulo 437 E.T.,01,0.0,True,"criterio ""baja"": confirmar el articulo aplicado; producto de la lista de verificacion manual (pinturas, metales, electricos, EPP o adhesion)",NO
545,HER-109,,Manigueta para baldosa ceka,Herramientas Manuales,NIU,94,Unidad,0.0,0.0,0.0,19,GRAVADO,00,,tarifa general del articulo 437 E.T.,01,0.0,True,"criterio ""baja"": confirmar el articulo aplicado; precio en cero: revisar antes de importar",NO
591,HER-110,,Nailon fishing line,Herramientas Manuales,NIU,94,Unidad,5000.0,4201.68,798.32,19,GRAVADO,00,,tarifa general del articulo 437 E.T.,01,0.0,True,"criterio ""baja"": confirmar el articulo aplicado",NO
595,HER-111,,Cepillo de alambre DSF-1629,Herramientas Manuales,MTR,MTR,Metro,6000.0,5042.02,957.98,19,GRAVADO,00,,tarifa general del articulo 437 E.T.,01,0.0,True,"material que se vende por longitud; confirmar si es metro lineal; criterio ""baja"": confirmar el articulo aplicado; producto de la lista de verificacion manual (pinturas, metales, electricos, EPP o adhesion)",NO
643,HER-112,,Pala cuadrada bellota,Herramientas Manuales,NIU,94,Unidad,26000.0,21848.74,4151.26,19,GRAVADO,00,,tarifa general del articulo 437 E.T.,01,0.0,True,"criterio ""baja"": confirmar el articulo aplicado",NO
644,HER-113,,Pala recolectora colima,Herramientas Manuales,NIU,94,Unidad,47000.0,39495.8,7504.2,19,GRAVADO,00,,tarifa general del articulo 437 E.T.,01,0.0,True,"criterio ""baja"": confirmar el articulo aplicado",NO
645,HER-114,,Palín bellota,Herramientas Manuales,NIU,94,Unidad,39000.0,32773.11,6226.89,19,GRAVADO,00,,tarifa general del articulo 437 E.T.,01,0.0,True,"criterio ""baja"": confirmar el articulo aplicado",NO
646,HER-115,,Pala herragro,Herramientas Manuales,NIU,94,Unidad,29000.0,24369.75,4630.25,19,GRAVADO,00,,tarifa general del articulo 437 E.T.,01,0.0,True,"criterio ""baja"": confirmar el articulo aplicado",NO
647,HER-116,,Pala bellota,Herramientas Manuales,NIU,94,Unidad,24000.0,20168.07,3831.93,19,GRAVADO,00,,tarifa general del articulo 437 E.T.,01,0.0,True,"criterio ""baja"": confirmar el articulo aplicado",NO
429,HER-117,,Guantes Anticorte,Herramientas y Abrasivos,NIU,94,Unidad,11000.0,9243.7,1756.3,19,GRAVADO,00,,tarifa general del articulo 437 E.T.,01,0.0,True,"criterio ""baja"": confirmar el articulo aplicado; producto de la lista de verificacion manual (pinturas, metales, electricos, EPP o adhesion)",NO
430,HER-118,,Grata copa entorchada cup brush,Herramientas y Abrasivos,NIU,94,Unidad,7200.0,6050.42,1149.58,19,GRAVADO,00,,tarifa general del articulo 437 E.T.,01,0.0,True,"criterio ""baja"": confirmar el articulo aplicado",NO
433,HER-119,,Disco Barracuda Pro para Corte Fino de Metal,Herramientas y Abrasivos,NIU,94,Unidad,6800.0,5714.29,1085.71,19,GRAVADO,00,,tarifa general del articulo 437 E.T.,01,0.0,True,"criterio ""baja"": confirmar el articulo aplicado",NO
434,HER-120,,Disco de Sierra Pretul para Madera,Herramientas y Abrasivos,NIU,94,Unidad,22000.0,18487.39,3512.61,19,GRAVADO,00,,tarifa general del articulo 437 E.T.,01,0.0,True,"criterio ""baja"": confirmar el articulo aplicado",NO
435,HER-121,,Disco de Corte Sata C80,Herramientas y Abrasivos,NIU,94,Unidad,8200.0,6890.76,1309.24,19,GRAVADO,00,,tarifa general del articulo 437 E.T.,01,0.0,True,"criterio ""baja"": confirmar el articulo aplicado",NO
436,HER-122,,Disco Diamantado Segmentado Abracol,Herramientas y Abrasivos,NIU,94,Unidad,6800.0,5714.29,1085.71,19,GRAVADO,00,,tarifa general del articulo 437 E.T.,01,0.0,True,"criterio ""baja"": confirmar el articulo aplicado",NO
437,HER-123,,Disco de Corte Würth Fire Cut,Herramientas y Abrasivos,NIU,94,Unidad,3000.0,2521.01,478.99,19,GRAVADO,00,,tarifa general del articulo 437 E.T.,01,0.0,True,"criterio ""baja"": confirmar el articulo aplicado",NO
438,HER-124,,Disco de Corte Nikato HP,Herramientas y Abrasivos,NIU,94,Unidad,4400.0,3697.48,702.52,19,GRAVADO,00,,tarifa general del articulo 437 E.T.,01,0.0,True,"criterio ""baja"": confirmar el articulo aplicado",NO
439,HER-125,,Disco Abracol A 46T Tipo 1 (Abrasivo Plano),Herramientas y Abrasivos,NIU,94,Unidad,3200.0,2689.08,510.92,19,GRAVADO,00,,tarifa general del articulo 437 E.T.,01,0.0,True,"criterio ""baja"": confirmar el articulo aplicado",NO
440,HER-126,,Disco DeWalt de Desbaste / Corte Metal,Herramientas y Abrasivos,NIU,94,Unidad,0.0,0.0,0.0,19,GRAVADO,00,,tarifa general del articulo 437 E.T.,01,0.0,True,"criterio ""baja"": confirmar el articulo aplicado; precio en cero: revisar antes de importar",NO
441,HER-127,,Disco Diamantado UUS Tools,Herramientas y Abrasivos,NIU,94,Unidad,14200.0,11932.77,2267.23,19,GRAVADO,00,,tarifa general del articulo 437 E.T.,01,0.0,True,"criterio ""baja"": confirmar el articulo aplicado",NO
442,HER-128,,Disco de Sierra Corneta para Madera (Empaque Rojo),Herramientas y Abrasivos,NIU,94,Unidad,22500.0,18907.56,3592.44,19,GRAVADO,00,,tarifa general del articulo 437 E.T.,01,0.0,True,"criterio ""baja"": confirmar el articulo aplicado",NO
443,HER-129,,Disco Diamantado Foccia,Herramientas y Abrasivos,NIU,94,Unidad,14000.0,11764.71,2235.29,19,GRAVADO,00,,tarifa general del articulo 437 E.T.,01,0.0,True,"criterio ""baja"": confirmar el articulo aplicado",NO
444,HER-130,,Disco Pd,Herramientas y Abrasivos,NIU,94,Unidad,2000.0,1680.67,319.33,19,GRAVADO,00,,tarifa general del articulo 437 E.T.,01,0.0,True,"criterio ""baja"": confirmar el articulo aplicado",NO
445,HER-131,,Disco de Debaste Metal Nikato HP,Herramientas y Abrasivos,NIU,94,Unidad,4400.0,3697.48,702.52,19,GRAVADO,00,,tarifa general del articulo 437 E.T.,01,0.0,True,"criterio ""baja"": confirmar el articulo aplicado",NO
446,HER-132,,Disco Abrasivo Brik,Herramientas y Abrasivos,NIU,94,Unidad,0.0,0.0,0.0,19,GRAVADO,00,,tarifa general del articulo 437 E.T.,01,0.0,True,"criterio ""baja"": confirmar el articulo aplicado; precio en cero: revisar antes de importar",NO
447,HER-133,,Disco de Corte DG,Herramientas y Abrasivos,NIU,94,Unidad,2000.0,1680.67,319.33,19,GRAVADO,00,,tarifa general del articulo 437 E.T.,01,0.0,True,"criterio ""baja"": confirmar el articulo aplicado",NO
448,HER-134,,Disco de Corte 3M Cut-off Wheel,Herramientas y Abrasivos,MTR,MTR,Metro,3000.0,2521.01,478.99,19,GRAVADO,00,,tarifa general del articulo 437 E.T.,01,0.0,True,"criterio ""baja"": confirmar el articulo aplicado",NO
449,HER-135,,Disco Abrasivo Fandeli (DCO-108),Herramientas y Abrasivos,NIU,94,Unidad,2200.0,1848.74,351.26,19,GRAVADO,00,,tarifa general del articulo 437 E.T.,01,0.0,True,"criterio ""baja"": confirmar el articulo aplicado",NO
450,HER-136,,Disco Diamantado Bosch,Herramientas y Abrasivos,NIU,94,Unidad,15000.0,12605.04,2394.96,19,GRAVADO,00,,tarifa general del articulo 437 E.T.,01,0.0,True,"criterio ""baja"": confirmar el articulo aplicado",NO
451,HER-137,,Disco Würth Fire Cut,Herramientas y Abrasivos,NIU,94,Unidad,3000.0,2521.01,478.99,19,GRAVADO,00,,tarifa general del articulo 437 E.T.,01,0.0,True,"criterio ""baja"": confirmar el articulo aplicado",NO
452,HER-138,,Disco de Corte Pretul Metal,Herramientas y Abrasivos,NIU,94,Unidad,2300.0,1932.77,367.23,19,GRAVADO,00,,tarifa general del articulo 437 E.T.,01,0.0,True,"criterio ""baja"": confirmar el articulo aplicado",NO
453,HER-139,,Disco de Corte Total (D115),Herramientas y Abrasivos,NIU,94,Unidad,2000.0,1680.67,319.33,19,GRAVADO,00,,tarifa general del articulo 437 E.T.,01,0.0,True,"criterio ""baja"": confirmar el articulo aplicado",NO
454,HER-140,,Disco de Sierra Neptools para Madera,Herramientas y Abrasivos,NIU,94,Unidad,6000.0,5042.02,957.98,19,GRAVADO,00,,tarifa general del articulo 437 E.T.,01,0.0,True,"criterio ""baja"": confirmar el articulo aplicado",NO
455,HER-141,,Disco Esculpidor Wood Carving Disc,Herramientas y Abrasivos,NIU,94,Unidad,12600.0,10588.24,2011.76,19,GRAVADO,00,,tarifa general del articulo 437 E.T.,01,0.0,True,"criterio ""baja"": confirmar el articulo aplicado",NO
456,HER-142,,Disco Abracol A24,Herramientas y Abrasivos,NIU,94,Unidad,0.0,0.0,0.0,19,GRAVADO,00,,tarifa general del articulo 437 E.T.,01,0.0,True,"criterio ""baja"": confirmar el articulo aplicado; precio en cero: revisar antes de importar",NO
463,HER-143,,Lija abracol,Herramientas y Abrasivos,NIU,94,Unidad,2000.0,1680.67,319.33,19,GRAVADO,00,,tarifa general del articulo 437 E.T.,01,0.0,True,"criterio ""baja"": confirmar el articulo aplicado",NO
464,HER-144,,Lija abracol,Herramientas y Abrasivos,NIU,94,Unidad,2000.0,1680.67,319.33,19,GRAVADO,00,,tarifa general del articulo 437 E.T.,01,0.0,True,"criterio ""baja"": confirmar el articulo aplicado; el mismo nombre ya existe con otro precio (2000.0)",NO
465,HER-145,,Lija Negra de Agua Grano barracuda,Herramientas y Abrasivos,NIU,94,Unidad,2000.0,1680.67,319.33,19,GRAVADO,00,,tarifa general del articulo 437 E.T.,01,0.0,True,"criterio ""baja"": confirmar el articulo aplicado",NO
466,HER-146,,Lija Omega Grano,Herramientas y Abrasivos,NIU,94,Unidad,2000.0,1680.67,319.33,19,GRAVADO,00,,tarifa general del articulo 437 E.T.,01,0.0,True,"criterio ""baja"": confirmar el articulo aplicado",NO
467,HER-147,,Lija Abracol Grano,Herramientas y Abrasivos,NIU,94,Unidad,2000.0,1680.67,319.33,19,GRAVADO,00,,tarifa general del articulo 437 E.T.,01,0.0,True,"criterio ""baja"": confirmar el articulo aplicado",NO
468,HER-148,,Lija Abracol Grano,Herramientas y Abrasivos,NIU,94,Unidad,2000.0,1680.67,319.33,19,GRAVADO,00,,tarifa general del articulo 437 E.T.,01,0.0,True,"criterio ""baja"": confirmar el articulo aplicado; el mismo nombre ya existe con otro precio (2000.0)",NO
469,HER-149,,Lija Abracol Grano,Herramientas y Abrasivos,NIU,94,Unidad,2000.0,1680.67,319.33,19,GRAVADO,00,,tarifa general del articulo 437 E.T.,01,0.0,True,"criterio ""baja"": confirmar el articulo aplicado; el mismo nombre ya existe con otro precio (2000.0)",NO
470,HER-150,,Lija Abracol Grano,Herramientas y Abrasivos,NIU,94,Unidad,2000.0,1680.67,319.33,19,GRAVADO,00,,tarifa general del articulo 437 E.T.,01,0.0,True,"criterio ""baja"": confirmar el articulo aplicado; el mismo nombre ya existe con otro precio (2000.0)",NO
471,HER-151,,Lija Abracol Grano,Herramientas y Abrasivos,NIU,94,Unidad,2000.0,1680.67,319.33,19,GRAVADO,00,,tarifa general del articulo 437 E.T.,01,0.0,True,"criterio ""baja"": confirmar el articulo aplicado; el mismo nombre ya existe con otro precio (2000.0)",NO
472,HER-152,,Lija Abracol Grano,Herramientas y Abrasivos,NIU,94,Unidad,2000.0,1680.67,319.33,19,GRAVADO,00,,tarifa general del articulo 437 E.T.,01,0.0,True,"criterio ""baja"": confirmar el articulo aplicado; el mismo nombre ya existe con otro precio (2000.0)",NO
473,HER-153,,Lija Abracol Grano,Herramientas y Abrasivos,NIU,94,Unidad,2000.0,1680.67,319.33,19,GRAVADO,00,,tarifa general del articulo 437 E.T.,01,0.0,True,"criterio ""baja"": confirmar el articulo aplicado; el mismo nombre ya existe con otro precio (2000.0)",NO
474,HER-154,,Lija Omega Grano,Herramientas y Abrasivos,NIU,94,Unidad,2000.0,1680.67,319.33,19,GRAVADO,00,,tarifa general del articulo 437 E.T.,01,0.0,True,"criterio ""baja"": confirmar el articulo aplicado; el mismo nombre ya existe con otro precio (2000.0)",NO
475,HER-155,,Lija Alpha Fandeli Grano,Herramientas y Abrasivos,NIU,94,Unidad,2000.0,1680.67,319.33,19,GRAVADO,00,,tarifa general del articulo 437 E.T.,01,0.0,True,"criterio ""baja"": confirmar el articulo aplicado",NO
476,HER-156,,Lija Fandeli Speed-Kut Grano,Herramientas y Abrasivos,NIU,94,Unidad,1400.0,1176.47,223.53,19,GRAVADO,00,,tarifa general del articulo 437 E.T.,01,0.0,True,"criterio ""baja"": confirmar el articulo aplicado",NO
477,HER-157,,Lija Alpha Fandeli Grano,Herramientas y Abrasivos,NIU,94,Unidad,2000.0,1680.67,319.33,19,GRAVADO,00,,tarifa general del articulo 437 E.T.,01,0.0,True,"criterio ""baja"": confirmar el articulo aplicado; el mismo nombre ya existe con otro precio (2000.0)",NO
478,HER-158,,Lija Alpha Fandeli Grano,Herramientas y Abrasivos,NIU,94,Unidad,2000.0,1680.67,319.33,19,GRAVADO,00,,tarifa general del articulo 437 E.T.,01,0.0,True,"criterio ""baja"": confirmar el articulo aplicado; el mismo nombre ya existe con otro precio (2000.0)",NO
1712,MAL-001,,Malla electrosoldada 6X2.35 4mm,Mallas,NIU,94,Unidad,98000.0,82352.94,15647.06,19,GRAVADO,00,,tarifa general del articulo 437 E.T.,01,0.0,True,"criterio ""baja"": confirmar el articulo aplicado",NO
1713,MAL-002,,Malla electrosoldada 6X2.35 5mm,Mallas,NIU,94,Unidad,140000.0,117647.06,22352.94,19,GRAVADO,00,,tarifa general del articulo 437 E.T.,01,0.0,True,"criterio ""baja"": confirmar el articulo aplicado",NO
1714,MAL-003,,Rollo de malla electrosoldada 18X2.35 3mm,Mallas,ROL,ROL,Rollo,195000.0,163865.55,31134.45,19,GRAVADO,00,,tarifa general del articulo 437 E.T.,01,0.0,True,"criterio ""baja"": confirmar el articulo aplicado",NO
1815,MAL-004,,Malla electrosoldada,Mallas,NIU,94,Unidad,98000.0,82352.94,15647.06,19,GRAVADO,00,,tarifa general del articulo 437 E.T.,01,0.0,True,"criterio ""baja"": confirmar el articulo aplicado",NO
1816,MAL-005,,Malla electrosoldada,Mallas,NIU,94,Unidad,140000.0,117647.06,22352.94,19,GRAVADO,00,,tarifa general del articulo 437 E.T.,01,0.0,True,"criterio ""baja"": confirmar el articulo aplicado; el mismo nombre ya existe con otro precio (98000.0)",NO
1817,MAL-006,,Rollo de malla electrosoldada,Mallas,ROL,ROL,Rollo,195000.0,163865.55,31134.45,19,GRAVADO,00,,tarifa general del articulo 437 E.T.,01,0.0,True,"criterio ""baja"": confirmar el articulo aplicado",NO
1736,MET-001,,Metaldec 3m calibre 22,Metaldec,MTR,MTR,Metro,114000.0,95798.32,18201.68,19,GRAVADO,00,,tarifa general del articulo 437 E.T.,01,0.0,True,"criterio ""baja"": confirmar el articulo aplicado",NO
1737,MET-002,,Metaldec 4m calibre 22,Metaldec,MTR,MTR,Metro,152000.0,127731.09,24268.91,19,GRAVADO,00,,tarifa general del articulo 437 E.T.,01,0.0,True,"criterio ""baja"": confirmar el articulo aplicado",NO
1738,MET-003,,Metaldec 5m calibre 22,Metaldec,MTR,MTR,Metro,190000.0,159663.87,30336.13,19,GRAVADO,00,,tarifa general del articulo 437 E.T.,01,0.0,True,"criterio ""baja"": confirmar el articulo aplicado",NO
1739,MET-004,,Metaldec 6m calibre 22,Metaldec,MTR,MTR,Metro,228000.0,191596.64,36403.36,19,GRAVADO,00,,tarifa general del articulo 437 E.T.,01,0.0,True,"criterio ""baja"": confirmar el articulo aplicado",NO
1740,MET-005,,Metaldec 3m calibre 20,Metaldec,MTR,MTR,Metro,141000.0,118487.39,22512.61,19,GRAVADO,00,,tarifa general del articulo 437 E.T.,01,0.0,True,"criterio ""baja"": confirmar el articulo aplicado",NO
1741,MET-006,,Metaldec 4m calibre 20,Metaldec,MTR,MTR,Metro,188000.0,157983.19,30016.81,19,GRAVADO,00,,tarifa general del articulo 437 E.T.,01,0.0,True,"criterio ""baja"": confirmar el articulo aplicado",NO
1742,MET-007,,Metaldec 5m calibre 20,Metaldec,MTR,MTR,Metro,235000.0,197478.99,37521.01,19,GRAVADO,00,,tarifa general del articulo 437 E.T.,01,0.0,True,"criterio ""baja"": confirmar el articulo aplicado",NO
1743,MET-008,,Metaldec 6m calibre 20,Metaldec,MTR,MTR,Metro,282000.0,236974.79,45025.21,19,GRAVADO,00,,tarifa general del articulo 437 E.T.,01,0.0,True,"criterio ""baja"": confirmar el articulo aplicado",NO
662,OTR-001,,Discos corte,Otros / Sin clasificar,NIU,94,Unidad,0.0,0.0,0.0,19,GRAVADO,00,,tarifa general del articulo 437 E.T.,01,0.0,True,"criterio ""baja"": confirmar el articulo aplicado; precio en cero: revisar antes de importar",NO
663,OTR-002,,Discos corte verde,Otros / Sin clasificar,NIU,94,Unidad,0.0,0.0,0.0,19,GRAVADO,00,,tarifa general del articulo 437 E.T.,01,0.0,True,"criterio ""baja"": confirmar el articulo aplicado; precio en cero: revisar antes de importar",NO
666,OTR-003,,Curvas 1/2,Otros / Sin clasificar,NIU,94,Unidad,0.0,0.0,0.0,19,GRAVADO,00,,tarifa general del articulo 437 E.T.,01,0.0,True,"criterio ""baja"": confirmar el articulo aplicado; precio en cero: revisar antes de importar",NO
667,OTR-004,,Curvas 3/4,Otros / Sin clasificar,NIU,94,Unidad,0.0,0.0,0.0,19,GRAVADO,00,,tarifa general del articulo 437 E.T.,01,0.0,True,"criterio ""baja"": confirmar el articulo aplicado; precio en cero: revisar antes de importar",NO
668,OTR-005,,Metros cable # 8 verde,Otros / Sin clasificar,MTR,MTR,Metro,0.0,0.0,0.0,19,GRAVADO,00,,tarifa general del articulo 437 E.T.,01,0.0,True,"criterio ""baja"": confirmar el articulo aplicado; producto de la lista de verificacion manual (pinturas, metales, electricos, EPP o adhesion); precio en cero: revisar antes de importar",NO
669,OTR-006,,Metros cabel # 12 negro,Otros / Sin clasificar,MTR,MTR,Metro,0.0,0.0,0.0,19,GRAVADO,00,,tarifa general del articulo 437 E.T.,01,0.0,True,"criterio ""baja"": confirmar el articulo aplicado; precio en cero: revisar antes de importar",NO
670,OTR-007,,Metros cable # 12 verde,Otros / Sin clasificar,MTR,MTR,Metro,0.0,0.0,0.0,19,GRAVADO,00,,tarifa general del articulo 437 E.T.,01,0.0,True,"criterio ""baja"": confirmar el articulo aplicado; producto de la lista de verificacion manual (pinturas, metales, electricos, EPP o adhesion); precio en cero: revisar antes de importar",NO
671,OTR-008,,Metros cable # 12 rojo,Otros / Sin clasificar,MTR,MTR,Metro,0.0,0.0,0.0,19,GRAVADO,00,,tarifa general del articulo 437 E.T.,01,0.0,True,"criterio ""baja"": confirmar el articulo aplicado; producto de la lista de verificacion manual (pinturas, metales, electricos, EPP o adhesion); precio en cero: revisar antes de importar",NO
672,OTR-009,,Terminales 3/4,Otros / Sin clasificar,NIU,94,Unidad,0.0,0.0,0.0,19,GRAVADO,00,,tarifa general del articulo 437 E.T.,01,0.0,True,"criterio ""baja"": confirmar el articulo aplicado; precio en cero: revisar antes de importar",NO
673,OTR-010,,Cable n 12 rojo,Otros / Sin clasificar,MTR,MTR,Metro,0.0,0.0,0.0,19,GRAVADO,00,,tarifa general del articulo 437 E.T.,01,0.0,True,"material que se vende por longitud; confirmar si es metro lineal; criterio ""baja"": confirmar el articulo aplicado; producto de la lista de verificacion manual (pinturas, metales, electricos, EPP o adhesion); precio en cero: revisar antes de importar",NO
674,OTR-011,,Cable n 12 negro,Otros / Sin clasificar,MTR,MTR,Metro,0.0,0.0,0.0,19,GRAVADO,00,,tarifa general del articulo 437 E.T.,01,0.0,True,"material que se vende por longitud; confirmar si es metro lineal; criterio ""baja"": confirmar el articulo aplicado; producto de la lista de verificacion manual (pinturas, metales, electricos, EPP o adhesion); precio en cero: revisar antes de importar",NO
675,OTR-012,,cable n 12 verde,Otros / Sin clasificar,MTR,MTR,Metro,0.0,0.0,0.0,19,GRAVADO,00,,tarifa general del articulo 437 E.T.,01,0.0,True,"material que se vende por longitud; confirmar si es metro lineal; criterio ""baja"": confirmar el articulo aplicado; producto de la lista de verificacion manual (pinturas, metales, electricos, EPP o adhesion); precio en cero: revisar antes de importar",NO
676,OTR-013,,Curvas de 1/2,Otros / Sin clasificar,NIU,94,Unidad,0.0,0.0,0.0,19,GRAVADO,00,,tarifa general del articulo 437 E.T.,01,0.0,True,"criterio ""baja"": confirmar el articulo aplicado; precio en cero: revisar antes de importar",NO
677,OTR-014,,cajas 2 x4 plastica,Otros / Sin clasificar,BX,BX,Caja,0.0,0.0,0.0,19,GRAVADO,00,,tarifa general del articulo 437 E.T.,01,0.0,True,"criterio ""baja"": confirmar el articulo aplicado; producto de la lista de verificacion manual (pinturas, metales, electricos, EPP o adhesion); precio en cero: revisar antes de importar",NO
678,OTR-015,,Caneca estuco,Otros / Sin clasificar,NIU,94,Unidad,0.0,0.0,0.0,0,EXENTO,02,422,art. 422 del Estatuto Tributario,01,0.0,True,"criterio ""media"": confirmar el articulo aplicado; precio en cero: revisar antes de importar",NO
679,OTR-016,,"Espatula 5""",Otros / Sin clasificar,NIU,94,Unidad,0.0,0.0,0.0,19,GRAVADO,00,,tarifa general del articulo 437 E.T.,01,0.0,True,"criterio ""baja"": confirmar el articulo aplicado; precio en cero: revisar antes de importar",NO
680,OTR-017,,Paleta plastica,Otros / Sin clasificar,NIU,94,Unidad,0.0,0.0,0.0,19,GRAVADO,00,,tarifa general del articulo 437 E.T.,01,0.0,True,"criterio ""baja"": confirmar el articulo aplicado; producto de la lista de verificacion manual (pinturas, metales, electricos, EPP o adhesion); precio en cero: revisar antes de importar",NO
681,OTR-018,,Arena,Otros / Sin clasificar,NIU,94,Unidad,0.0,0.0,0.0,0,EXCLUIDO,01,424,art. 424 del Estatuto Tributario,01,0.0,True,precio en cero: revisar antes de importar,NO
684,OTR-019,,Tornillos punta broca 1/2,Otros / Sin clasificar,NIU,94,Unidad,0.0,0.0,0.0,19,GRAVADO,00,,tarifa general del articulo 437 E.T.,01,0.0,True,"criterio ""baja"": confirmar el articulo aplicado; precio en cero: revisar antes de importar",NO
685,OTR-020,,Kilo soldadura delgada 6013,Otros / Sin clasificar,KGM,KGM,Kilogramo,0.0,0.0,0.0,19,GRAVADO,00,,tarifa general del articulo 437 E.T.,01,0.0,True,"criterio ""baja"": confirmar el articulo aplicado; precio en cero: revisar antes de importar",NO
686,OTR-021,,Kilo alambre,Otros / Sin clasificar,KGM,KGM,Kilogramo,0.0,0.0,0.0,19,GRAVADO,00,,tarifa general del articulo 437 E.T.,01,0.0,True,"criterio ""baja"": confirmar el articulo aplicado; producto de la lista de verificacion manual (pinturas, metales, electricos, EPP o adhesion); precio en cero: revisar antes de importar",NO
687,OTR-022,,Pares guantes nitrilo,Otros / Sin clasificar,NIU,94,Unidad,0.0,0.0,0.0,19,GRAVADO,00,,tarifa general del articulo 437 E.T.,01,0.0,True,"criterio ""baja"": confirmar el articulo aplicado; producto de la lista de verificacion manual (pinturas, metales, electricos, EPP o adhesion); precio en cero: revisar antes de importar",NO
688,OTR-023,,Galon antocorrosivo negro,Otros / Sin clasificar,LTR,LTR,Litro,0.0,0.0,0.0,19,GRAVADO,00,,tarifa general del articulo 437 E.T.,01,0.0,True,"criterio ""baja"": confirmar el articulo aplicado; precio en cero: revisar antes de importar",NO
689,OTR-024,,Botellas tiner,Otros / Sin clasificar,NIU,94,Unidad,0.0,0.0,0.0,19,GRAVADO,00,,tarifa general del articulo 437 E.T.,01,0.0,True,"criterio ""baja"": confirmar el articulo aplicado; precio en cero: revisar antes de importar",NO
690,OTR-025,,Brocha,Otros / Sin clasificar,NIU,94,Unidad,0.0,0.0,0.0,19,GRAVADO,00,,tarifa general del articulo 437 E.T.,01,0.0,True,"criterio ""baja"": confirmar el articulo aplicado; precio en cero: revisar antes de importar",NO
691,OTR-026,,Kilo soldadura,Otros / Sin clasificar,KGM,KGM,Kilogramo,0.0,0.0,0.0,19,GRAVADO,00,,tarifa general del articulo 437 E.T.,01,0.0,True,"criterio ""baja"": confirmar el articulo aplicado; precio en cero: revisar antes de importar",NO
692,OTR-027,,Discos pulir,Otros / Sin clasificar,NIU,94,Unidad,0.0,0.0,0.0,19,GRAVADO,00,,tarifa general del articulo 437 E.T.,01,0.0,True,"criterio ""baja"": confirmar el articulo aplicado; precio en cero: revisar antes de importar",NO
693,OTR-028,,Botella tiner,Otros / Sin clasificar,NIU,94,Unidad,0.0,0.0,0.0,19,GRAVADO,00,,tarifa general del articulo 437 E.T.,01,0.0,True,"criterio ""baja"": confirmar el articulo aplicado; precio en cero: revisar antes de importar",NO
694,OTR-029,,Antocorrosivo negro,Otros / Sin clasificar,NIU,94,Unidad,0.0,0.0,0.0,19,GRAVADO,00,,tarifa general del articulo 437 E.T.,01,0.0,True,"criterio ""baja"": confirmar el articulo aplicado; precio en cero: revisar antes de importar",NO
695,OTR-030,,Bultos cemento argos estructural,Otros / Sin clasificar,BAG,BAG,Bulto/Saco,0.0,0.0,0.0,0,EXENTO,02,422,art. 422 del Estatuto Tributario,01,0.0,True,"criterio ""media"": confirmar el articulo aplicado; precio en cero: revisar antes de importar",NO
697,OTR-031,,Kilos alambre,Otros / Sin clasificar,KGM,KGM,Kilogramo,0.0,0.0,0.0,19,GRAVADO,00,,tarifa general del articulo 437 E.T.,01,0.0,True,"criterio ""baja"": confirmar el articulo aplicado; producto de la lista de verificacion manual (pinturas, metales, electricos, EPP o adhesion); precio en cero: revisar antes de importar",NO
698,OTR-032,,Libras puntilla 2 1/2,Otros / Sin clasificar,NIU,94,Unidad,0.0,0.0,0.0,19,GRAVADO,00,,tarifa general del articulo 437 E.T.,01,0.0,True,"criterio ""baja"": confirmar el articulo aplicado; precio en cero: revisar antes de importar",NO
701,OTR-033,,De arena gruesa,Otros / Sin clasificar,NIU,94,Unidad,0.0,0.0,0.0,0,EXCLUIDO,01,424,art. 424 del Estatuto Tributario,01,0.0,True,precio en cero: revisar antes de importar,NO
702,OTR-034,,Bultos estructural,Otros / Sin clasificar,BAG,BAG,Bulto/Saco,0.0,0.0,0.0,19,GRAVADO,00,,tarifa general del articulo 437 E.T.,01,0.0,True,"criterio ""baja"": confirmar el articulo aplicado; precio en cero: revisar antes de importar",NO
703,OTR-035,,Combo baño corona BLANCO,Otros / Sin clasificar,NIU,94,Unidad,0.0,0.0,0.0,19,GRAVADO,00,,tarifa general del articulo 437 E.T.,01,0.0,True,"criterio ""baja"": confirmar el articulo aplicado; precio en cero: revisar antes de importar",NO
704,OTR-036,,Lavadero,Otros / Sin clasificar,NIU,94,Unidad,0.0,0.0,0.0,19,GRAVADO,00,,tarifa general del articulo 437 E.T.,01,0.0,True,"criterio ""baja"": confirmar el articulo aplicado; precio en cero: revisar antes de importar",NO
705,OTR-037,,Bultos de alion,Otros / Sin clasificar,BAG,BAG,Bulto/Saco,0.0,0.0,0.0,19,GRAVADO,00,,tarifa general del articulo 437 E.T.,01,0.0,True,"criterio ""baja"": confirmar el articulo aplicado; precio en cero: revisar antes de importar",NO
707,OTR-038,,METROS DE TUBO 1 1/2,Otros / Sin clasificar,MTR,MTR,Metro,0.0,0.0,0.0,19,GRAVADO,00,,tarifa general del articulo 437 E.T.,01,0.0,True,"criterio ""baja"": confirmar el articulo aplicado; precio en cero: revisar antes de importar",NO
708,OTR-039,,Tornillos  de 2,Otros / Sin clasificar,NIU,94,Unidad,0.0,0.0,0.0,19,GRAVADO,00,,tarifa general del articulo 437 E.T.,01,0.0,True,"criterio ""baja"": confirmar el articulo aplicado; precio en cero: revisar antes de importar",NO
709,OTR-040,,Metros boquillera,Otros / Sin clasificar,MTR,MTR,Metro,0.0,0.0,0.0,19,GRAVADO,00,,tarifa general del articulo 437 E.T.,01,0.0,True,"criterio ""baja"": confirmar el articulo aplicado; precio en cero: revisar antes de importar",NO
710,OTR-041,,Arandelas 5/16,Otros / Sin clasificar,NIU,94,Unidad,0.0,0.0,0.0,19,GRAVADO,00,,tarifa general del articulo 437 E.T.,01,0.0,True,"criterio ""baja"": confirmar el articulo aplicado; precio en cero: revisar antes de importar",NO
711,OTR-042,,Tuercas 5/16,Otros / Sin clasificar,NIU,94,Unidad,0.0,0.0,0.0,19,GRAVADO,00,,tarifa general del articulo 437 E.T.,01,0.0,True,"criterio ""baja"": confirmar el articulo aplicado; precio en cero: revisar antes de importar",NO
713,OTR-043,,Te 1/2,Otros / Sin clasificar,NIU,94,Unidad,0.0,0.0,0.0,19,GRAVADO,00,,tarifa general del articulo 437 E.T.,01,0.0,True,"criterio ""baja"": confirmar el articulo aplicado; precio en cero: revisar antes de importar",NO
714,OTR-044,,Adaptador macho,Otros / Sin clasificar,NIU,94,Unidad,0.0,0.0,0.0,19,GRAVADO,00,,tarifa general del articulo 437 E.T.,01,0.0,True,"criterio ""baja"": confirmar el articulo aplicado; precio en cero: revisar antes de importar",NO
715,OTR-045,,kilos Cemento blanco,Otros / Sin clasificar,KGM,KGM,Kilogramo,0.0,0.0,0.0,0,EXENTO,02,422,art. 422 del Estatuto Tributario,01,0.0,True,"criterio ""media"": confirmar el articulo aplicado; precio en cero: revisar antes de importar",NO
721,OTR-046,,Disco corte,Otros / Sin clasificar,NIU,94,Unidad,0.0,0.0,0.0,19,GRAVADO,00,,tarifa general del articulo 437 E.T.,01,0.0,True,"criterio ""baja"": confirmar el articulo aplicado; precio en cero: revisar antes de importar",NO
722,OTR-047,,bultos cemento estructural,Otros / Sin clasificar,BAG,BAG,Bulto/Saco,0.0,0.0,0.0,0,EXENTO,02,422,art. 422 del Estatuto Tributario,01,0.0,True,"criterio ""media"": confirmar el articulo aplicado; precio en cero: revisar antes de importar",NO
729,OTR-048,,Curvas,Otros / Sin clasificar,NIU,94,Unidad,0.0,0.0,0.0,19,GRAVADO,00,,tarifa general del articulo 437 E.T.,01,0.0,True,"criterio ""baja"": confirmar el articulo aplicado; precio en cero: revisar antes de importar",NO
730,OTR-049,,Cajas octagonales,Otros / Sin clasificar,BX,BX,Caja,0.0,0.0,0.0,19,GRAVADO,00,,tarifa general del articulo 437 E.T.,01,0.0,True,"criterio ""baja"": confirmar el articulo aplicado; precio en cero: revisar antes de importar",NO
734,OTR-050,,Formaletas de 25 x 30 completas,Otros / Sin clasificar,NIU,94,Unidad,0.0,0.0,0.0,19,GRAVADO,00,,tarifa general del articulo 437 E.T.,01,0.0,True,"criterio ""baja"": confirmar el articulo aplicado; precio en cero: revisar antes de importar",NO
735,OTR-051,,Formaletas 20x35 completas,Otros / Sin clasificar,NIU,94,Unidad,0.0,0.0,0.0,19,GRAVADO,00,,tarifa general del articulo 437 E.T.,01,0.0,True,"criterio ""baja"": confirmar el articulo aplicado; precio en cero: revisar antes de importar",NO
736,OTR-052,,Lavadero pequeño,Otros / Sin clasificar,NIU,94,Unidad,0.0,0.0,0.0,19,GRAVADO,00,,tarifa general del articulo 437 E.T.,01,0.0,True,"criterio ""baja"": confirmar el articulo aplicado; precio en cero: revisar antes de importar",NO
737,OTR-053,,Cortineros,Otros / Sin clasificar,NIU,94,Unidad,0.0,0.0,0.0,19,GRAVADO,00,,tarifa general del articulo 437 E.T.,01,0.0,True,"criterio ""baja"": confirmar el articulo aplicado; precio en cero: revisar antes de importar",NO
738,OTR-054,,Chazos 3/16,Otros / Sin clasificar,NIU,94,Unidad,0.0,0.0,0.0,19,GRAVADO,00,,tarifa general del articulo 437 E.T.,01,0.0,True,"criterio ""baja"": confirmar el articulo aplicado; precio en cero: revisar antes de importar",NO
739,OTR-055,,Latas arena,Otros / Sin clasificar,NIU,94,Unidad,0.0,0.0,0.0,0,EXCLUIDO,01,424,art. 424 del Estatuto Tributario,01,0.0,True,precio en cero: revisar antes de importar,NO
740,OTR-056,,Tornillos,Otros / Sin clasificar,NIU,94,Unidad,0.0,0.0,0.0,19,GRAVADO,00,,tarifa general del articulo 437 E.T.,01,0.0,True,"criterio ""baja"": confirmar el articulo aplicado; precio en cero: revisar antes de importar",NO
743,OTR-057,,PEGANTE GERFOR 1/32,Otros / Sin clasificar,NIU,94,Unidad,0.0,0.0,0.0,19,GRAVADO,00,,tarifa general del articulo 437 E.T.,01,0.0,True,"criterio ""baja"": confirmar el articulo aplicado; producto de la lista de verificacion manual (pinturas, metales, electricos, EPP o adhesion); precio en cero: revisar antes de importar",NO
752,OTR-058,,disco de corte,Otros / Sin clasificar,NIU,94,Unidad,0.0,0.0,0.0,19,GRAVADO,00,,tarifa general del articulo 437 E.T.,01,0.0,True,"criterio ""baja"": confirmar el articulo aplicado; precio en cero: revisar antes de importar",NO
753,OTR-059,,Galon pintura 3 en 1,Otros / Sin clasificar,LTR,LTR,Litro,0.0,0.0,0.0,19,GRAVADO,00,,tarifa general del articulo 437 E.T.,01,0.0,True,"criterio ""baja"": confirmar el articulo aplicado; producto de la lista de verificacion manual (pinturas, metales, electricos, EPP o adhesion); precio en cero: revisar antes de importar",NO
755,OTR-060,,Cinta enmascarar,Otros / Sin clasificar,MTR,MTR,Metro,0.0,0.0,0.0,19,GRAVADO,00,,tarifa general del articulo 437 E.T.,01,0.0,True,"material que se vende por longitud; confirmar si es metro lineal; criterio ""baja"": confirmar el articulo aplicado; precio en cero: revisar antes de importar",NO
756,OTR-061,,Broca 1/8,Otros / Sin clasificar,NIU,94,Unidad,0.0,0.0,0.0,19,GRAVADO,00,,tarifa general del articulo 437 E.T.,01,0.0,True,"criterio ""baja"": confirmar el articulo aplicado; precio en cero: revisar antes de importar",NO
757,OTR-062,,Broca 7/64,Otros / Sin clasificar,NIU,94,Unidad,0.0,0.0,0.0,19,GRAVADO,00,,tarifa general del articulo 437 E.T.,01,0.0,True,"criterio ""baja"": confirmar el articulo aplicado; precio en cero: revisar antes de importar",NO
758,OTR-063,,Toma gris,Otros / Sin clasificar,NIU,94,Unidad,0.0,0.0,0.0,19,GRAVADO,00,,tarifa general del articulo 437 E.T.,01,0.0,True,"criterio ""baja"": confirmar el articulo aplicado; precio en cero: revisar antes de importar",NO
759,OTR-064,,Clavija,Otros / Sin clasificar,NIU,94,Unidad,0.0,0.0,0.0,19,GRAVADO,00,,tarifa general del articulo 437 E.T.,01,0.0,True,"criterio ""baja"": confirmar el articulo aplicado; precio en cero: revisar antes de importar",NO
760,OTR-065,,Lb Puntilla,Otros / Sin clasificar,NIU,94,Unidad,0.0,0.0,0.0,19,GRAVADO,00,,tarifa general del articulo 437 E.T.,01,0.0,True,"criterio ""baja"": confirmar el articulo aplicado; precio en cero: revisar antes de importar",NO
761,OTR-066,,Clavijas hembra,Otros / Sin clasificar,NIU,94,Unidad,0.0,0.0,0.0,19,GRAVADO,00,,tarifa general del articulo 437 E.T.,01,0.0,True,"criterio ""baja"": confirmar el articulo aplicado; precio en cero: revisar antes de importar",NO
762,OTR-067,,Metros cable,Otros / Sin clasificar,MTR,MTR,Metro,0.0,0.0,0.0,19,GRAVADO,00,,tarifa general del articulo 437 E.T.,01,0.0,True,"criterio ""baja"": confirmar el articulo aplicado; producto de la lista de verificacion manual (pinturas, metales, electricos, EPP o adhesion); precio en cero: revisar antes de importar",NO
763,OTR-068,,Extension,Otros / Sin clasificar,NIU,94,Unidad,0.0,0.0,0.0,19,GRAVADO,00,,tarifa general del articulo 437 E.T.,01,0.0,True,"criterio ""baja"": confirmar el articulo aplicado; precio en cero: revisar antes de importar",NO
764,OTR-069,,Marco segueta bellota,Otros / Sin clasificar,NIU,94,Unidad,0.0,0.0,0.0,19,GRAVADO,00,,tarifa general del articulo 437 E.T.,01,0.0,True,"criterio ""baja"": confirmar el articulo aplicado; precio en cero: revisar antes de importar",NO
765,OTR-070,,Metro x 3 metros bellota,Otros / Sin clasificar,MTR,MTR,Metro,0.0,0.0,0.0,19,GRAVADO,00,,tarifa general del articulo 437 E.T.,01,0.0,True,"criterio ""baja"": confirmar el articulo aplicado; precio en cero: revisar antes de importar",NO
766,OTR-071,,Libras puntilla 1,Otros / Sin clasificar,NIU,94,Unidad,0.0,0.0,0.0,19,GRAVADO,00,,tarifa general del articulo 437 E.T.,01,0.0,True,"criterio ""baja"": confirmar el articulo aplicado; precio en cero: revisar antes de importar",NO
767,OTR-072,,Silicona blanca,Otros / Sin clasificar,NIU,94,Unidad,0.0,0.0,0.0,19,GRAVADO,00,,tarifa general del articulo 437 E.T.,01,0.0,True,"criterio ""baja"": confirmar el articulo aplicado; precio en cero: revisar antes de importar",NO
768,OTR-073,,Desague lavaplatos,Otros / Sin clasificar,NIU,94,Unidad,0.0,0.0,0.0,19,GRAVADO,00,,tarifa general del articulo 437 E.T.,01,0.0,True,"criterio ""baja"": confirmar el articulo aplicado; precio en cero: revisar antes de importar",NO
769,OTR-074,,Rodachines grandes,Otros / Sin clasificar,NIU,94,Unidad,0.0,0.0,0.0,19,GRAVADO,00,,tarifa general del articulo 437 E.T.,01,0.0,True,"criterio ""baja"": confirmar el articulo aplicado; precio en cero: revisar antes de importar",NO
770,OTR-075,,Clavijas pequeñas,Otros / Sin clasificar,NIU,94,Unidad,0.0,0.0,0.0,19,GRAVADO,00,,tarifa general del articulo 437 E.T.,01,0.0,True,"criterio ""baja"": confirmar el articulo aplicado; precio en cero: revisar antes de importar",NO
771,OTR-076,,3122008113 CONRADO,Otros / Sin clasificar,NIU,94,Unidad,0.0,0.0,0.0,19,GRAVADO,00,,tarifa general del articulo 437 E.T.,01,0.0,True,"criterio ""baja"": confirmar el articulo aplicado; precio en cero: revisar antes de importar",NO
775,OTR-077,,Rotomartillo,Otros / Sin clasificar,NIU,94,Unidad,0.0,0.0,0.0,19,GRAVADO,00,,tarifa general del articulo 437 E.T.,01,0.0,True,"criterio ""baja"": confirmar el articulo aplicado; precio en cero: revisar antes de importar",NO
776,OTR-078,,Carreta marca bellota,Otros / Sin clasificar,NIU,94,Unidad,0.0,0.0,0.0,19,GRAVADO,00,,tarifa general del articulo 437 E.T.,01,0.0,True,"criterio ""baja"": confirmar el articulo aplicado; precio en cero: revisar antes de importar",NO
779,OTR-079,,Trompo x dia,Otros / Sin clasificar,NIU,94,Unidad,0.0,0.0,0.0,19,GRAVADO,00,,tarifa general del articulo 437 E.T.,01,0.0,True,"criterio ""baja"": confirmar el articulo aplicado; precio en cero: revisar antes de importar",NO
783,OTR-080,,Pegante pvc,Otros / Sin clasificar,NIU,94,Unidad,0.0,0.0,0.0,19,GRAVADO,00,,tarifa general del articulo 437 E.T.,01,0.0,True,"criterio ""baja"": confirmar el articulo aplicado; producto de la lista de verificacion manual (pinturas, metales, electricos, EPP o adhesion); precio en cero: revisar antes de importar",NO
789,OTR-081,,Metro triturado,Otros / Sin clasificar,MTR,MTR,Metro,0.0,0.0,0.0,19,GRAVADO,00,,tarifa general del articulo 437 E.T.,01,0.0,True,"criterio ""baja"": confirmar el articulo aplicado; precio en cero: revisar antes de importar",NO
790,OTR-082,,Vr /unit.,Otros / Sin clasificar,NIU,94,Unidad,0.0,0.0,0.0,19,GRAVADO,00,,tarifa general del articulo 437 E.T.,01,0.0,True,"criterio ""baja"": confirmar el articulo aplicado; precio en cero: revisar antes de importar",NO
802,OTR-083,,Bultos Pegacor,Otros / Sin clasificar,BAG,BAG,Bulto/Saco,0.0,0.0,0.0,19,GRAVADO,00,,tarifa general del articulo 437 E.T.,01,0.0,True,"criterio ""baja"": confirmar el articulo aplicado; precio en cero: revisar antes de importar",NO
803,OTR-084,,Bultos Cemento,Otros / Sin clasificar,BAG,BAG,Bulto/Saco,0.0,0.0,0.0,0,EXENTO,02,422,art. 422 del Estatuto Tributario,01,0.0,True,"criterio ""media"": confirmar el articulo aplicado; precio en cero: revisar antes de importar",NO
806,OTR-085,,Cajas,Otros / Sin clasificar,BX,BX,Caja,0.0,0.0,0.0,19,GRAVADO,00,,tarifa general del articulo 437 E.T.,01,0.0,True,"criterio ""baja"": confirmar el articulo aplicado; precio en cero: revisar antes de importar",NO
808,OTR-086,,Metros cable # 12,Otros / Sin clasificar,MTR,MTR,Metro,0.0,0.0,0.0,19,GRAVADO,00,,tarifa general del articulo 437 E.T.,01,0.0,True,"criterio ""baja"": confirmar el articulo aplicado; producto de la lista de verificacion manual (pinturas, metales, electricos, EPP o adhesion); precio en cero: revisar antes de importar",NO
809,OTR-087,,Bolsas pegacor,Otros / Sin clasificar,NIU,94,Unidad,0.0,0.0,0.0,19,GRAVADO,00,,tarifa general del articulo 437 E.T.,01,0.0,True,"criterio ""baja"": confirmar el articulo aplicado; precio en cero: revisar antes de importar",NO
810,OTR-088,,Estopas,Otros / Sin clasificar,NIU,94,Unidad,0.0,0.0,0.0,19,GRAVADO,00,,tarifa general del articulo 437 E.T.,01,0.0,True,"criterio ""baja"": confirmar el articulo aplicado; precio en cero: revisar antes de importar",NO
811,OTR-089,,Tornillos arquitectonicos,Otros / Sin clasificar,NIU,94,Unidad,0.0,0.0,0.0,19,GRAVADO,00,,tarifa general del articulo 437 E.T.,01,0.0,True,"criterio ""baja"": confirmar el articulo aplicado; precio en cero: revisar antes de importar",NO
813,OTR-090,,Bulto pegacor,Otros / Sin clasificar,BAG,BAG,Bulto/Saco,0.0,0.0,0.0,19,GRAVADO,00,,tarifa general del articulo 437 E.T.,01,0.0,True,"criterio ""baja"": confirmar el articulo aplicado; precio en cero: revisar antes de importar",NO
815,OTR-091,,Soldadura delgada,Otros / Sin clasificar,NIU,94,Unidad,0.0,0.0,0.0,19,GRAVADO,00,,tarifa general del articulo 437 E.T.,01,0.0,True,"criterio ""baja"": confirmar el articulo aplicado; precio en cero: revisar antes de importar",NO
816,OTR-092,,Caballete de 3 metros,Otros / Sin clasificar,MTR,MTR,Metro,0.0,0.0,0.0,19,GRAVADO,00,,tarifa general del articulo 437 E.T.,01,0.0,True,"criterio ""baja"": confirmar el articulo aplicado; precio en cero: revisar antes de importar",NO
817,OTR-093,,Win español,Otros / Sin clasificar,NIU,94,Unidad,0.0,0.0,0.0,19,GRAVADO,00,,tarifa general del articulo 437 E.T.,01,0.0,True,"criterio ""baja"": confirmar el articulo aplicado; precio en cero: revisar antes de importar",NO
821,OTR-094,,Formaletas 35x35,Otros / Sin clasificar,NIU,94,Unidad,0.0,0.0,0.0,19,GRAVADO,00,,tarifa general del articulo 437 E.T.,01,0.0,True,"criterio ""baja"": confirmar el articulo aplicado; precio en cero: revisar antes de importar",NO
822,OTR-095,,Bloques cemento,Otros / Sin clasificar,NIU,94,Unidad,0.0,0.0,0.0,0,EXENTO,02,422,art. 422 del Estatuto Tributario,01,0.0,True,"criterio ""media"": confirmar el articulo aplicado; precio en cero: revisar antes de importar",NO
823,OTR-096,,Bulto Alion,Otros / Sin clasificar,BAG,BAG,Bulto/Saco,0.0,0.0,0.0,19,GRAVADO,00,,tarifa general del articulo 437 E.T.,01,0.0,True,"criterio ""baja"": confirmar el articulo aplicado; precio en cero: revisar antes de importar",NO
828,OTR-097,,Bultos cemento alion,Otros / Sin clasificar,BAG,BAG,Bulto/Saco,0.0,0.0,0.0,0,EXENTO,02,422,art. 422 del Estatuto Tributario,01,0.0,True,"criterio ""media"": confirmar el articulo aplicado; precio en cero: revisar antes de importar",NO
830,OTR-098,,Bultos alion,Otros / Sin clasificar,BAG,BAG,Bulto/Saco,0.0,0.0,0.0,19,GRAVADO,00,,tarifa general del articulo 437 E.T.,01,0.0,True,"criterio ""baja"": confirmar el articulo aplicado; precio en cero: revisar antes de importar",NO
831,OTR-099,,Tanque 1000 litros,Otros / Sin clasificar,LTR,LTR,Litro,0.0,0.0,0.0,19,GRAVADO,00,,tarifa general del articulo 437 E.T.,01,0.0,True,"criterio ""baja"": confirmar el articulo aplicado; precio en cero: revisar antes de importar",NO
832,OTR-100,,Registro ducha,Otros / Sin clasificar,NIU,94,Unidad,0.0,0.0,0.0,19,GRAVADO,00,,tarifa general del articulo 437 E.T.,01,0.0,True,"criterio ""baja"": confirmar el articulo aplicado; precio en cero: revisar antes de importar",NO
833,OTR-101,,TEFLON,Otros / Sin clasificar,NIU,94,Unidad,0.0,0.0,0.0,19,GRAVADO,00,,tarifa general del articulo 437 E.T.,01,0.0,True,"criterio ""baja"": confirmar el articulo aplicado; precio en cero: revisar antes de importar",NO
834,OTR-102,,Machos,Otros / Sin clasificar,NIU,94,Unidad,0.0,0.0,0.0,19,GRAVADO,00,,tarifa general del articulo 437 E.T.,01,0.0,True,"criterio ""baja"": confirmar el articulo aplicado; precio en cero: revisar antes de importar",NO
838,OTR-103,,Cajas puntilla 2 1/2,Otros / Sin clasificar,BX,BX,Caja,0.0,0.0,0.0,19,GRAVADO,00,,tarifa general del articulo 437 E.T.,01,0.0,True,"criterio ""baja"": confirmar el articulo aplicado; precio en cero: revisar antes de importar",NO
839,OTR-104,,Dicos corte,Otros / Sin clasificar,NIU,94,Unidad,0.0,0.0,0.0,19,GRAVADO,00,,tarifa general del articulo 437 E.T.,01,0.0,True,"criterio ""baja"": confirmar el articulo aplicado; precio en cero: revisar antes de importar",NO
840,OTR-105,,Bulto cemento ARGO,Otros / Sin clasificar,BAG,BAG,Bulto/Saco,0.0,0.0,0.0,0,EXENTO,02,422,art. 422 del Estatuto Tributario,01,0.0,True,"criterio ""media"": confirmar el articulo aplicado; precio en cero: revisar antes de importar",NO
841,OTR-106,,bloque farol,Otros / Sin clasificar,NIU,94,Unidad,0.0,0.0,0.0,19,GRAVADO,00,,tarifa general del articulo 437 E.T.,01,0.0,True,"criterio ""baja"": confirmar el articulo aplicado; precio en cero: revisar antes de importar",NO
842,OTR-107,,Guantes carnaza,Otros / Sin clasificar,NIU,94,Unidad,0.0,0.0,0.0,19,GRAVADO,00,,tarifa general del articulo 437 E.T.,01,0.0,True,"criterio ""baja"": confirmar el articulo aplicado; producto de la lista de verificacion manual (pinturas, metales, electricos, EPP o adhesion); precio en cero: revisar antes de importar",NO
843,OTR-108,,Racor manguera,Otros / Sin clasificar,MTR,MTR,Metro,0.0,0.0,0.0,19,GRAVADO,00,,tarifa general del articulo 437 E.T.,01,0.0,True,"material que se vende por longitud; confirmar si es metro lineal; criterio ""baja"": confirmar el articulo aplicado; precio en cero: revisar antes de importar",NO
844,OTR-109,,Abrazaderas,Otros / Sin clasificar,NIU,94,Unidad,0.0,0.0,0.0,19,GRAVADO,00,,tarifa general del articulo 437 E.T.,01,0.0,True,"criterio ""baja"": confirmar el articulo aplicado; precio en cero: revisar antes de importar",NO
846,OTR-110,,Visagras grandes,Otros / Sin clasificar,NIU,94,Unidad,0.0,0.0,0.0,19,GRAVADO,00,,tarifa general del articulo 437 E.T.,01,0.0,True,"criterio ""baja"": confirmar el articulo aplicado; precio en cero: revisar antes de importar",NO
847,OTR-111,,"Libra Puntilla 2""",Otros / Sin clasificar,NIU,94,Unidad,0.0,0.0,0.0,19,GRAVADO,00,,tarifa general del articulo 437 E.T.,01,0.0,True,"criterio ""baja"": confirmar el articulo aplicado; precio en cero: revisar antes de importar",NO
848,OTR-112,,Candado marca fanal,Otros / Sin clasificar,NIU,94,Unidad,0.0,0.0,0.0,19,GRAVADO,00,,tarifa general del articulo 437 E.T.,01,0.0,True,"criterio ""baja"": confirmar el articulo aplicado; precio en cero: revisar antes de importar",NO
850,OTR-113,,Metro mixto,Otros / Sin clasificar,MTR,MTR,Metro,0.0,0.0,0.0,19,GRAVADO,00,,tarifa general del articulo 437 E.T.,01,0.0,True,"criterio ""baja"": confirmar el articulo aplicado; precio en cero: revisar antes de importar",NO
851,OTR-114,,Mixto,Otros / Sin clasificar,NIU,94,Unidad,0.0,0.0,0.0,19,GRAVADO,00,,tarifa general del articulo 437 E.T.,01,0.0,True,"criterio ""baja"": confirmar el articulo aplicado; precio en cero: revisar antes de importar",NO
853,OTR-115,,Disco cadena,Otros / Sin clasificar,NIU,94,Unidad,0.0,0.0,0.0,19,GRAVADO,00,,tarifa general del articulo 437 E.T.,01,0.0,True,"criterio ""baja"": confirmar el articulo aplicado; precio en cero: revisar antes de importar",NO
857,OTR-116,,Formaletas 20x20,Otros / Sin clasificar,NIU,94,Unidad,0.0,0.0,0.0,19,GRAVADO,00,,tarifa general del articulo 437 E.T.,01,0.0,True,"criterio ""baja"": confirmar el articulo aplicado; precio en cero: revisar antes de importar",NO
860,OTR-117,,Libra puntilla  2 1/2,Otros / Sin clasificar,NIU,94,Unidad,0.0,0.0,0.0,19,GRAVADO,00,,tarifa general del articulo 437 E.T.,01,0.0,True,"criterio ""baja"": confirmar el articulo aplicado; precio en cero: revisar antes de importar",NO
862,OTR-118,,Llave riego marca truper,Otros / Sin clasificar,NIU,94,Unidad,0.0,0.0,0.0,19,GRAVADO,00,,tarifa general del articulo 437 E.T.,01,0.0,True,"criterio ""baja"": confirmar el articulo aplicado; precio en cero: revisar antes de importar",NO
866,OTR-119,,Te 2,Otros / Sin clasificar,NIU,94,Unidad,0.0,0.0,0.0,19,GRAVADO,00,,tarifa general del articulo 437 E.T.,01,0.0,True,"criterio ""baja"": confirmar el articulo aplicado; precio en cero: revisar antes de importar",NO
872,OTR-120,,adaptador macho 1/2,Otros / Sin clasificar,NIU,94,Unidad,0.0,0.0,0.0,19,GRAVADO,00,,tarifa general del articulo 437 E.T.,01,0.0,True,"criterio ""baja"": confirmar el articulo aplicado; precio en cero: revisar antes de importar",NO
873,OTR-121,,Tapones 1/2,Otros / Sin clasificar,NIU,94,Unidad,0.0,0.0,0.0,19,GRAVADO,00,,tarifa general del articulo 437 E.T.,01,0.0,True,"criterio ""baja"": confirmar el articulo aplicado; precio en cero: revisar antes de importar",NO
875,OTR-122,,Llaves ducha,Otros / Sin clasificar,NIU,94,Unidad,0.0,0.0,0.0,19,GRAVADO,00,,tarifa general del articulo 437 E.T.,01,0.0,True,"criterio ""baja"": confirmar el articulo aplicado; precio en cero: revisar antes de importar",NO
878,OTR-123,,Bloques farol,Otros / Sin clasificar,NIU,94,Unidad,0.0,0.0,0.0,19,GRAVADO,00,,tarifa general del articulo 437 E.T.,01,0.0,True,"criterio ""baja"": confirmar el articulo aplicado; precio en cero: revisar antes de importar",NO
880,OTR-124,,Latas de arena,Otros / Sin clasificar,NIU,94,Unidad,0.0,0.0,0.0,0,EXCLUIDO,01,424,art. 424 del Estatuto Tributario,01,0.0,True,precio en cero: revisar antes de importar,NO
881,OTR-125,,bultos cemento argos general,Otros / Sin clasificar,BAG,BAG,Bulto/Saco,0.0,0.0,0.0,0,EXENTO,02,422,art. 422 del Estatuto Tributario,01,0.0,True,"criterio ""media"": confirmar el articulo aplicado; precio en cero: revisar antes de importar",NO
882,OTR-126,,bolsas de pegacor,Otros / Sin clasificar,NIU,94,Unidad,0.0,0.0,0.0,19,GRAVADO,00,,tarifa general del articulo 437 E.T.,01,0.0,True,"criterio ""baja"": confirmar el articulo aplicado; precio en cero: revisar antes de importar",NO
883,OTR-127,,libra puntillas de 2 1/2,Otros / Sin clasificar,NIU,94,Unidad,0.0,0.0,0.0,19,GRAVADO,00,,tarifa general del articulo 437 E.T.,01,0.0,True,"criterio ""baja"": confirmar el articulo aplicado; precio en cero: revisar antes de importar",NO
884,OTR-128,,Valdes,Otros / Sin clasificar,NIU,94,Unidad,0.0,0.0,0.0,19,GRAVADO,00,,tarifa general del articulo 437 E.T.,01,0.0,True,"criterio ""baja"": confirmar el articulo aplicado; precio en cero: revisar antes de importar",NO
885,OTR-129,,Bulto Cemento Alion,Otros / Sin clasificar,BAG,BAG,Bulto/Saco,0.0,0.0,0.0,0,EXENTO,02,422,art. 422 del Estatuto Tributario,01,0.0,True,"criterio ""media"": confirmar el articulo aplicado; precio en cero: revisar antes de importar",NO
886,OTR-130,,medio arena,Otros / Sin clasificar,NIU,94,Unidad,0.0,0.0,0.0,0,EXCLUIDO,01,424,art. 424 del Estatuto Tributario,01,0.0,True,precio en cero: revisar antes de importar,NO
887,OTR-131,,bloques de cemento,Otros / Sin clasificar,NIU,94,Unidad,0.0,0.0,0.0,0,EXENTO,02,422,art. 422 del Estatuto Tributario,01,0.0,True,"criterio ""media"": confirmar el articulo aplicado; precio en cero: revisar antes de importar",NO
888,OTR-132,,"Mtr tubo 3""",Otros / Sin clasificar,MTR,MTR,Metro,0.0,0.0,0.0,19,GRAVADO,00,,tarifa general del articulo 437 E.T.,01,0.0,True,"material que se vende por longitud; confirmar si es metro lineal; criterio ""baja"": confirmar el articulo aplicado; precio en cero: revisar antes de importar",NO
890,OTR-133,,"Semico9do 3""",Otros / Sin clasificar,NIU,94,Unidad,0.0,0.0,0.0,19,GRAVADO,00,,tarifa general del articulo 437 E.T.,01,0.0,True,"criterio ""baja"": confirmar el articulo aplicado; precio en cero: revisar antes de importar",NO
893,OTR-134,,Reduccion 3 a2,Otros / Sin clasificar,NIU,94,Unidad,0.0,0.0,0.0,19,GRAVADO,00,,tarifa general del articulo 437 E.T.,01,0.0,True,"criterio ""baja"": confirmar el articulo aplicado; precio en cero: revisar antes de importar",NO
894,OTR-135,,Bloque gris,Otros / Sin clasificar,NIU,94,Unidad,0.0,0.0,0.0,19,GRAVADO,00,,tarifa general del articulo 437 E.T.,01,0.0,True,"criterio ""baja"": confirmar el articulo aplicado; precio en cero: revisar antes de importar",NO
897,OTR-136,,CINTA NEGRA,Otros / Sin clasificar,MTR,MTR,Metro,0.0,0.0,0.0,19,GRAVADO,00,,tarifa general del articulo 437 E.T.,01,0.0,True,"material que se vende por longitud; confirmar si es metro lineal; criterio ""baja"": confirmar el articulo aplicado; precio en cero: revisar antes de importar",NO
899,OTR-137,,PEGANTE,Otros / Sin clasificar,NIU,94,Unidad,0.0,0.0,0.0,19,GRAVADO,00,,tarifa general del articulo 437 E.T.,01,0.0,True,"criterio ""baja"": confirmar el articulo aplicado; producto de la lista de verificacion manual (pinturas, metales, electricos, EPP o adhesion); precio en cero: revisar antes de importar",NO
901,OTR-138,,MR  Tubo,Otros / Sin clasificar,MTR,MTR,Metro,0.0,0.0,0.0,19,GRAVADO,00,,tarifa general del articulo 437 E.T.,01,0.0,True,"material que se vende por longitud; confirmar si es metro lineal; criterio ""baja"": confirmar el articulo aplicado; precio en cero: revisar antes de importar",NO
902,OTR-139,,Llave terminal,Otros / Sin clasificar,NIU,94,Unidad,0.0,0.0,0.0,19,GRAVADO,00,,tarifa general del articulo 437 E.T.,01,0.0,True,"criterio ""baja"": confirmar el articulo aplicado; precio en cero: revisar antes de importar",NO
904,OTR-140,,hembra 1/2,Otros / Sin clasificar,NIU,94,Unidad,0.0,0.0,0.0,19,GRAVADO,00,,tarifa general del articulo 437 E.T.,01,0.0,True,"criterio ""baja"": confirmar el articulo aplicado; precio en cero: revisar antes de importar",NO
905,OTR-141,,llave metalica,Otros / Sin clasificar,NIU,94,Unidad,0.0,0.0,0.0,19,GRAVADO,00,,tarifa general del articulo 437 E.T.,01,0.0,True,"criterio ""baja"": confirmar el articulo aplicado; precio en cero: revisar antes de importar",NO
906,OTR-142,,HEMBRA MEDIA,Otros / Sin clasificar,NIU,94,Unidad,0.0,0.0,0.0,19,GRAVADO,00,,tarifa general del articulo 437 E.T.,01,0.0,True,"criterio ""baja"": confirmar el articulo aplicado; precio en cero: revisar antes de importar",NO
907,OTR-143,,Metros tubo cortina,Otros / Sin clasificar,MTR,MTR,Metro,0.0,0.0,0.0,19,GRAVADO,00,,tarifa general del articulo 437 E.T.,01,0.0,True,"criterio ""baja"": confirmar el articulo aplicado; precio en cero: revisar antes de importar",NO
908,OTR-144,,aeresol,Otros / Sin clasificar,NIU,94,Unidad,0.0,0.0,0.0,19,GRAVADO,00,,tarifa general del articulo 437 E.T.,01,0.0,True,"criterio ""baja"": confirmar el articulo aplicado; precio en cero: revisar antes de importar",NO
909,OTR-145,,lima,Otros / Sin clasificar,NIU,94,Unidad,0.0,0.0,0.0,19,GRAVADO,00,,tarifa general del articulo 437 E.T.,01,0.0,True,"criterio ""baja"": confirmar el articulo aplicado; precio en cero: revisar antes de importar",NO
910,OTR-146,,devuelta de estopas,Otros / Sin clasificar,NIU,94,Unidad,0.0,0.0,0.0,19,GRAVADO,00,,tarifa general del articulo 437 E.T.,01,0.0,True,"criterio ""baja"": confirmar el articulo aplicado; precio en cero: revisar antes de importar",NO
913,OTR-147,,CINTA TEFLON GRANDE,Otros / Sin clasificar,MTR,MTR,Metro,0.0,0.0,0.0,19,GRAVADO,00,,tarifa general del articulo 437 E.T.,01,0.0,True,"material que se vende por longitud; confirmar si es metro lineal; criterio ""baja"": confirmar el articulo aplicado; precio en cero: revisar antes de importar",NO
914,OTR-148,,Concremallas,Otros / Sin clasificar,NIU,94,Unidad,0.0,0.0,0.0,19,GRAVADO,00,,tarifa general del articulo 437 E.T.,01,0.0,True,"criterio ""baja"": confirmar el articulo aplicado; precio en cero: revisar antes de importar",NO
915,OTR-149,,Curvas3/4,Otros / Sin clasificar,NIU,94,Unidad,0.0,0.0,0.0,19,GRAVADO,00,,tarifa general del articulo 437 E.T.,01,0.0,True,"criterio ""baja"": confirmar el articulo aplicado; precio en cero: revisar antes de importar",NO
916,OTR-150,,Soldadura 1/8 pvc,Otros / Sin clasificar,NIU,94,Unidad,0.0,0.0,0.0,19,GRAVADO,00,,tarifa general del articulo 437 E.T.,01,0.0,True,"criterio ""baja"": confirmar el articulo aplicado; precio en cero: revisar antes de importar",NO
917,OTR-151,,Tablero monofasico,Otros / Sin clasificar,NIU,94,Unidad,0.0,0.0,0.0,19,GRAVADO,00,,tarifa general del articulo 437 E.T.,01,0.0,True,"criterio ""baja"": confirmar el articulo aplicado; precio en cero: revisar antes de importar",NO
918,OTR-152,,Reduccion 3a 2,Otros / Sin clasificar,NIU,94,Unidad,0.0,0.0,0.0,19,GRAVADO,00,,tarifa general del articulo 437 E.T.,01,0.0,True,"criterio ""baja"": confirmar el articulo aplicado; precio en cero: revisar antes de importar",NO
921,OTR-153,,"Te 3""",Otros / Sin clasificar,NIU,94,Unidad,0.0,0.0,0.0,19,GRAVADO,00,,tarifa general del articulo 437 E.T.,01,0.0,True,"criterio ""baja"": confirmar el articulo aplicado; precio en cero: revisar antes de importar",NO
922,OTR-154,,"Sifon 2""",Otros / Sin clasificar,NIU,94,Unidad,0.0,0.0,0.0,19,GRAVADO,00,,tarifa general del articulo 437 E.T.,01,0.0,True,"criterio ""baja"": confirmar el articulo aplicado; precio en cero: revisar antes de importar",NO
924,OTR-155,,Llana metalica,Otros / Sin clasificar,NIU,94,Unidad,0.0,0.0,0.0,19,GRAVADO,00,,tarifa general del articulo 437 E.T.,01,0.0,True,"criterio ""baja"": confirmar el articulo aplicado; precio en cero: revisar antes de importar",NO
925,OTR-156,,Separadores baldosa,Otros / Sin clasificar,NIU,94,Unidad,0.0,0.0,0.0,19,GRAVADO,00,,tarifa general del articulo 437 E.T.,01,0.0,True,"criterio ""baja"": confirmar el articulo aplicado; precio en cero: revisar antes de importar",NO
931,OTR-157,,latas de arena pega,Otros / Sin clasificar,NIU,94,Unidad,0.0,0.0,0.0,0,EXCLUIDO,01,424,art. 424 del Estatuto Tributario,01,0.0,True,precio en cero: revisar antes de importar,NO
934,OTR-158,,Silicona antihongos transparente,Otros / Sin clasificar,NIU,94,Unidad,0.0,0.0,0.0,19,GRAVADO,00,,tarifa general del articulo 437 E.T.,01,0.0,True,"criterio ""baja"": confirmar el articulo aplicado; precio en cero: revisar antes de importar",NO
936,OTR-159,,Bloques gris,Otros / Sin clasificar,NIU,94,Unidad,0.0,0.0,0.0,19,GRAVADO,00,,tarifa general del articulo 437 E.T.,01,0.0,True,"criterio ""baja"": confirmar el articulo aplicado; precio en cero: revisar antes de importar",NO
937,OTR-160,,CANECA ESTUCO CORAMA,Otros / Sin clasificar,NIU,94,Unidad,0.0,0.0,0.0,0,EXENTO,02,422,art. 422 del Estatuto Tributario,01,0.0,True,"criterio ""media"": confirmar el articulo aplicado; precio en cero: revisar antes de importar",NO
938,OTR-161,,Acople sanitario largo,Otros / Sin clasificar,NIU,94,Unidad,0.0,0.0,0.0,19,GRAVADO,00,,tarifa general del articulo 437 E.T.,01,0.0,True,"criterio ""baja"": confirmar el articulo aplicado; precio en cero: revisar antes de importar",NO
939,OTR-162,,Llave lavamanos de lujo,Otros / Sin clasificar,NIU,94,Unidad,0.0,0.0,0.0,19,GRAVADO,00,,tarifa general del articulo 437 E.T.,01,0.0,True,"criterio ""baja"": confirmar el articulo aplicado; precio en cero: revisar antes de importar",NO
940,OTR-163,,Acople lavamos largo,Otros / Sin clasificar,NIU,94,Unidad,0.0,0.0,0.0,19,GRAVADO,00,,tarifa general del articulo 437 E.T.,01,0.0,True,"criterio ""baja"": confirmar el articulo aplicado; precio en cero: revisar antes de importar",NO
941,OTR-164,,Flafon,Otros / Sin clasificar,NIU,94,Unidad,0.0,0.0,0.0,19,GRAVADO,00,,tarifa general del articulo 437 E.T.,01,0.0,True,"criterio ""baja"": confirmar el articulo aplicado; precio en cero: revisar antes de importar",NO
942,OTR-165,,Hoja segueta,Otros / Sin clasificar,NIU,94,Unidad,0.0,0.0,0.0,19,GRAVADO,00,,tarifa general del articulo 437 E.T.,01,0.0,True,"criterio ""baja"": confirmar el articulo aplicado; precio en cero: revisar antes de importar",NO
943,OTR-166,,Llave paso,Otros / Sin clasificar,NIU,94,Unidad,0.0,0.0,0.0,19,GRAVADO,00,,tarifa general del articulo 437 E.T.,01,0.0,True,"criterio ""baja"": confirmar el articulo aplicado; precio en cero: revisar antes de importar",NO
944,OTR-167,,Acordion con canastilla lavaplatos,Otros / Sin clasificar,NIU,94,Unidad,0.0,0.0,0.0,19,GRAVADO,00,,tarifa general del articulo 437 E.T.,01,0.0,True,"criterio ""baja"": confirmar el articulo aplicado; precio en cero: revisar antes de importar",NO
947,OTR-168,,Toma doble,Otros / Sin clasificar,NIU,94,Unidad,0.0,0.0,0.0,19,GRAVADO,00,,tarifa general del articulo 437 E.T.,01,0.0,True,"criterio ""baja"": confirmar el articulo aplicado; precio en cero: revisar antes de importar",NO
948,OTR-169,,Cajjas 2x4,Otros / Sin clasificar,NIU,94,Unidad,0.0,0.0,0.0,19,GRAVADO,00,,tarifa general del articulo 437 E.T.,01,0.0,True,"criterio ""baja"": confirmar el articulo aplicado; precio en cero: revisar antes de importar",NO
949,OTR-170,,Bolsas invercril,Otros / Sin clasificar,NIU,94,Unidad,0.0,0.0,0.0,19,GRAVADO,00,,tarifa general del articulo 437 E.T.,01,0.0,True,"criterio ""baja"": confirmar el articulo aplicado; precio en cero: revisar antes de importar",NO
950,OTR-171,,Candado,Otros / Sin clasificar,NIU,94,Unidad,0.0,0.0,0.0,19,GRAVADO,00,,tarifa general del articulo 437 E.T.,01,0.0,True,"criterio ""baja"": confirmar el articulo aplicado; precio en cero: revisar antes de importar",NO
951,OTR-172,,aerosoles negro brillante,Otros / Sin clasificar,NIU,94,Unidad,0.0,0.0,0.0,19,GRAVADO,00,,tarifa general del articulo 437 E.T.,01,0.0,True,"criterio ""baja"": confirmar el articulo aplicado; precio en cero: revisar antes de importar",NO
953,OTR-173,,libra Puntilla acero,Otros / Sin clasificar,NIU,94,Unidad,0.0,0.0,0.0,19,GRAVADO,00,,tarifa general del articulo 437 E.T.,01,0.0,True,"criterio ""baja"": confirmar el articulo aplicado; precio en cero: revisar antes de importar",NO
954,OTR-174,,libra Puntilla,Otros / Sin clasificar,NIU,94,Unidad,0.0,0.0,0.0,19,GRAVADO,00,,tarifa general del articulo 437 E.T.,01,0.0,True,"criterio ""baja"": confirmar el articulo aplicado; precio en cero: revisar antes de importar",NO
955,OTR-175,,REDUCCION 3 A 2,Otros / Sin clasificar,NIU,94,Unidad,0.0,0.0,0.0,19,GRAVADO,00,,tarifa general del articulo 437 E.T.,01,0.0,True,"criterio ""baja"": confirmar el articulo aplicado; precio en cero: revisar antes de importar",NO
956,OTR-176,,Disco verde,Otros / Sin clasificar,NIU,94,Unidad,0.0,0.0,0.0,19,GRAVADO,00,,tarifa general del articulo 437 E.T.,01,0.0,True,"criterio ""baja"": confirmar el articulo aplicado; precio en cero: revisar antes de importar",NO
957,OTR-177,,Caja boquilla blanca,Otros / Sin clasificar,BX,BX,Caja,0.0,0.0,0.0,19,GRAVADO,00,,tarifa general del articulo 437 E.T.,01,0.0,True,"criterio ""baja"": confirmar el articulo aplicado; precio en cero: revisar antes de importar",NO
958,OTR-178,,Tapones 3,Otros / Sin clasificar,NIU,94,Unidad,0.0,0.0,0.0,19,GRAVADO,00,,tarifa general del articulo 437 E.T.,01,0.0,True,"criterio ""baja"": confirmar el articulo aplicado; precio en cero: revisar antes de importar",NO
959,OTR-179,,Tomas dobles,Otros / Sin clasificar,NIU,94,Unidad,0.0,0.0,0.0,19,GRAVADO,00,,tarifa general del articulo 437 E.T.,01,0.0,True,"criterio ""baja"": confirmar el articulo aplicado; precio en cero: revisar antes de importar",NO
960,OTR-180,,Cajas 2x4 plasticas,Otros / Sin clasificar,BX,BX,Caja,0.0,0.0,0.0,19,GRAVADO,00,,tarifa general del articulo 437 E.T.,01,0.0,True,"criterio ""baja"": confirmar el articulo aplicado; producto de la lista de verificacion manual (pinturas, metales, electricos, EPP o adhesion); precio en cero: revisar antes de importar",NO
963,OTR-181,,Galon anticcorivo negro,Otros / Sin clasificar,LTR,LTR,Litro,0.0,0.0,0.0,19,GRAVADO,00,,tarifa general del articulo 437 E.T.,01,0.0,True,"criterio ""baja"": confirmar el articulo aplicado; precio en cero: revisar antes de importar",NO
964,OTR-182,,Bultos argos general,Otros / Sin clasificar,BAG,BAG,Bulto/Saco,0.0,0.0,0.0,19,GRAVADO,00,,tarifa general del articulo 437 E.T.,01,0.0,True,"criterio ""baja"": confirmar el articulo aplicado; precio en cero: revisar antes de importar",NO
966,OTR-183,,Galon anticorrosivo negro,Otros / Sin clasificar,LTR,LTR,Litro,0.0,0.0,0.0,19,GRAVADO,00,,tarifa general del articulo 437 E.T.,01,0.0,True,"criterio ""baja"": confirmar el articulo aplicado; precio en cero: revisar antes de importar",NO
968,OTR-184,,Paquetes untilla con gorro,Otros / Sin clasificar,PK,PK,Paquete,0.0,0.0,0.0,19,GRAVADO,00,,tarifa general del articulo 437 E.T.,01,0.0,True,"criterio ""baja"": confirmar el articulo aplicado; precio en cero: revisar antes de importar",NO
970,OTR-185,,Te 4,Otros / Sin clasificar,NIU,94,Unidad,0.0,0.0,0.0,19,GRAVADO,00,,tarifa general del articulo 437 E.T.,01,0.0,True,"criterio ""baja"": confirmar el articulo aplicado; precio en cero: revisar antes de importar",NO
971,OTR-186,,Reduccion 4 a 2,Otros / Sin clasificar,NIU,94,Unidad,0.0,0.0,0.0,19,GRAVADO,00,,tarifa general del articulo 437 E.T.,01,0.0,True,"criterio ""baja"": confirmar el articulo aplicado; precio en cero: revisar antes de importar",NO
972,OTR-187,,Reduccion 2 a 1 1/2,Otros / Sin clasificar,NIU,94,Unidad,0.0,0.0,0.0,19,GRAVADO,00,,tarifa general del articulo 437 E.T.,01,0.0,True,"criterio ""baja"": confirmar el articulo aplicado; precio en cero: revisar antes de importar",NO
973,OTR-188,,Pegante grande,Otros / Sin clasificar,NIU,94,Unidad,0.0,0.0,0.0,19,GRAVADO,00,,tarifa general del articulo 437 E.T.,01,0.0,True,"criterio ""baja"": confirmar el articulo aplicado; producto de la lista de verificacion manual (pinturas, metales, electricos, EPP o adhesion); precio en cero: revisar antes de importar",NO
974,OTR-189,,Amarras,Otros / Sin clasificar,NIU,94,Unidad,0.0,0.0,0.0,19,GRAVADO,00,,tarifa general del articulo 437 E.T.,01,0.0,True,"criterio ""baja"": confirmar el articulo aplicado; precio en cero: revisar antes de importar",NO
977,OTR-190,,Metros plastico negro,Otros / Sin clasificar,MTR,MTR,Metro,0.0,0.0,0.0,19,GRAVADO,00,,tarifa general del articulo 437 E.T.,01,0.0,True,"criterio ""baja"": confirmar el articulo aplicado; producto de la lista de verificacion manual (pinturas, metales, electricos, EPP o adhesion); precio en cero: revisar antes de importar",NO
980,OTR-191,,Kilo soldadura gruesa,Otros / Sin clasificar,KGM,KGM,Kilogramo,0.0,0.0,0.0,19,GRAVADO,00,,tarifa general del articulo 437 E.T.,01,0.0,True,"criterio ""baja"": confirmar el articulo aplicado; precio en cero: revisar antes de importar",NO
981,OTR-192,,Discos corte abracol,Otros / Sin clasificar,NIU,94,Unidad,0.0,0.0,0.0,19,GRAVADO,00,,tarifa general del articulo 437 E.T.,01,0.0,True,"criterio ""baja"": confirmar el articulo aplicado; precio en cero: revisar antes de importar",NO
982,OTR-193,,Par guantes carnaza,Otros / Sin clasificar,NIU,94,Unidad,0.0,0.0,0.0,19,GRAVADO,00,,tarifa general del articulo 437 E.T.,01,0.0,True,"criterio ""baja"": confirmar el articulo aplicado; producto de la lista de verificacion manual (pinturas, metales, electricos, EPP o adhesion); precio en cero: revisar antes de importar",NO
983,OTR-194,,Anticorrosivo gris,Otros / Sin clasificar,NIU,94,Unidad,0.0,0.0,0.0,19,GRAVADO,00,,tarifa general del articulo 437 E.T.,01,0.0,True,"criterio ""baja"": confirmar el articulo aplicado; precio en cero: revisar antes de importar",NO
984,OTR-195,,"Rodillo 3 """,Otros / Sin clasificar,NIU,94,Unidad,0.0,0.0,0.0,19,GRAVADO,00,,tarifa general del articulo 437 E.T.,01,0.0,True,"criterio ""baja"": confirmar el articulo aplicado; precio en cero: revisar antes de importar",NO
985,OTR-196,,Metros cabulla,Otros / Sin clasificar,MTR,MTR,Metro,0.0,0.0,0.0,19,GRAVADO,00,,tarifa general del articulo 437 E.T.,01,0.0,True,"criterio ""baja"": confirmar el articulo aplicado; precio en cero: revisar antes de importar",NO
986,OTR-197,,Rodillo 4,Otros / Sin clasificar,NIU,94,Unidad,0.0,0.0,0.0,19,GRAVADO,00,,tarifa general del articulo 437 E.T.,01,0.0,True,"criterio ""baja"": confirmar el articulo aplicado; precio en cero: revisar antes de importar",NO
988,OTR-198,,partida de varilla,Otros / Sin clasificar,MTR,MTR,Metro,0.0,0.0,0.0,19,GRAVADO,00,,tarifa general del articulo 437 E.T.,01,0.0,True,"material que se vende por longitud; confirmar si es metro lineal; criterio ""baja"": confirmar el articulo aplicado; precio en cero: revisar antes de importar",NO
989,OTR-199,,Bultos cemento general,Otros / Sin clasificar,BAG,BAG,Bulto/Saco,0.0,0.0,0.0,0,EXENTO,02,422,art. 422 del Estatuto Tributario,01,0.0,True,"criterio ""media"": confirmar el articulo aplicado; precio en cero: revisar antes de importar",NO
990,OTR-200,,Fijamix,Otros / Sin clasificar,NIU,94,Unidad,0.0,0.0,0.0,19,GRAVADO,00,,tarifa general del articulo 437 E.T.,01,0.0,True,"criterio ""baja"": confirmar el articulo aplicado; precio en cero: revisar antes de importar",NO
991,OTR-201,,metros arena,Otros / Sin clasificar,MTR,MTR,Metro,0.0,0.0,0.0,0,EXCLUIDO,01,424,art. 424 del Estatuto Tributario,01,0.0,True,precio en cero: revisar antes de importar,NO
992,OTR-202,,metros polisombra,Otros / Sin clasificar,MTR,MTR,Metro,0.0,0.0,0.0,19,GRAVADO,00,,tarifa general del articulo 437 E.T.,01,0.0,True,"criterio ""baja"": confirmar el articulo aplicado; precio en cero: revisar antes de importar",NO
993,OTR-203,,Llave 1/2,Otros / Sin clasificar,NIU,94,Unidad,0.0,0.0,0.0,19,GRAVADO,00,,tarifa general del articulo 437 E.T.,01,0.0,True,"criterio ""baja"": confirmar el articulo aplicado; precio en cero: revisar antes de importar",NO
995,OTR-204,,teflon mediano,Otros / Sin clasificar,NIU,94,Unidad,0.0,0.0,0.0,19,GRAVADO,00,,tarifa general del articulo 437 E.T.,01,0.0,True,"criterio ""baja"": confirmar el articulo aplicado; precio en cero: revisar antes de importar",NO
996,OTR-205,,PEGANTE 1/64,Otros / Sin clasificar,NIU,94,Unidad,0.0,0.0,0.0,19,GRAVADO,00,,tarifa general del articulo 437 E.T.,01,0.0,True,"criterio ""baja"": confirmar el articulo aplicado; producto de la lista de verificacion manual (pinturas, metales, electricos, EPP o adhesion); precio en cero: revisar antes de importar",NO
998,OTR-206,,Disco corte verde,Otros / Sin clasificar,NIU,94,Unidad,0.0,0.0,0.0,19,GRAVADO,00,,tarifa general del articulo 437 E.T.,01,0.0,True,"criterio ""baja"": confirmar el articulo aplicado; precio en cero: revisar antes de importar",NO
999,OTR-207,,Llave jardinera,Otros / Sin clasificar,NIU,94,Unidad,0.0,0.0,0.0,19,GRAVADO,00,,tarifa general del articulo 437 E.T.,01,0.0,True,"criterio ""baja"": confirmar el articulo aplicado; precio en cero: revisar antes de importar",NO
1000,OTR-208,,Separador de baldosa,Otros / Sin clasificar,NIU,94,Unidad,0.0,0.0,0.0,19,GRAVADO,00,,tarifa general del articulo 437 E.T.,01,0.0,True,"criterio ""baja"": confirmar el articulo aplicado; precio en cero: revisar antes de importar",NO
1002,OTR-209,,Tuercas 3/8,Otros / Sin clasificar,NIU,94,Unidad,0.0,0.0,0.0,19,GRAVADO,00,,tarifa general del articulo 437 E.T.,01,0.0,True,"criterio ""baja"": confirmar el articulo aplicado; precio en cero: revisar antes de importar",NO
1003,OTR-210,,arandelas,Otros / Sin clasificar,NIU,94,Unidad,0.0,0.0,0.0,19,GRAVADO,00,,tarifa general del articulo 437 E.T.,01,0.0,True,"criterio ""baja"": confirmar el articulo aplicado; precio en cero: revisar antes de importar",NO
1004,OTR-211,,Caja de paices rojo x 12,Otros / Sin clasificar,BX,BX,Caja,0.0,0.0,0.0,19,GRAVADO,00,,tarifa general del articulo 437 E.T.,01,0.0,True,"criterio ""baja"": confirmar el articulo aplicado; precio en cero: revisar antes de importar",NO
1005,OTR-212,,Cuartos de pintura vinitec,Otros / Sin clasificar,NIU,94,Unidad,0.0,0.0,0.0,19,GRAVADO,00,,tarifa general del articulo 437 E.T.,01,0.0,True,"criterio ""baja"": confirmar el articulo aplicado; producto de la lista de verificacion manual (pinturas, metales, electricos, EPP o adhesion); precio en cero: revisar antes de importar",NO
1006,OTR-213,,Tornillos goloso 2,Otros / Sin clasificar,NIU,94,Unidad,0.0,0.0,0.0,19,GRAVADO,00,,tarifa general del articulo 437 E.T.,01,0.0,True,"criterio ""baja"": confirmar el articulo aplicado; precio en cero: revisar antes de importar",NO
1007,OTR-214,,broca x 2 total,Otros / Sin clasificar,NIU,94,Unidad,0.0,0.0,0.0,19,GRAVADO,00,,tarifa general del articulo 437 E.T.,01,0.0,True,"criterio ""baja"": confirmar el articulo aplicado; precio en cero: revisar antes de importar",NO
1008,OTR-215,,anticorrosivo negro,Otros / Sin clasificar,NIU,94,Unidad,0.0,0.0,0.0,19,GRAVADO,00,,tarifa general del articulo 437 E.T.,01,0.0,True,"criterio ""baja"": confirmar el articulo aplicado; precio en cero: revisar antes de importar",NO
1009,OTR-216,,"brocha 1""",Otros / Sin clasificar,NIU,94,Unidad,0.0,0.0,0.0,19,GRAVADO,00,,tarifa general del articulo 437 E.T.,01,0.0,True,"criterio ""baja"": confirmar el articulo aplicado; precio en cero: revisar antes de importar",NO
1010,OTR-217,,vinilo pequeño,Otros / Sin clasificar,NIU,94,Unidad,0.0,0.0,0.0,19,GRAVADO,00,,tarifa general del articulo 437 E.T.,01,0.0,True,"criterio ""baja"": confirmar el articulo aplicado; precio en cero: revisar antes de importar",NO
1011,OTR-218,,Metros cable n12 blanco,Otros / Sin clasificar,MTR,MTR,Metro,0.0,0.0,0.0,19,GRAVADO,00,,tarifa general del articulo 437 E.T.,01,0.0,True,"criterio ""baja"": confirmar el articulo aplicado; producto de la lista de verificacion manual (pinturas, metales, electricos, EPP o adhesion); precio en cero: revisar antes de importar",NO
1012,OTR-219,,cm de tubo de 3,Otros / Sin clasificar,MTR,MTR,Metro,0.0,0.0,0.0,19,GRAVADO,00,,tarifa general del articulo 437 E.T.,01,0.0,True,"material que se vende por longitud; confirmar si es metro lineal; criterio ""baja"": confirmar el articulo aplicado; precio en cero: revisar antes de importar",NO
1013,OTR-220,,Grada conduit 3,Otros / Sin clasificar,NIU,94,Unidad,0.0,0.0,0.0,19,GRAVADO,00,,tarifa general del articulo 437 E.T.,01,0.0,True,"criterio ""baja"": confirmar el articulo aplicado; precio en cero: revisar antes de importar",NO
1014,OTR-221,,Chazos 1/4,Otros / Sin clasificar,NIU,94,Unidad,0.0,0.0,0.0,19,GRAVADO,00,,tarifa general del articulo 437 E.T.,01,0.0,True,"criterio ""baja"": confirmar el articulo aplicado; precio en cero: revisar antes de importar",NO
1015,OTR-222,,Tornillos 1/4,Otros / Sin clasificar,NIU,94,Unidad,0.0,0.0,0.0,19,GRAVADO,00,,tarifa general del articulo 437 E.T.,01,0.0,True,"criterio ""baja"": confirmar el articulo aplicado; precio en cero: revisar antes de importar",NO
1017,OTR-223,,Bultos de cemento alion,Otros / Sin clasificar,BAG,BAG,Bulto/Saco,0.0,0.0,0.0,0,EXENTO,02,422,art. 422 del Estatuto Tributario,01,0.0,True,"criterio ""media"": confirmar el articulo aplicado; precio en cero: revisar antes de importar",NO
1019,OTR-224,,"Brocha 2""",Otros / Sin clasificar,NIU,94,Unidad,0.0,0.0,0.0,19,GRAVADO,00,,tarifa general del articulo 437 E.T.,01,0.0,True,"criterio ""baja"": confirmar el articulo aplicado; precio en cero: revisar antes de importar",NO
1021,OTR-225,,Tornillos aquitectonicos,Otros / Sin clasificar,NIU,94,Unidad,0.0,0.0,0.0,19,GRAVADO,00,,tarifa general del articulo 437 E.T.,01,0.0,True,"criterio ""baja"": confirmar el articulo aplicado; precio en cero: revisar antes de importar",NO
1022,OTR-226,,Silicona transparente,Otros / Sin clasificar,NIU,94,Unidad,0.0,0.0,0.0,19,GRAVADO,00,,tarifa general del articulo 437 E.T.,01,0.0,True,"criterio ""baja"": confirmar el articulo aplicado; precio en cero: revisar antes de importar",NO
1023,OTR-227,,Silicona negra,Otros / Sin clasificar,NIU,94,Unidad,0.0,0.0,0.0,19,GRAVADO,00,,tarifa general del articulo 437 E.T.,01,0.0,True,"criterio ""baja"": confirmar el articulo aplicado; precio en cero: revisar antes de importar",NO
1024,OTR-228,,Bultos cemento argos,Otros / Sin clasificar,BAG,BAG,Bulto/Saco,0.0,0.0,0.0,0,EXENTO,02,422,art. 422 del Estatuto Tributario,01,0.0,True,"criterio ""media"": confirmar el articulo aplicado; precio en cero: revisar antes de importar",NO
1025,OTR-229,,Llaves lavamanos unifer,Otros / Sin clasificar,NIU,94,Unidad,0.0,0.0,0.0,19,GRAVADO,00,,tarifa general del articulo 437 E.T.,01,0.0,True,"criterio ""baja"": confirmar el articulo aplicado; precio en cero: revisar antes de importar",NO
1026,OTR-230,,Acople lavamanos,Otros / Sin clasificar,NIU,94,Unidad,0.0,0.0,0.0,19,GRAVADO,00,,tarifa general del articulo 437 E.T.,01,0.0,True,"criterio ""baja"": confirmar el articulo aplicado; precio en cero: revisar antes de importar",NO
1027,OTR-231,,Adaptador machos,Otros / Sin clasificar,NIU,94,Unidad,0.0,0.0,0.0,19,GRAVADO,00,,tarifa general del articulo 437 E.T.,01,0.0,True,"criterio ""baja"": confirmar el articulo aplicado; precio en cero: revisar antes de importar",NO
1028,OTR-232,,Registro de ducha uduke,Otros / Sin clasificar,NIU,94,Unidad,0.0,0.0,0.0,19,GRAVADO,00,,tarifa general del articulo 437 E.T.,01,0.0,True,"criterio ""baja"": confirmar el articulo aplicado; precio en cero: revisar antes de importar",NO
1029,OTR-233,,Kilo boquilla blanca,Otros / Sin clasificar,KGM,KGM,Kilogramo,0.0,0.0,0.0,19,GRAVADO,00,,tarifa general del articulo 437 E.T.,01,0.0,True,"criterio ""baja"": confirmar el articulo aplicado; precio en cero: revisar antes de importar",NO
1031,OTR-234,,Boquilla blanca,Otros / Sin clasificar,NIU,94,Unidad,0.0,0.0,0.0,19,GRAVADO,00,,tarifa general del articulo 437 E.T.,01,0.0,True,"criterio ""baja"": confirmar el articulo aplicado; precio en cero: revisar antes de importar",NO
1033,OTR-235,,Cajas 2x4,Otros / Sin clasificar,BX,BX,Caja,0.0,0.0,0.0,19,GRAVADO,00,,tarifa general del articulo 437 E.T.,01,0.0,True,"criterio ""baja"": confirmar el articulo aplicado; precio en cero: revisar antes de importar",NO
1035,OTR-236,,medio bulto de cemento,Otros / Sin clasificar,BAG,BAG,Bulto/Saco,0.0,0.0,0.0,0,EXENTO,02,422,art. 422 del Estatuto Tributario,01,0.0,True,"criterio ""media"": confirmar el articulo aplicado; precio en cero: revisar antes de importar",NO
1036,OTR-237,,Laminas 25 cm,Otros / Sin clasificar,NIU,94,Unidad,0.0,0.0,0.0,19,GRAVADO,00,,tarifa general del articulo 437 E.T.,01,0.0,True,"criterio ""baja"": confirmar el articulo aplicado; precio en cero: revisar antes de importar",NO
1037,OTR-238,,Angulos 120,Otros / Sin clasificar,NIU,94,Unidad,0.0,0.0,0.0,19,GRAVADO,00,,tarifa general del articulo 437 E.T.,01,0.0,True,"criterio ""baja"": confirmar el articulo aplicado; precio en cero: revisar antes de importar",NO
1038,OTR-239,,Chapetas,Otros / Sin clasificar,NIU,94,Unidad,0.0,0.0,0.0,19,GRAVADO,00,,tarifa general del articulo 437 E.T.,01,0.0,True,"criterio ""baja"": confirmar el articulo aplicado; precio en cero: revisar antes de importar",NO
1039,OTR-240,,Angulos 60 cm,Otros / Sin clasificar,NIU,94,Unidad,0.0,0.0,0.0,19,GRAVADO,00,,tarifa general del articulo 437 E.T.,01,0.0,True,"criterio ""baja"": confirmar el articulo aplicado; precio en cero: revisar antes de importar",NO
1045,OTR-241,,Latas gravilla,Otros / Sin clasificar,NIU,94,Unidad,0.0,0.0,0.0,19,GRAVADO,00,,tarifa general del articulo 437 E.T.,01,0.0,True,"criterio ""baja"": confirmar el articulo aplicado; precio en cero: revisar antes de importar",NO
1046,OTR-242,,Bultos,Otros / Sin clasificar,BAG,BAG,Bulto/Saco,0.0,0.0,0.0,19,GRAVADO,00,,tarifa general del articulo 437 E.T.,01,0.0,True,"criterio ""baja"": confirmar el articulo aplicado; precio en cero: revisar antes de importar",NO
1047,OTR-243,,discos corte metal,Otros / Sin clasificar,NIU,94,Unidad,0.0,0.0,0.0,19,GRAVADO,00,,tarifa general del articulo 437 E.T.,01,0.0,True,"criterio ""baja"": confirmar el articulo aplicado; precio en cero: revisar antes de importar",NO
1050,OTR-244,,Bloque cemento,Otros / Sin clasificar,NIU,94,Unidad,0.0,0.0,0.0,0,EXENTO,02,422,art. 422 del Estatuto Tributario,01,0.0,True,"criterio ""media"": confirmar el articulo aplicado; precio en cero: revisar antes de importar",NO
1051,OTR-245,,Baldes,Otros / Sin clasificar,NIU,94,Unidad,0.0,0.0,0.0,19,GRAVADO,00,,tarifa general del articulo 437 E.T.,01,0.0,True,"criterio ""baja"": confirmar el articulo aplicado; precio en cero: revisar antes de importar",NO
1052,OTR-246,,Curva 1/2,Otros / Sin clasificar,NIU,94,Unidad,0.0,0.0,0.0,19,GRAVADO,00,,tarifa general del articulo 437 E.T.,01,0.0,True,"criterio ""baja"": confirmar el articulo aplicado; precio en cero: revisar antes de importar",NO
1053,OTR-247,,Caja 2x4,Otros / Sin clasificar,BX,BX,Caja,0.0,0.0,0.0,19,GRAVADO,00,,tarifa general del articulo 437 E.T.,01,0.0,True,"criterio ""baja"": confirmar el articulo aplicado; precio en cero: revisar antes de importar",NO
1054,OTR-248,,Bulto cemento,Otros / Sin clasificar,BAG,BAG,Bulto/Saco,0.0,0.0,0.0,0,EXENTO,02,422,art. 422 del Estatuto Tributario,01,0.0,True,"criterio ""media"": confirmar el articulo aplicado; precio en cero: revisar antes de importar",NO
1056,OTR-249,,Lata arena,Otros / Sin clasificar,NIU,94,Unidad,0.0,0.0,0.0,0,EXCLUIDO,01,424,art. 424 del Estatuto Tributario,01,0.0,True,precio en cero: revisar antes de importar,NO
1057,OTR-250,,estuco,Otros / Sin clasificar,NIU,94,Unidad,0.0,0.0,0.0,0,EXENTO,02,422,art. 422 del Estatuto Tributario,01,0.0,True,"criterio ""media"": confirmar el articulo aplicado; precio en cero: revisar antes de importar",NO
1058,OTR-251,,Kilos pegacor,Otros / Sin clasificar,KGM,KGM,Kilogramo,0.0,0.0,0.0,19,GRAVADO,00,,tarifa general del articulo 437 E.T.,01,0.0,True,"criterio ""baja"": confirmar el articulo aplicado; precio en cero: revisar antes de importar",NO
1059,OTR-252,,Kilos cemento gris,Otros / Sin clasificar,KGM,KGM,Kilogramo,0.0,0.0,0.0,0,EXENTO,02,422,art. 422 del Estatuto Tributario,01,0.0,True,"criterio ""media"": confirmar el articulo aplicado; precio en cero: revisar antes de importar",NO
1060,OTR-253,,Galon estuco,Otros / Sin clasificar,LTR,LTR,Litro,0.0,0.0,0.0,0,EXENTO,02,422,art. 422 del Estatuto Tributario,01,0.0,True,"criterio ""media"": confirmar el articulo aplicado; precio en cero: revisar antes de importar",NO
1061,OTR-254,,Lijas # 150,Otros / Sin clasificar,NIU,94,Unidad,0.0,0.0,0.0,19,GRAVADO,00,,tarifa general del articulo 437 E.T.,01,0.0,True,"criterio ""baja"": confirmar el articulo aplicado; precio en cero: revisar antes de importar",NO
1062,OTR-255,,Pulidora magnum,Otros / Sin clasificar,NIU,94,Unidad,0.0,0.0,0.0,19,GRAVADO,00,,tarifa general del articulo 437 E.T.,01,0.0,True,"criterio ""baja"": confirmar el articulo aplicado; precio en cero: revisar antes de importar",NO
1063,OTR-256,,Guantes nitrilo,Otros / Sin clasificar,NIU,94,Unidad,0.0,0.0,0.0,19,GRAVADO,00,,tarifa general del articulo 437 E.T.,01,0.0,True,"criterio ""baja"": confirmar el articulo aplicado; producto de la lista de verificacion manual (pinturas, metales, electricos, EPP o adhesion); precio en cero: revisar antes de importar",NO
1064,OTR-257,,Palustre,Otros / Sin clasificar,NIU,94,Unidad,0.0,0.0,0.0,19,GRAVADO,00,,tarifa general del articulo 437 E.T.,01,0.0,True,"criterio ""baja"": confirmar el articulo aplicado; precio en cero: revisar antes de importar",NO
1065,OTR-258,,Lonas,Otros / Sin clasificar,NIU,94,Unidad,0.0,0.0,0.0,19,GRAVADO,00,,tarifa general del articulo 437 E.T.,01,0.0,True,"criterio ""baja"": confirmar el articulo aplicado; precio en cero: revisar antes de importar",NO
1068,OTR-259,,Caja Exagonal,Otros / Sin clasificar,BX,BX,Caja,0.0,0.0,0.0,19,GRAVADO,00,,tarifa general del articulo 437 E.T.,01,0.0,True,"criterio ""baja"": confirmar el articulo aplicado; precio en cero: revisar antes de importar",NO
1072,OTR-260,,Alambre dulce,Otros / Sin clasificar,MTR,MTR,Metro,0.0,0.0,0.0,19,GRAVADO,00,,tarifa general del articulo 437 E.T.,01,0.0,True,"material que se vende por longitud; confirmar si es metro lineal; criterio ""baja"": confirmar el articulo aplicado; producto de la lista de verificacion manual (pinturas, metales, electricos, EPP o adhesion); precio en cero: revisar antes de importar",NO
1073,OTR-261,,"Libra puntilla de acero 2""",Otros / Sin clasificar,NIU,94,Unidad,0.0,0.0,0.0,19,GRAVADO,00,,tarifa general del articulo 437 E.T.,01,0.0,True,"criterio ""baja"": confirmar el articulo aplicado; precio en cero: revisar antes de importar",NO
1074,OTR-262,,"puntilla 2""",Otros / Sin clasificar,NIU,94,Unidad,0.0,0.0,0.0,19,GRAVADO,00,,tarifa general del articulo 437 E.T.,01,0.0,True,"criterio ""baja"": confirmar el articulo aplicado; precio en cero: revisar antes de importar",NO
1076,OTR-263,,kilo de alambre,Otros / Sin clasificar,KGM,KGM,Kilogramo,0.0,0.0,0.0,19,GRAVADO,00,,tarifa general del articulo 437 E.T.,01,0.0,True,"criterio ""baja"": confirmar el articulo aplicado; producto de la lista de verificacion manual (pinturas, metales, electricos, EPP o adhesion); precio en cero: revisar antes de importar",NO
1077,OTR-264,,"Libra puntilla 2""  de acero",Otros / Sin clasificar,NIU,94,Unidad,0.0,0.0,0.0,19,GRAVADO,00,,tarifa general del articulo 437 E.T.,01,0.0,True,"criterio ""baja"": confirmar el articulo aplicado; precio en cero: revisar antes de importar",NO
1080,OTR-265,,Metro gravilla,Otros / Sin clasificar,MTR,MTR,Metro,0.0,0.0,0.0,19,GRAVADO,00,,tarifa general del articulo 437 E.T.,01,0.0,True,"criterio ""baja"": confirmar el articulo aplicado; precio en cero: revisar antes de importar",NO
1086,OTR-266,,Metros manguera amarilla,Otros / Sin clasificar,MTR,MTR,Metro,0.0,0.0,0.0,19,GRAVADO,00,,tarifa general del articulo 437 E.T.,01,0.0,True,"criterio ""baja"": confirmar el articulo aplicado; precio en cero: revisar antes de importar",NO
1088,OTR-267,,Bulto cemento ARGOS GENERAL,Otros / Sin clasificar,BAG,BAG,Bulto/Saco,0.0,0.0,0.0,0,EXENTO,02,422,art. 422 del Estatuto Tributario,01,0.0,True,"criterio ""media"": confirmar el articulo aplicado; precio en cero: revisar antes de importar",NO
1091,OTR-268,,Canecas estuco corama,Otros / Sin clasificar,NIU,94,Unidad,0.0,0.0,0.0,0,EXENTO,02,422,art. 422 del Estatuto Tributario,01,0.0,True,"criterio ""media"": confirmar el articulo aplicado; precio en cero: revisar antes de importar",NO
1092,OTR-269,,Cuñete pintura tipo 1 blanca,Otros / Sin clasificar,NIU,94,Unidad,0.0,0.0,0.0,19,GRAVADO,00,,tarifa general del articulo 437 E.T.,01,0.0,True,"criterio ""baja"": confirmar el articulo aplicado; producto de la lista de verificacion manual (pinturas, metales, electricos, EPP o adhesion); precio en cero: revisar antes de importar",NO
1094,OTR-270,,Estructural,Otros / Sin clasificar,NIU,94,Unidad,0.0,0.0,0.0,19,GRAVADO,00,,tarifa general del articulo 437 E.T.,01,0.0,True,"criterio ""baja"": confirmar el articulo aplicado; precio en cero: revisar antes de importar",NO
1095,OTR-271,,Sellante rojo,Otros / Sin clasificar,NIU,94,Unidad,0.0,0.0,0.0,19,GRAVADO,00,,tarifa general del articulo 437 E.T.,01,0.0,True,"criterio ""baja"": confirmar el articulo aplicado; precio en cero: revisar antes de importar",NO
1096,OTR-272,,Palin con cabo,Otros / Sin clasificar,NIU,94,Unidad,0.0,0.0,0.0,0,EXENTO,02,422,art. 422 del Estatuto Tributario,01,0.0,True,"criterio ""media"": confirmar el articulo aplicado; precio en cero: revisar antes de importar",NO
1097,OTR-273,,pintura negra aceite cuarto,Otros / Sin clasificar,NIU,94,Unidad,0.0,0.0,0.0,19,GRAVADO,00,,tarifa general del articulo 437 E.T.,01,0.0,True,"criterio ""baja"": confirmar el articulo aplicado; producto de la lista de verificacion manual (pinturas, metales, electricos, EPP o adhesion); precio en cero: revisar antes de importar",NO
1098,OTR-274,,Silicona sikaflex,Otros / Sin clasificar,NIU,94,Unidad,0.0,0.0,0.0,19,GRAVADO,00,,tarifa general del articulo 437 E.T.,01,0.0,True,"criterio ""baja"": confirmar el articulo aplicado; precio en cero: revisar antes de importar",NO
1100,OTR-275,,Espuma politereno,Otros / Sin clasificar,NIU,94,Unidad,0.0,0.0,0.0,19,GRAVADO,00,,tarifa general del articulo 437 E.T.,01,0.0,True,"criterio ""baja"": confirmar el articulo aplicado; precio en cero: revisar antes de importar",NO
1102,OTR-276,,SIKA FLEX BLANCA,Otros / Sin clasificar,NIU,94,Unidad,0.0,0.0,0.0,19,GRAVADO,00,,tarifa general del articulo 437 E.T.,01,0.0,True,"criterio ""baja"": confirmar el articulo aplicado; precio en cero: revisar antes de importar",NO
1104,OTR-277,,Rodillo 2,Otros / Sin clasificar,NIU,94,Unidad,0.0,0.0,0.0,19,GRAVADO,00,,tarifa general del articulo 437 E.T.,01,0.0,True,"criterio ""baja"": confirmar el articulo aplicado; precio en cero: revisar antes de importar",NO
1105,OTR-278,,Rollos manguera 1/2 calibre 60,Otros / Sin clasificar,ROL,ROL,Rollo,0.0,0.0,0.0,19,GRAVADO,00,,tarifa general del articulo 437 E.T.,01,0.0,True,"criterio ""baja"": confirmar el articulo aplicado; precio en cero: revisar antes de importar",NO
1106,OTR-279,,Tanque 1000 ml,Otros / Sin clasificar,MLT,MLT,Mililitro,0.0,0.0,0.0,19,GRAVADO,00,,tarifa general del articulo 437 E.T.,01,0.0,True,"criterio ""baja"": confirmar el articulo aplicado; precio en cero: revisar antes de importar",NO
1108,OTR-280,,Interructor doble,Otros / Sin clasificar,NIU,94,Unidad,0.0,0.0,0.0,19,GRAVADO,00,,tarifa general del articulo 437 E.T.,01,0.0,True,"criterio ""baja"": confirmar el articulo aplicado; precio en cero: revisar antes de importar",NO
1109,OTR-281,,Cinta aislante,Otros / Sin clasificar,MTR,MTR,Metro,0.0,0.0,0.0,19,GRAVADO,00,,tarifa general del articulo 437 E.T.,01,0.0,True,"material que se vende por longitud; confirmar si es metro lineal; criterio ""baja"": confirmar el articulo aplicado; precio en cero: revisar antes de importar",NO
1110,OTR-282,,Plafones,Otros / Sin clasificar,NIU,94,Unidad,0.0,0.0,0.0,19,GRAVADO,00,,tarifa general del articulo 437 E.T.,01,0.0,True,"criterio ""baja"": confirmar el articulo aplicado; precio en cero: revisar antes de importar",NO
1111,OTR-283,,INVERCRYL,Otros / Sin clasificar,NIU,94,Unidad,0.0,0.0,0.0,19,GRAVADO,00,,tarifa general del articulo 437 E.T.,01,0.0,True,"criterio ""baja"": confirmar el articulo aplicado; precio en cero: revisar antes de importar",NO
1113,OTR-284,,Broca 1/2,Otros / Sin clasificar,NIU,94,Unidad,0.0,0.0,0.0,19,GRAVADO,00,,tarifa general del articulo 437 E.T.,01,0.0,True,"criterio ""baja"": confirmar el articulo aplicado; precio en cero: revisar antes de importar",NO
1114,OTR-285,,Metros cable # 10 amarillo,Otros / Sin clasificar,MTR,MTR,Metro,0.0,0.0,0.0,19,GRAVADO,00,,tarifa general del articulo 437 E.T.,01,0.0,True,"criterio ""baja"": confirmar el articulo aplicado; producto de la lista de verificacion manual (pinturas, metales, electricos, EPP o adhesion); precio en cero: revisar antes de importar",NO
1115,OTR-286,,Metros cable # 10 blanco,Otros / Sin clasificar,MTR,MTR,Metro,0.0,0.0,0.0,19,GRAVADO,00,,tarifa general del articulo 437 E.T.,01,0.0,True,"criterio ""baja"": confirmar el articulo aplicado; producto de la lista de verificacion manual (pinturas, metales, electricos, EPP o adhesion); precio en cero: revisar antes de importar",NO
1116,OTR-287,,"Cajas tornillos 2""",Otros / Sin clasificar,BX,BX,Caja,0.0,0.0,0.0,19,GRAVADO,00,,tarifa general del articulo 437 E.T.,01,0.0,True,"criterio ""baja"": confirmar el articulo aplicado; precio en cero: revisar antes de importar",NO
1118,OTR-288,,Libra ountilla 2 acero,Otros / Sin clasificar,NIU,94,Unidad,0.0,0.0,0.0,19,GRAVADO,00,,tarifa general del articulo 437 E.T.,01,0.0,True,"criterio ""baja"": confirmar el articulo aplicado; precio en cero: revisar antes de importar",NO
1119,OTR-289,,Vrillas 3/8,Otros / Sin clasificar,NIU,94,Unidad,0.0,0.0,0.0,19,GRAVADO,00,,tarifa general del articulo 437 E.T.,01,0.0,True,"criterio ""baja"": confirmar el articulo aplicado; precio en cero: revisar antes de importar",NO
1121,OTR-290,,Discos corte hierro,Otros / Sin clasificar,NIU,94,Unidad,0.0,0.0,0.0,19,GRAVADO,00,,tarifa general del articulo 437 E.T.,01,0.0,True,"criterio ""baja"": confirmar el articulo aplicado; precio en cero: revisar antes de importar",NO
1122,OTR-291,,Brocha 3,Otros / Sin clasificar,NIU,94,Unidad,0.0,0.0,0.0,19,GRAVADO,00,,tarifa general del articulo 437 E.T.,01,0.0,True,"criterio ""baja"": confirmar el articulo aplicado; precio en cero: revisar antes de importar",NO
1125,OTR-292,,Libra puntilla 2 acero,Otros / Sin clasificar,NIU,94,Unidad,0.0,0.0,0.0,19,GRAVADO,00,,tarifa general del articulo 437 E.T.,01,0.0,True,"criterio ""baja"": confirmar el articulo aplicado; precio en cero: revisar antes de importar",NO
1128,OTR-293,,Medios,Otros / Sin clasificar,NIU,94,Unidad,0.0,0.0,0.0,19,GRAVADO,00,,tarifa general del articulo 437 E.T.,01,0.0,True,"criterio ""baja"": confirmar el articulo aplicado; precio en cero: revisar antes de importar",NO
1129,OTR-294,,Terminales 1/2,Otros / Sin clasificar,NIU,94,Unidad,0.0,0.0,0.0,19,GRAVADO,00,,tarifa general del articulo 437 E.T.,01,0.0,True,"criterio ""baja"": confirmar el articulo aplicado; precio en cero: revisar antes de importar",NO
1130,OTR-295,,Terninal 3/4,Otros / Sin clasificar,NIU,94,Unidad,0.0,0.0,0.0,19,GRAVADO,00,,tarifa general del articulo 437 E.T.,01,0.0,True,"criterio ""baja"": confirmar el articulo aplicado; precio en cero: revisar antes de importar",NO
1132,OTR-296,,bultos de cemento,Otros / Sin clasificar,BAG,BAG,Bulto/Saco,0.0,0.0,0.0,0,EXENTO,02,422,art. 422 del Estatuto Tributario,01,0.0,True,"criterio ""media"": confirmar el articulo aplicado; precio en cero: revisar antes de importar",NO
1133,OTR-297,,PUNTILLOA DE 2 ACERO,Otros / Sin clasificar,NIU,94,Unidad,0.0,0.0,0.0,19,GRAVADO,00,,tarifa general del articulo 437 E.T.,01,0.0,True,"criterio ""baja"": confirmar el articulo aplicado; precio en cero: revisar antes de importar",NO
1136,OTR-298,,"Espatula 5"" metalica",Otros / Sin clasificar,NIU,94,Unidad,0.0,0.0,0.0,19,GRAVADO,00,,tarifa general del articulo 437 E.T.,01,0.0,True,"criterio ""baja"": confirmar el articulo aplicado; precio en cero: revisar antes de importar",NO
1137,OTR-299,,Llana plastica,Otros / Sin clasificar,NIU,94,Unidad,0.0,0.0,0.0,19,GRAVADO,00,,tarifa general del articulo 437 E.T.,01,0.0,True,"criterio ""baja"": confirmar el articulo aplicado; producto de la lista de verificacion manual (pinturas, metales, electricos, EPP o adhesion); precio en cero: revisar antes de importar",NO
1138,OTR-300,,Kilo soldadura 6013,Otros / Sin clasificar,KGM,KGM,Kilogramo,0.0,0.0,0.0,19,GRAVADO,00,,tarifa general del articulo 437 E.T.,01,0.0,True,"criterio ""baja"": confirmar el articulo aplicado; precio en cero: revisar antes de importar",NO
1139,OTR-301,,Galon 3 en 1 negro,Otros / Sin clasificar,LTR,LTR,Litro,0.0,0.0,0.0,19,GRAVADO,00,,tarifa general del articulo 437 E.T.,01,0.0,True,"criterio ""baja"": confirmar el articulo aplicado; precio en cero: revisar antes de importar",NO
1140,OTR-302,,hilaza,Otros / Sin clasificar,NIU,94,Unidad,0.0,0.0,0.0,19,GRAVADO,00,,tarifa general del articulo 437 E.T.,01,0.0,True,"criterio ""baja"": confirmar el articulo aplicado; precio en cero: revisar antes de importar",NO
1142,OTR-303,,Silicona corneta,Otros / Sin clasificar,NIU,94,Unidad,0.0,0.0,0.0,19,GRAVADO,00,,tarifa general del articulo 437 E.T.,01,0.0,True,"criterio ""baja"": confirmar el articulo aplicado; precio en cero: revisar antes de importar",NO
1143,OTR-304,,"Tonillos antiperforantes 1""",Otros / Sin clasificar,NIU,94,Unidad,0.0,0.0,0.0,19,GRAVADO,00,,tarifa general del articulo 437 E.T.,01,0.0,True,"criterio ""baja"": confirmar el articulo aplicado; precio en cero: revisar antes de importar",NO
1144,OTR-305,,Tornillos autoperforantes 1,Otros / Sin clasificar,NIU,94,Unidad,0.0,0.0,0.0,19,GRAVADO,00,,tarifa general del articulo 437 E.T.,01,0.0,True,"criterio ""baja"": confirmar el articulo aplicado; precio en cero: revisar antes de importar",NO
1145,OTR-306,,Interructor sencilo,Otros / Sin clasificar,NIU,94,Unidad,0.0,0.0,0.0,19,GRAVADO,00,,tarifa general del articulo 437 E.T.,01,0.0,True,"criterio ""baja"": confirmar el articulo aplicado; precio en cero: revisar antes de importar",NO
1146,OTR-307,,Cintas aisalntes,Otros / Sin clasificar,NIU,94,Unidad,0.0,0.0,0.0,19,GRAVADO,00,,tarifa general del articulo 437 E.T.,01,0.0,True,"criterio ""baja"": confirmar el articulo aplicado; precio en cero: revisar antes de importar",NO
1147,OTR-308,,Plafones de loza,Otros / Sin clasificar,NIU,94,Unidad,0.0,0.0,0.0,19,GRAVADO,00,,tarifa general del articulo 437 E.T.,01,0.0,True,"criterio ""baja"": confirmar el articulo aplicado; precio en cero: revisar antes de importar",NO
1148,OTR-309,,Visagras,Otros / Sin clasificar,NIU,94,Unidad,0.0,0.0,0.0,19,GRAVADO,00,,tarifa general del articulo 437 E.T.,01,0.0,True,"criterio ""baja"": confirmar el articulo aplicado; precio en cero: revisar antes de importar",NO
1149,OTR-310,,Tacos 30,Otros / Sin clasificar,NIU,94,Unidad,0.0,0.0,0.0,19,GRAVADO,00,,tarifa general del articulo 437 E.T.,01,0.0,True,"criterio ""baja"": confirmar el articulo aplicado; precio en cero: revisar antes de importar",NO
1152,OTR-311,,Libras puntilla acero,Otros / Sin clasificar,NIU,94,Unidad,0.0,0.0,0.0,19,GRAVADO,00,,tarifa general del articulo 437 E.T.,01,0.0,True,"criterio ""baja"": confirmar el articulo aplicado; precio en cero: revisar antes de importar",NO
1153,OTR-312,,Libras puntilla 2,Otros / Sin clasificar,NIU,94,Unidad,0.0,0.0,0.0,19,GRAVADO,00,,tarifa general del articulo 437 E.T.,01,0.0,True,"criterio ""baja"": confirmar el articulo aplicado; precio en cero: revisar antes de importar",NO
1154,OTR-313,,Clavija hembra,Otros / Sin clasificar,NIU,94,Unidad,0.0,0.0,0.0,19,GRAVADO,00,,tarifa general del articulo 437 E.T.,01,0.0,True,"criterio ""baja"": confirmar el articulo aplicado; precio en cero: revisar antes de importar",NO
1155,OTR-314,,Clavija macho,Otros / Sin clasificar,NIU,94,Unidad,0.0,0.0,0.0,19,GRAVADO,00,,tarifa general del articulo 437 E.T.,01,0.0,True,"criterio ""baja"": confirmar el articulo aplicado; precio en cero: revisar antes de importar",NO
1157,OTR-315,,Galones anticorrosivo blanco,Otros / Sin clasificar,LTR,LTR,Litro,0.0,0.0,0.0,19,GRAVADO,00,,tarifa general del articulo 437 E.T.,01,0.0,True,"criterio ""baja"": confirmar el articulo aplicado; precio en cero: revisar antes de importar",NO
1160,OTR-316,,Broca,Otros / Sin clasificar,NIU,94,Unidad,0.0,0.0,0.0,19,GRAVADO,00,,tarifa general del articulo 437 E.T.,01,0.0,True,"criterio ""baja"": confirmar el articulo aplicado; precio en cero: revisar antes de importar",NO
1162,OTR-317,,Taladro marca knox,Otros / Sin clasificar,NIU,94,Unidad,0.0,0.0,0.0,19,GRAVADO,00,,tarifa general del articulo 437 E.T.,01,0.0,True,"criterio ""baja"": confirmar el articulo aplicado; precio en cero: revisar antes de importar",NO
1163,OTR-318,,Cuartos anticorrosivo,Otros / Sin clasificar,NIU,94,Unidad,0.0,0.0,0.0,19,GRAVADO,00,,tarifa general del articulo 437 E.T.,01,0.0,True,"criterio ""baja"": confirmar el articulo aplicado; precio en cero: revisar antes de importar",NO
1171,OTR-319,,Cajas Boquilla gris,Otros / Sin clasificar,BX,BX,Caja,0.0,0.0,0.0,19,GRAVADO,00,,tarifa general del articulo 437 E.T.,01,0.0,True,"criterio ""baja"": confirmar el articulo aplicado; precio en cero: revisar antes de importar",NO
1173,OTR-320,,Metro arena,Otros / Sin clasificar,MTR,MTR,Metro,0.0,0.0,0.0,0,EXCLUIDO,01,424,art. 424 del Estatuto Tributario,01,0.0,True,precio en cero: revisar antes de importar,NO
1176,OTR-321,,Concremalla,Otros / Sin clasificar,NIU,94,Unidad,0.0,0.0,0.0,19,GRAVADO,00,,tarifa general del articulo 437 E.T.,01,0.0,True,"criterio ""baja"": confirmar el articulo aplicado; precio en cero: revisar antes de importar",NO
1177,OTR-322,,METRO DE GRAVILLA,Otros / Sin clasificar,MTR,MTR,Metro,0.0,0.0,0.0,19,GRAVADO,00,,tarifa general del articulo 437 E.T.,01,0.0,True,"criterio ""baja"": confirmar el articulo aplicado; precio en cero: revisar antes de importar",NO
1180,OTR-323,,Bloques,Otros / Sin clasificar,NIU,94,Unidad,0.0,0.0,0.0,19,GRAVADO,00,,tarifa general del articulo 437 E.T.,01,0.0,True,"criterio ""baja"": confirmar el articulo aplicado; precio en cero: revisar antes de importar",NO
1184,OTR-324,,Disco concreto,Otros / Sin clasificar,NIU,94,Unidad,0.0,0.0,0.0,0,EXENTO,02,422,art. 422 del Estatuto Tributario,01,0.0,True,"criterio ""media"": confirmar el articulo aplicado; precio en cero: revisar antes de importar",NO
1185,OTR-325,,Cuñete pintura blanca,Otros / Sin clasificar,NIU,94,Unidad,0.0,0.0,0.0,19,GRAVADO,00,,tarifa general del articulo 437 E.T.,01,0.0,True,"criterio ""baja"": confirmar el articulo aplicado; producto de la lista de verificacion manual (pinturas, metales, electricos, EPP o adhesion); precio en cero: revisar antes de importar",NO
1186,OTR-326,,Lavamanos corona,Otros / Sin clasificar,NIU,94,Unidad,0.0,0.0,0.0,19,GRAVADO,00,,tarifa general del articulo 437 E.T.,01,0.0,True,"criterio ""baja"": confirmar el articulo aplicado; precio en cero: revisar antes de importar",NO
1187,OTR-327,,Brochas,Otros / Sin clasificar,NIU,94,Unidad,0.0,0.0,0.0,19,GRAVADO,00,,tarifa general del articulo 437 E.T.,01,0.0,True,"criterio ""baja"": confirmar el articulo aplicado; precio en cero: revisar antes de importar",NO
1188,OTR-328,,Llave lavamanos,Otros / Sin clasificar,NIU,94,Unidad,0.0,0.0,0.0,19,GRAVADO,00,,tarifa general del articulo 437 E.T.,01,0.0,True,"criterio ""baja"": confirmar el articulo aplicado; precio en cero: revisar antes de importar",NO
1189,OTR-329,,Soporte lavamanos,Otros / Sin clasificar,NIU,94,Unidad,0.0,0.0,0.0,19,GRAVADO,00,,tarifa general del articulo 437 E.T.,01,0.0,True,"criterio ""baja"": confirmar el articulo aplicado; precio en cero: revisar antes de importar",NO
1190,OTR-330,,Acordeon lavamanos,Otros / Sin clasificar,NIU,94,Unidad,0.0,0.0,0.0,19,GRAVADO,00,,tarifa general del articulo 437 E.T.,01,0.0,True,"criterio ""baja"": confirmar el articulo aplicado; precio en cero: revisar antes de importar",NO
1191,OTR-331,,Adaptadores machos,Otros / Sin clasificar,NIU,94,Unidad,0.0,0.0,0.0,19,GRAVADO,00,,tarifa general del articulo 437 E.T.,01,0.0,True,"criterio ""baja"": confirmar el articulo aplicado; precio en cero: revisar antes de importar",NO
1192,OTR-332,,Broca 5/16,Otros / Sin clasificar,NIU,94,Unidad,0.0,0.0,0.0,19,GRAVADO,00,,tarifa general del articulo 437 E.T.,01,0.0,True,"criterio ""baja"": confirmar el articulo aplicado; precio en cero: revisar antes de importar",NO
1193,OTR-333,,Chapa madera,Otros / Sin clasificar,NIU,94,Unidad,0.0,0.0,0.0,19,GRAVADO,00,,tarifa general del articulo 437 E.T.,01,0.0,True,"criterio ""baja"": confirmar el articulo aplicado; precio en cero: revisar antes de importar",NO
1194,OTR-334,,Metros tubo 2,Otros / Sin clasificar,MTR,MTR,Metro,0.0,0.0,0.0,19,GRAVADO,00,,tarifa general del articulo 437 E.T.,01,0.0,True,"criterio ""baja"": confirmar el articulo aplicado; precio en cero: revisar antes de importar",NO
1195,OTR-335,,Pintura aceite,Otros / Sin clasificar,NIU,94,Unidad,0.0,0.0,0.0,19,GRAVADO,00,,tarifa general del articulo 437 E.T.,01,0.0,True,"criterio ""baja"": confirmar el articulo aplicado; producto de la lista de verificacion manual (pinturas, metales, electricos, EPP o adhesion); precio en cero: revisar antes de importar",NO
1196,OTR-336,,Ducha electrica,Otros / Sin clasificar,NIU,94,Unidad,0.0,0.0,0.0,19,GRAVADO,00,,tarifa general del articulo 437 E.T.,01,0.0,True,"criterio ""baja"": confirmar el articulo aplicado; precio en cero: revisar antes de importar",NO
1197,OTR-337,,Taco,Otros / Sin clasificar,NIU,94,Unidad,0.0,0.0,0.0,19,GRAVADO,00,,tarifa general del articulo 437 E.T.,01,0.0,True,"criterio ""baja"": confirmar el articulo aplicado; precio en cero: revisar antes de importar",NO
1198,OTR-338,,Valvula 1/2,Otros / Sin clasificar,NIU,94,Unidad,0.0,0.0,0.0,19,GRAVADO,00,,tarifa general del articulo 437 E.T.,01,0.0,True,"criterio ""baja"": confirmar el articulo aplicado; precio en cero: revisar antes de importar",NO
1199,OTR-339,,Regilla 1/2,Otros / Sin clasificar,NIU,94,Unidad,0.0,0.0,0.0,19,GRAVADO,00,,tarifa general del articulo 437 E.T.,01,0.0,True,"criterio ""baja"": confirmar el articulo aplicado; precio en cero: revisar antes de importar",NO
1200,OTR-340,,Llave plastica,Otros / Sin clasificar,NIU,94,Unidad,0.0,0.0,0.0,19,GRAVADO,00,,tarifa general del articulo 437 E.T.,01,0.0,True,"criterio ""baja"": confirmar el articulo aplicado; producto de la lista de verificacion manual (pinturas, metales, electricos, EPP o adhesion); precio en cero: revisar antes de importar",NO
1201,OTR-341,,Teflon pequeño,Otros / Sin clasificar,NIU,94,Unidad,0.0,0.0,0.0,19,GRAVADO,00,,tarifa general del articulo 437 E.T.,01,0.0,True,"criterio ""baja"": confirmar el articulo aplicado; precio en cero: revisar antes de importar",NO
1202,OTR-342,,Sifon lavamanos,Otros / Sin clasificar,NIU,94,Unidad,0.0,0.0,0.0,19,GRAVADO,00,,tarifa general del articulo 437 E.T.,01,0.0,True,"criterio ""baja"": confirmar el articulo aplicado; precio en cero: revisar antes de importar",NO
1203,OTR-343,,Chapas puerta,Otros / Sin clasificar,NIU,94,Unidad,0.0,0.0,0.0,19,GRAVADO,00,,tarifa general del articulo 437 E.T.,01,0.0,True,"criterio ""baja"": confirmar el articulo aplicado; precio en cero: revisar antes de importar",NO
1204,OTR-344,,Rodillos grandes,Otros / Sin clasificar,NIU,94,Unidad,0.0,0.0,0.0,19,GRAVADO,00,,tarifa general del articulo 437 E.T.,01,0.0,True,"criterio ""baja"": confirmar el articulo aplicado; precio en cero: revisar antes de importar",NO
1205,OTR-345,,Pintura aceite verde primaveral,Otros / Sin clasificar,NIU,94,Unidad,0.0,0.0,0.0,19,GRAVADO,00,,tarifa general del articulo 437 E.T.,01,0.0,True,"criterio ""baja"": confirmar el articulo aplicado; producto de la lista de verificacion manual (pinturas, metales, electricos, EPP o adhesion); precio en cero: revisar antes de importar",NO
1206,OTR-346,,Cajas boquilla blanca,Otros / Sin clasificar,BX,BX,Caja,0.0,0.0,0.0,19,GRAVADO,00,,tarifa general del articulo 437 E.T.,01,0.0,True,"criterio ""baja"": confirmar el articulo aplicado; precio en cero: revisar antes de importar",NO
1207,OTR-347,,Chazos de 1/4,Otros / Sin clasificar,NIU,94,Unidad,0.0,0.0,0.0,19,GRAVADO,00,,tarifa general del articulo 437 E.T.,01,0.0,True,"criterio ""baja"": confirmar el articulo aplicado; precio en cero: revisar antes de importar",NO
1208,OTR-348,,Abrazadera para tubo,Otros / Sin clasificar,MTR,MTR,Metro,0.0,0.0,0.0,19,GRAVADO,00,,tarifa general del articulo 437 E.T.,01,0.0,True,"material que se vende por longitud; confirmar si es metro lineal; criterio ""baja"": confirmar el articulo aplicado; precio en cero: revisar antes de importar",NO
1209,OTR-349,,Toma mas  interruptor,Otros / Sin clasificar,NIU,94,Unidad,0.0,0.0,0.0,19,GRAVADO,00,,tarifa general del articulo 437 E.T.,01,0.0,True,"criterio ""baja"": confirmar el articulo aplicado; producto de la lista de verificacion manual (pinturas, metales, electricos, EPP o adhesion); precio en cero: revisar antes de importar",NO
1210,OTR-350,,Punta taladro,Otros / Sin clasificar,NIU,94,Unidad,0.0,0.0,0.0,19,GRAVADO,00,,tarifa general del articulo 437 E.T.,01,0.0,True,"criterio ""baja"": confirmar el articulo aplicado; precio en cero: revisar antes de importar",NO
1211,OTR-351,,Tornillo drywal,Otros / Sin clasificar,NIU,94,Unidad,0.0,0.0,0.0,19,GRAVADO,00,,tarifa general del articulo 437 E.T.,01,0.0,True,"criterio ""baja"": confirmar el articulo aplicado; precio en cero: revisar antes de importar",NO
1212,OTR-352,,Caja 2x4 pastico,Otros / Sin clasificar,BX,BX,Caja,0.0,0.0,0.0,19,GRAVADO,00,,tarifa general del articulo 437 E.T.,01,0.0,True,"criterio ""baja"": confirmar el articulo aplicado; precio en cero: revisar antes de importar",NO
1215,OTR-353,,Metros manguera amarilla gas,Otros / Sin clasificar,MTR,MTR,Metro,0.0,0.0,0.0,19,GRAVADO,00,,tarifa general del articulo 437 E.T.,01,0.0,True,"criterio ""baja"": confirmar el articulo aplicado; producto de la lista de verificacion manual (pinturas, metales, electricos, EPP o adhesion); precio en cero: revisar antes de importar",NO
1216,OTR-354,,Manguera lavadora,Otros / Sin clasificar,MTR,MTR,Metro,0.0,0.0,0.0,19,GRAVADO,00,,tarifa general del articulo 437 E.T.,01,0.0,True,"material que se vende por longitud; confirmar si es metro lineal; criterio ""baja"": confirmar el articulo aplicado; precio en cero: revisar antes de importar",NO
1217,OTR-355,,Pegante pvc grande 1/16,Otros / Sin clasificar,NIU,94,Unidad,0.0,0.0,0.0,19,GRAVADO,00,,tarifa general del articulo 437 E.T.,01,0.0,True,"criterio ""baja"": confirmar el articulo aplicado; producto de la lista de verificacion manual (pinturas, metales, electricos, EPP o adhesion); precio en cero: revisar antes de importar",NO
1218,OTR-356,,Ye 1/2,Otros / Sin clasificar,NIU,94,Unidad,0.0,0.0,0.0,19,GRAVADO,00,,tarifa general del articulo 437 E.T.,01,0.0,True,"criterio ""baja"": confirmar el articulo aplicado; precio en cero: revisar antes de importar",NO
1219,OTR-357,,Semi codo 1/2,Otros / Sin clasificar,NIU,94,Unidad,0.0,0.0,0.0,19,GRAVADO,00,,tarifa general del articulo 437 E.T.,01,0.0,True,"criterio ""baja"": confirmar el articulo aplicado; precio en cero: revisar antes de importar",NO
1220,OTR-358,,Llaves plasticas 1/2,Otros / Sin clasificar,NIU,94,Unidad,0.0,0.0,0.0,19,GRAVADO,00,,tarifa general del articulo 437 E.T.,01,0.0,True,"criterio ""baja"": confirmar el articulo aplicado; producto de la lista de verificacion manual (pinturas, metales, electricos, EPP o adhesion); precio en cero: revisar antes de importar",NO
1221,OTR-359,,Regilla 2 1 1/2,Otros / Sin clasificar,NIU,94,Unidad,0.0,0.0,0.0,19,GRAVADO,00,,tarifa general del articulo 437 E.T.,01,0.0,True,"criterio ""baja"": confirmar el articulo aplicado; precio en cero: revisar antes de importar",NO
1222,OTR-360,,Rodillos,Otros / Sin clasificar,NIU,94,Unidad,0.0,0.0,0.0,19,GRAVADO,00,,tarifa general del articulo 437 E.T.,01,0.0,True,"criterio ""baja"": confirmar el articulo aplicado; precio en cero: revisar antes de importar",NO
1223,OTR-361,,Bolsa invercril,Otros / Sin clasificar,NIU,94,Unidad,0.0,0.0,0.0,19,GRAVADO,00,,tarifa general del articulo 437 E.T.,01,0.0,True,"criterio ""baja"": confirmar el articulo aplicado; precio en cero: revisar antes de importar",NO
1224,OTR-362,,Flotador tanque gerfor,Otros / Sin clasificar,NIU,94,Unidad,0.0,0.0,0.0,19,GRAVADO,00,,tarifa general del articulo 437 E.T.,01,0.0,True,"criterio ""baja"": confirmar el articulo aplicado; precio en cero: revisar antes de importar",NO
1225,OTR-363,,Caballete,Otros / Sin clasificar,NIU,94,Unidad,0.0,0.0,0.0,19,GRAVADO,00,,tarifa general del articulo 437 E.T.,01,0.0,True,"criterio ""baja"": confirmar el articulo aplicado; precio en cero: revisar antes de importar",NO
1226,OTR-364,,Desc ontar pvc,Otros / Sin clasificar,NIU,94,Unidad,0.0,0.0,0.0,19,GRAVADO,00,,tarifa general del articulo 437 E.T.,01,0.0,True,"criterio ""baja"": confirmar el articulo aplicado; precio en cero: revisar antes de importar",NO
1228,OTR-365,,tapopnes 1/2,Otros / Sin clasificar,NIU,94,Unidad,0.0,0.0,0.0,19,GRAVADO,00,,tarifa general del articulo 437 E.T.,01,0.0,True,"criterio ""baja"": confirmar el articulo aplicado; precio en cero: revisar antes de importar",NO
1229,OTR-366,,"Machos de 1""",Otros / Sin clasificar,NIU,94,Unidad,0.0,0.0,0.0,19,GRAVADO,00,,tarifa general del articulo 437 E.T.,01,0.0,True,"criterio ""baja"": confirmar el articulo aplicado; precio en cero: revisar antes de importar",NO
1230,OTR-367,,"llave  paso 1""",Otros / Sin clasificar,NIU,94,Unidad,0.0,0.0,0.0,19,GRAVADO,00,,tarifa general del articulo 437 E.T.,01,0.0,True,"criterio ""baja"": confirmar el articulo aplicado; precio en cero: revisar antes de importar",NO
1231,OTR-368,,teflon grande,Otros / Sin clasificar,NIU,94,Unidad,0.0,0.0,0.0,19,GRAVADO,00,,tarifa general del articulo 437 E.T.,01,0.0,True,"criterio ""baja"": confirmar el articulo aplicado; precio en cero: revisar antes de importar",NO
1234,OTR-369,,Bolsa puntilla con gorro,Otros / Sin clasificar,NIU,94,Unidad,0.0,0.0,0.0,19,GRAVADO,00,,tarifa general del articulo 437 E.T.,01,0.0,True,"criterio ""baja"": confirmar el articulo aplicado; precio en cero: revisar antes de importar",NO
1235,OTR-370,,Pares guantes de caucho,Otros / Sin clasificar,NIU,94,Unidad,0.0,0.0,0.0,19,GRAVADO,00,,tarifa general del articulo 437 E.T.,01,0.0,True,"criterio ""baja"": confirmar el articulo aplicado; producto de la lista de verificacion manual (pinturas, metales, electricos, EPP o adhesion); precio en cero: revisar antes de importar",NO
1236,OTR-371,,Libras putilla 2 1/2,Otros / Sin clasificar,NIU,94,Unidad,0.0,0.0,0.0,19,GRAVADO,00,,tarifa general del articulo 437 E.T.,01,0.0,True,"criterio ""baja"": confirmar el articulo aplicado; precio en cero: revisar antes de importar",NO
1237,OTR-372,,"Brocha 4""",Otros / Sin clasificar,NIU,94,Unidad,0.0,0.0,0.0,19,GRAVADO,00,,tarifa general del articulo 437 E.T.,01,0.0,True,"criterio ""baja"": confirmar el articulo aplicado; precio en cero: revisar antes de importar",NO
1238,OTR-373,,Tarro grasa,Otros / Sin clasificar,NIU,94,Unidad,0.0,0.0,0.0,19,GRAVADO,00,,tarifa general del articulo 437 E.T.,01,0.0,True,"criterio ""baja"": confirmar el articulo aplicado; precio en cero: revisar antes de importar",NO
1239,OTR-374,,Metros tubo 1/2,Otros / Sin clasificar,MTR,MTR,Metro,0.0,0.0,0.0,19,GRAVADO,00,,tarifa general del articulo 437 E.T.,01,0.0,True,"criterio ""baja"": confirmar el articulo aplicado; precio en cero: revisar antes de importar",NO
1240,OTR-375,,"Ye 2""",Otros / Sin clasificar,NIU,94,Unidad,0.0,0.0,0.0,19,GRAVADO,00,,tarifa general del articulo 437 E.T.,01,0.0,True,"criterio ""baja"": confirmar el articulo aplicado; precio en cero: revisar antes de importar",NO
1241,OTR-376,,"Semi codo 2""",Otros / Sin clasificar,NIU,94,Unidad,0.0,0.0,0.0,19,GRAVADO,00,,tarifa general del articulo 437 E.T.,01,0.0,True,"criterio ""baja"": confirmar el articulo aplicado; precio en cero: revisar antes de importar",NO
1242,OTR-377,,hoja de cegueta,Otros / Sin clasificar,NIU,94,Unidad,0.0,0.0,0.0,19,GRAVADO,00,,tarifa general del articulo 437 E.T.,01,0.0,True,"criterio ""baja"": confirmar el articulo aplicado; precio en cero: revisar antes de importar",NO
1243,OTR-378,,Lija # 60,Otros / Sin clasificar,NIU,94,Unidad,0.0,0.0,0.0,19,GRAVADO,00,,tarifa general del articulo 437 E.T.,01,0.0,True,"criterio ""baja"": confirmar el articulo aplicado; precio en cero: revisar antes de importar",NO
1244,OTR-379,,Lapiz rojo,Otros / Sin clasificar,NIU,94,Unidad,0.0,0.0,0.0,19,GRAVADO,00,,tarifa general del articulo 437 E.T.,01,0.0,True,"criterio ""baja"": confirmar el articulo aplicado; precio en cero: revisar antes de importar",NO
1247,OTR-380,,Reduccion 4 a 3,Otros / Sin clasificar,NIU,94,Unidad,0.0,0.0,0.0,19,GRAVADO,00,,tarifa general del articulo 437 E.T.,01,0.0,True,"criterio ""baja"": confirmar el articulo aplicado; precio en cero: revisar antes de importar",NO
1248,OTR-381,,"Metros tubo 4""",Otros / Sin clasificar,MTR,MTR,Metro,0.0,0.0,0.0,19,GRAVADO,00,,tarifa general del articulo 437 E.T.,01,0.0,True,"criterio ""baja"": confirmar el articulo aplicado; precio en cero: revisar antes de importar",NO
1250,OTR-382,,puntilla acero 2 1/2,Otros / Sin clasificar,NIU,94,Unidad,0.0,0.0,0.0,19,GRAVADO,00,,tarifa general del articulo 437 E.T.,01,0.0,True,"criterio ""baja"": confirmar el articulo aplicado; precio en cero: revisar antes de importar",NO
1251,OTR-383,,Silicona,Otros / Sin clasificar,NIU,94,Unidad,0.0,0.0,0.0,19,GRAVADO,00,,tarifa general del articulo 437 E.T.,01,0.0,True,"criterio ""baja"": confirmar el articulo aplicado; precio en cero: revisar antes de importar",NO
1252,OTR-384,,Libras puntilla 1 1/2,Otros / Sin clasificar,NIU,94,Unidad,0.0,0.0,0.0,19,GRAVADO,00,,tarifa general del articulo 437 E.T.,01,0.0,True,"criterio ""baja"": confirmar el articulo aplicado; precio en cero: revisar antes de importar",NO
1253,OTR-385,,Libras puntilla 2 1/2 acero,Otros / Sin clasificar,NIU,94,Unidad,0.0,0.0,0.0,19,GRAVADO,00,,tarifa general del articulo 437 E.T.,01,0.0,True,"criterio ""baja"": confirmar el articulo aplicado; precio en cero: revisar antes de importar",NO
1255,OTR-386,,Registro ducha marca unifer,Otros / Sin clasificar,NIU,94,Unidad,0.0,0.0,0.0,19,GRAVADO,00,,tarifa general del articulo 437 E.T.,01,0.0,True,"criterio ""baja"": confirmar el articulo aplicado; precio en cero: revisar antes de importar",NO
1256,OTR-387,,"disco sierra 7""",Otros / Sin clasificar,NIU,94,Unidad,0.0,0.0,0.0,19,GRAVADO,00,,tarifa general del articulo 437 E.T.,01,0.0,True,"criterio ""baja"": confirmar el articulo aplicado; precio en cero: revisar antes de importar",NO
1257,OTR-388,,Puntilla 1/2,Otros / Sin clasificar,NIU,94,Unidad,0.0,0.0,0.0,19,GRAVADO,00,,tarifa general del articulo 437 E.T.,01,0.0,True,"criterio ""baja"": confirmar el articulo aplicado; precio en cero: revisar antes de importar",NO
1258,OTR-389,,Libras puntilla 2 1/2 x 500 gr,Otros / Sin clasificar,GRM,GRM,Gramo,0.0,0.0,0.0,19,GRAVADO,00,,tarifa general del articulo 437 E.T.,01,0.0,True,"criterio ""baja"": confirmar el articulo aplicado; precio en cero: revisar antes de importar",NO
1259,OTR-390,,disco sierra,Otros / Sin clasificar,NIU,94,Unidad,0.0,0.0,0.0,19,GRAVADO,00,,tarifa general del articulo 437 E.T.,01,0.0,True,"criterio ""baja"": confirmar el articulo aplicado; precio en cero: revisar antes de importar",NO
1260,OTR-391,,Lavamanos,Otros / Sin clasificar,NIU,94,Unidad,0.0,0.0,0.0,19,GRAVADO,00,,tarifa general del articulo 437 E.T.,01,0.0,True,"criterio ""baja"": confirmar el articulo aplicado; precio en cero: revisar antes de importar",NO
1261,OTR-392,,Acordion lavamanos,Otros / Sin clasificar,NIU,94,Unidad,0.0,0.0,0.0,19,GRAVADO,00,,tarifa general del articulo 437 E.T.,01,0.0,True,"criterio ""baja"": confirmar el articulo aplicado; precio en cero: revisar antes de importar",NO
1262,OTR-393,,Chapetas lavamanos,Otros / Sin clasificar,NIU,94,Unidad,0.0,0.0,0.0,19,GRAVADO,00,,tarifa general del articulo 437 E.T.,01,0.0,True,"criterio ""baja"": confirmar el articulo aplicado; precio en cero: revisar antes de importar",NO
1263,OTR-394,,Chazos,Otros / Sin clasificar,NIU,94,Unidad,0.0,0.0,0.0,19,GRAVADO,00,,tarifa general del articulo 437 E.T.,01,0.0,True,"criterio ""baja"": confirmar el articulo aplicado; precio en cero: revisar antes de importar",NO
1264,OTR-395,,Llave reguladora,Otros / Sin clasificar,NIU,94,Unidad,0.0,0.0,0.0,19,GRAVADO,00,,tarifa general del articulo 437 E.T.,01,0.0,True,"criterio ""baja"": confirmar el articulo aplicado; precio en cero: revisar antes de importar",NO
1265,OTR-396,,Medio galon vinil expert,Otros / Sin clasificar,LTR,LTR,Litro,0.0,0.0,0.0,19,GRAVADO,00,,tarifa general del articulo 437 E.T.,01,0.0,True,"criterio ""baja"": confirmar el articulo aplicado; precio en cero: revisar antes de importar",NO
1266,OTR-397,,"Rodillos 6""",Otros / Sin clasificar,NIU,94,Unidad,0.0,0.0,0.0,19,GRAVADO,00,,tarifa general del articulo 437 E.T.,01,0.0,True,"criterio ""baja"": confirmar el articulo aplicado; precio en cero: revisar antes de importar",NO
1267,OTR-398,,Brocha  gavilan,Otros / Sin clasificar,NIU,94,Unidad,0.0,0.0,0.0,19,GRAVADO,00,,tarifa general del articulo 437 E.T.,01,0.0,True,"criterio ""baja"": confirmar el articulo aplicado; precio en cero: revisar antes de importar",NO
1268,OTR-399,,Bolsa estuco,Otros / Sin clasificar,NIU,94,Unidad,0.0,0.0,0.0,0,EXENTO,02,422,art. 422 del Estatuto Tributario,01,0.0,True,"criterio ""media"": confirmar el articulo aplicado; precio en cero: revisar antes de importar",NO
1269,OTR-400,,Hojas 3 metros tipo  lechoza,Otros / Sin clasificar,MTR,MTR,Metro,0.0,0.0,0.0,19,GRAVADO,00,,tarifa general del articulo 437 E.T.,01,0.0,True,"criterio ""baja"": confirmar el articulo aplicado; precio en cero: revisar antes de importar",NO
1270,OTR-401,,Limas tiburon,Otros / Sin clasificar,NIU,94,Unidad,0.0,0.0,0.0,19,GRAVADO,00,,tarifa general del articulo 437 E.T.,01,0.0,True,"criterio ""baja"": confirmar el articulo aplicado; precio en cero: revisar antes de importar",NO
1274,OTR-402,,flejas de 24x39 3/8,Otros / Sin clasificar,NIU,94,Unidad,0.0,0.0,0.0,19,GRAVADO,00,,tarifa general del articulo 437 E.T.,01,0.0,True,"criterio ""baja"": confirmar el articulo aplicado; precio en cero: revisar antes de importar",NO
1278,OTR-403,,Metros teja arquitectonica color azul c 30,Otros / Sin clasificar,MTR,MTR,Metro,0.0,0.0,0.0,0,EXENTO,02,422,art. 422 del Estatuto Tributario,01,0.0,True,"criterio ""media"": confirmar el articulo aplicado; precio en cero: revisar antes de importar",NO
1281,OTR-404,,Metros teja arquitectonica calibre 28,Otros / Sin clasificar,MTR,MTR,Metro,0.0,0.0,0.0,0,EXENTO,02,422,art. 422 del Estatuto Tributario,01,0.0,True,"criterio ""media"": confirmar el articulo aplicado; precio en cero: revisar antes de importar",NO
1282,OTR-405,,Bulto cemento estructural,Otros / Sin clasificar,BAG,BAG,Bulto/Saco,0.0,0.0,0.0,0,EXENTO,02,422,art. 422 del Estatuto Tributario,01,0.0,True,"criterio ""media"": confirmar el articulo aplicado; precio en cero: revisar antes de importar",NO
1283,OTR-406,,formaletas,Otros / Sin clasificar,NIU,94,Unidad,0.0,0.0,0.0,19,GRAVADO,00,,tarifa general del articulo 437 E.T.,01,0.0,True,"criterio ""baja"": confirmar el articulo aplicado; precio en cero: revisar antes de importar",NO
1284,OTR-407,,rana,Otros / Sin clasificar,NIU,94,Unidad,0.0,0.0,0.0,19,GRAVADO,00,,tarifa general del articulo 437 E.T.,01,0.0,True,"criterio ""baja"": confirmar el articulo aplicado; precio en cero: revisar antes de importar",NO
1285,OTR-408,,KILOS DE ALAMBRE,Otros / Sin clasificar,KGM,KGM,Kilogramo,0.0,0.0,0.0,19,GRAVADO,00,,tarifa general del articulo 437 E.T.,01,0.0,True,"criterio ""baja"": confirmar el articulo aplicado; producto de la lista de verificacion manual (pinturas, metales, electricos, EPP o adhesion); precio en cero: revisar antes de importar",NO
1286,OTR-409,,DISCOS DE CORTE,Otros / Sin clasificar,NIU,94,Unidad,0.0,0.0,0.0,19,GRAVADO,00,,tarifa general del articulo 437 E.T.,01,0.0,True,"criterio ""baja"": confirmar el articulo aplicado; precio en cero: revisar antes de importar",NO
1288,OTR-410,,PARES DE GUANTES,Otros / Sin clasificar,NIU,94,Unidad,0.0,0.0,0.0,19,GRAVADO,00,,tarifa general del articulo 437 E.T.,01,0.0,True,"criterio ""baja"": confirmar el articulo aplicado; producto de la lista de verificacion manual (pinturas, metales, electricos, EPP o adhesion); precio en cero: revisar antes de importar",NO
1293,OTR-411,,Pintura tipo 1,Otros / Sin clasificar,NIU,94,Unidad,0.0,0.0,0.0,19,GRAVADO,00,,tarifa general del articulo 437 E.T.,01,0.0,True,"criterio ""baja"": confirmar el articulo aplicado; producto de la lista de verificacion manual (pinturas, metales, electricos, EPP o adhesion); precio en cero: revisar antes de importar",NO
1295,OTR-412,,Pegante 1/16 gerfor,Otros / Sin clasificar,NIU,94,Unidad,0.0,0.0,0.0,19,GRAVADO,00,,tarifa general del articulo 437 E.T.,01,0.0,True,"criterio ""baja"": confirmar el articulo aplicado; producto de la lista de verificacion manual (pinturas, metales, electricos, EPP o adhesion); precio en cero: revisar antes de importar",NO
1299,OTR-413,,Tornillos 2 1/2,Otros / Sin clasificar,NIU,94,Unidad,0.0,0.0,0.0,19,GRAVADO,00,,tarifa general del articulo 437 E.T.,01,0.0,True,"criterio ""baja"": confirmar el articulo aplicado; precio en cero: revisar antes de importar",NO
1300,OTR-414,,Tornillos 2,Otros / Sin clasificar,NIU,94,Unidad,0.0,0.0,0.0,19,GRAVADO,00,,tarifa general del articulo 437 E.T.,01,0.0,True,"criterio ""baja"": confirmar el articulo aplicado; precio en cero: revisar antes de importar",NO
1301,OTR-415,,Caja puntilla 2,Otros / Sin clasificar,BX,BX,Caja,0.0,0.0,0.0,19,GRAVADO,00,,tarifa general del articulo 437 E.T.,01,0.0,True,"criterio ""baja"": confirmar el articulo aplicado; precio en cero: revisar antes de importar",NO
1302,OTR-416,,Bultos estructual,Otros / Sin clasificar,BAG,BAG,Bulto/Saco,0.0,0.0,0.0,19,GRAVADO,00,,tarifa general del articulo 437 E.T.,01,0.0,True,"criterio ""baja"": confirmar el articulo aplicado; precio en cero: revisar antes de importar",NO
1303,OTR-417,,Flejs 17x13 varilla 3/8,Otros / Sin clasificar,MTR,MTR,Metro,0.0,0.0,0.0,19,GRAVADO,00,,tarifa general del articulo 437 E.T.,01,0.0,True,"material que se vende por longitud; confirmar si es metro lineal; criterio ""baja"": confirmar el articulo aplicado; precio en cero: revisar antes de importar",NO
1304,OTR-418,,Gravilla,Otros / Sin clasificar,NIU,94,Unidad,0.0,0.0,0.0,19,GRAVADO,00,,tarifa general del articulo 437 E.T.,01,0.0,True,"criterio ""baja"": confirmar el articulo aplicado; precio en cero: revisar antes de importar",NO
1306,OTR-419,,Bulto estructural,Otros / Sin clasificar,BAG,BAG,Bulto/Saco,0.0,0.0,0.0,19,GRAVADO,00,,tarifa general del articulo 437 E.T.,01,0.0,True,"criterio ""baja"": confirmar el articulo aplicado; precio en cero: revisar antes de importar",NO
1307,OTR-420,,MEDIO BULTO CEMENTO,Otros / Sin clasificar,BAG,BAG,Bulto/Saco,0.0,0.0,0.0,0,EXENTO,02,422,art. 422 del Estatuto Tributario,01,0.0,True,"criterio ""media"": confirmar el articulo aplicado; precio en cero: revisar antes de importar",NO
1308,OTR-421,,Metros tubo 3,Otros / Sin clasificar,MTR,MTR,Metro,0.0,0.0,0.0,19,GRAVADO,00,,tarifa general del articulo 437 E.T.,01,0.0,True,"criterio ""baja"": confirmar el articulo aplicado; precio en cero: revisar antes de importar",NO
1310,OTR-422,,Laminas de metal d de 5 metros calibre 22,Otros / Sin clasificar,MTR,MTR,Metro,0.0,0.0,0.0,19,GRAVADO,00,,tarifa general del articulo 437 E.T.,01,0.0,True,"criterio ""baja"": confirmar el articulo aplicado; precio en cero: revisar antes de importar",NO
1312,OTR-423,,Triturado,Otros / Sin clasificar,NIU,94,Unidad,0.0,0.0,0.0,19,GRAVADO,00,,tarifa general del articulo 437 E.T.,01,0.0,True,"criterio ""baja"": confirmar el articulo aplicado; precio en cero: revisar antes de importar",NO
1313,OTR-424,,Baldes negros,Otros / Sin clasificar,NIU,94,Unidad,0.0,0.0,0.0,19,GRAVADO,00,,tarifa general del articulo 437 E.T.,01,0.0,True,"criterio ""baja"": confirmar el articulo aplicado; precio en cero: revisar antes de importar",NO
1314,OTR-425,,Galon pintura tipo 1,Otros / Sin clasificar,LTR,LTR,Litro,0.0,0.0,0.0,19,GRAVADO,00,,tarifa general del articulo 437 E.T.,01,0.0,True,"criterio ""baja"": confirmar el articulo aplicado; producto de la lista de verificacion manual (pinturas, metales, electricos, EPP o adhesion); precio en cero: revisar antes de importar",NO
1315,OTR-426,,Rodillo,Otros / Sin clasificar,NIU,94,Unidad,0.0,0.0,0.0,19,GRAVADO,00,,tarifa general del articulo 437 E.T.,01,0.0,True,"criterio ""baja"": confirmar el articulo aplicado; precio en cero: revisar antes de importar",NO
1317,OTR-427,,puntillka acero 2,Otros / Sin clasificar,NIU,94,Unidad,0.0,0.0,0.0,19,GRAVADO,00,,tarifa general del articulo 437 E.T.,01,0.0,True,"criterio ""baja"": confirmar el articulo aplicado; precio en cero: revisar antes de importar",NO
1318,OTR-428,,Soldadura 1/8 galon,Otros / Sin clasificar,LTR,LTR,Litro,0.0,0.0,0.0,19,GRAVADO,00,,tarifa general del articulo 437 E.T.,01,0.0,True,"criterio ""baja"": confirmar el articulo aplicado; precio en cero: revisar antes de importar",NO
1319,OTR-429,,"Semi codo 4""",Otros / Sin clasificar,NIU,94,Unidad,0.0,0.0,0.0,19,GRAVADO,00,,tarifa general del articulo 437 E.T.,01,0.0,True,"criterio ""baja"": confirmar el articulo aplicado; precio en cero: revisar antes de importar",NO
1320,OTR-430,,"T ubo 2""",Otros / Sin clasificar,NIU,94,Unidad,0.0,0.0,0.0,19,GRAVADO,00,,tarifa general del articulo 437 E.T.,01,0.0,True,"criterio ""baja"": confirmar el articulo aplicado; precio en cero: revisar antes de importar",NO
1321,OTR-431,,Disco corte concreto,Otros / Sin clasificar,NIU,94,Unidad,0.0,0.0,0.0,0,EXENTO,02,422,art. 422 del Estatuto Tributario,01,0.0,True,"criterio ""media"": confirmar el articulo aplicado; precio en cero: revisar antes de importar",NO
1325,OTR-432,,curvas de 3/4,Otros / Sin clasificar,NIU,94,Unidad,0.0,0.0,0.0,19,GRAVADO,00,,tarifa general del articulo 437 E.T.,01,0.0,True,"criterio ""baja"": confirmar el articulo aplicado; precio en cero: revisar antes de importar",NO
1326,OTR-433,,libras puntilla 2 !/2,Otros / Sin clasificar,NIU,94,Unidad,0.0,0.0,0.0,19,GRAVADO,00,,tarifa general del articulo 437 E.T.,01,0.0,True,"criterio ""baja"": confirmar el articulo aplicado; precio en cero: revisar antes de importar",NO
1328,OTR-434,,bultos de cemento estructural,Otros / Sin clasificar,BAG,BAG,Bulto/Saco,0.0,0.0,0.0,0,EXENTO,02,422,art. 422 del Estatuto Tributario,01,0.0,True,"criterio ""media"": confirmar el articulo aplicado; precio en cero: revisar antes de importar",NO
1329,OTR-435,,Soldadura 1/64,Otros / Sin clasificar,NIU,94,Unidad,0.0,0.0,0.0,19,GRAVADO,00,,tarifa general del articulo 437 E.T.,01,0.0,True,"criterio ""baja"": confirmar el articulo aplicado; precio en cero: revisar antes de importar",NO
1333,OTR-436,,formaleta 30x 30,Otros / Sin clasificar,NIU,94,Unidad,0.0,0.0,0.0,19,GRAVADO,00,,tarifa general del articulo 437 E.T.,01,0.0,True,"criterio ""baja"": confirmar el articulo aplicado; precio en cero: revisar antes de importar",NO
1334,OTR-437,,Formaletas 30x35,Otros / Sin clasificar,NIU,94,Unidad,0.0,0.0,0.0,19,GRAVADO,00,,tarifa general del articulo 437 E.T.,01,0.0,True,"criterio ""baja"": confirmar el articulo aplicado; precio en cero: revisar antes de importar",NO
1336,OTR-438,,Meros plastico negro,Otros / Sin clasificar,NIU,94,Unidad,0.0,0.0,0.0,19,GRAVADO,00,,tarifa general del articulo 437 E.T.,01,0.0,True,"criterio ""baja"": confirmar el articulo aplicado; producto de la lista de verificacion manual (pinturas, metales, electricos, EPP o adhesion); precio en cero: revisar antes de importar",NO
1337,OTR-439,,disco diamantado,Otros / Sin clasificar,NIU,94,Unidad,0.0,0.0,0.0,19,GRAVADO,00,,tarifa general del articulo 437 E.T.,01,0.0,True,"criterio ""baja"": confirmar el articulo aplicado; precio en cero: revisar antes de importar",NO
1339,OTR-440,,Bultos argos,Otros / Sin clasificar,BAG,BAG,Bulto/Saco,0.0,0.0,0.0,19,GRAVADO,00,,tarifa general del articulo 437 E.T.,01,0.0,True,"criterio ""baja"": confirmar el articulo aplicado; precio en cero: revisar antes de importar",NO
1340,OTR-441,,Redccion 4 a 2,Otros / Sin clasificar,NIU,94,Unidad,0.0,0.0,0.0,19,GRAVADO,00,,tarifa general del articulo 437 E.T.,01,0.0,True,"criterio ""baja"": confirmar el articulo aplicado; precio en cero: revisar antes de importar",NO
1341,OTR-442,,Macho 1/2,Otros / Sin clasificar,NIU,94,Unidad,0.0,0.0,0.0,19,GRAVADO,00,,tarifa general del articulo 437 E.T.,01,0.0,True,"criterio ""baja"": confirmar el articulo aplicado; precio en cero: revisar antes de importar",NO
1342,OTR-443,,Te,Otros / Sin clasificar,NIU,94,Unidad,0.0,0.0,0.0,19,GRAVADO,00,,tarifa general del articulo 437 E.T.,01,0.0,True,"criterio ""baja"": confirmar el articulo aplicado; precio en cero: revisar antes de importar",NO
1344,OTR-444,,Kilo soldadura delgada,Otros / Sin clasificar,KGM,KGM,Kilogramo,0.0,0.0,0.0,19,GRAVADO,00,,tarifa general del articulo 437 E.T.,01,0.0,True,"criterio ""baja"": confirmar el articulo aplicado; precio en cero: revisar antes de importar",NO
1346,OTR-445,,Reducciones 1 1/2 1,Otros / Sin clasificar,NIU,94,Unidad,0.0,0.0,0.0,19,GRAVADO,00,,tarifa general del articulo 437 E.T.,01,0.0,True,"criterio ""baja"": confirmar el articulo aplicado; precio en cero: revisar antes de importar",NO
1347,OTR-446,,Reduccion 1 1/2,Otros / Sin clasificar,NIU,94,Unidad,0.0,0.0,0.0,19,GRAVADO,00,,tarifa general del articulo 437 E.T.,01,0.0,True,"criterio ""baja"": confirmar el articulo aplicado; precio en cero: revisar antes de importar",NO
1348,OTR-447,,Tapon,Otros / Sin clasificar,NIU,94,Unidad,0.0,0.0,0.0,19,GRAVADO,00,,tarifa general del articulo 437 E.T.,01,0.0,True,"criterio ""baja"": confirmar el articulo aplicado; precio en cero: revisar antes de importar",NO
1349,OTR-448,,Adaptador hembra 1/2,Otros / Sin clasificar,NIU,94,Unidad,0.0,0.0,0.0,19,GRAVADO,00,,tarifa general del articulo 437 E.T.,01,0.0,True,"criterio ""baja"": confirmar el articulo aplicado; precio en cero: revisar antes de importar",NO
1350,OTR-449,,"Ye 3""",Otros / Sin clasificar,NIU,94,Unidad,0.0,0.0,0.0,19,GRAVADO,00,,tarifa general del articulo 437 E.T.,01,0.0,True,"criterio ""baja"": confirmar el articulo aplicado; precio en cero: revisar antes de importar",NO
1353,OTR-450,,Bugue de 4 a 3,Otros / Sin clasificar,NIU,94,Unidad,0.0,0.0,0.0,19,GRAVADO,00,,tarifa general del articulo 437 E.T.,01,0.0,True,"criterio ""baja"": confirmar el articulo aplicado; precio en cero: revisar antes de importar",NO
1354,OTR-451,,soldadura 1/32,Otros / Sin clasificar,NIU,94,Unidad,0.0,0.0,0.0,19,GRAVADO,00,,tarifa general del articulo 437 E.T.,01,0.0,True,"criterio ""baja"": confirmar el articulo aplicado; precio en cero: revisar antes de importar",NO
1356,OTR-452,,Combo sanitario corona,Otros / Sin clasificar,NIU,94,Unidad,0.0,0.0,0.0,19,GRAVADO,00,,tarifa general del articulo 437 E.T.,01,0.0,True,"criterio ""baja"": confirmar el articulo aplicado; precio en cero: revisar antes de importar",NO
1357,OTR-453,,Llave paso lisa,Otros / Sin clasificar,NIU,94,Unidad,0.0,0.0,0.0,19,GRAVADO,00,,tarifa general del articulo 437 E.T.,01,0.0,True,"criterio ""baja"": confirmar el articulo aplicado; precio en cero: revisar antes de importar",NO
1358,OTR-454,,Galon estuco coramast,Otros / Sin clasificar,LTR,LTR,Litro,0.0,0.0,0.0,0,EXENTO,02,422,art. 422 del Estatuto Tributario,01,0.0,True,"criterio ""media"": confirmar el articulo aplicado; precio en cero: revisar antes de importar",NO
1360,OTR-455,,Caja octagonal,Otros / Sin clasificar,BX,BX,Caja,0.0,0.0,0.0,19,GRAVADO,00,,tarifa general del articulo 437 E.T.,01,0.0,True,"criterio ""baja"": confirmar el articulo aplicado; precio en cero: revisar antes de importar",NO
1361,OTR-456,,MEDIA CANECA ESTUCO,Otros / Sin clasificar,NIU,94,Unidad,0.0,0.0,0.0,0,EXENTO,02,422,art. 422 del Estatuto Tributario,01,0.0,True,"criterio ""media"": confirmar el articulo aplicado; precio en cero: revisar antes de importar",NO
1362,OTR-457,,arena 1/4 de metro,Otros / Sin clasificar,MTR,MTR,Metro,0.0,0.0,0.0,0,EXCLUIDO,01,424,art. 424 del Estatuto Tributario,01,0.0,True,precio en cero: revisar antes de importar,NO
1363,OTR-458,,Rollo cable #12,Otros / Sin clasificar,ROL,ROL,Rollo,0.0,0.0,0.0,19,GRAVADO,00,,tarifa general del articulo 437 E.T.,01,0.0,True,"criterio ""baja"": confirmar el articulo aplicado; producto de la lista de verificacion manual (pinturas, metales, electricos, EPP o adhesion); precio en cero: revisar antes de importar",NO
1365,OTR-459,,Lampara 12w,Otros / Sin clasificar,NIU,94,Unidad,0.0,0.0,0.0,19,GRAVADO,00,,tarifa general del articulo 437 E.T.,01,0.0,True,"criterio ""baja"": confirmar el articulo aplicado; producto de la lista de verificacion manual (pinturas, metales, electricos, EPP o adhesion); precio en cero: revisar antes de importar",NO
1366,OTR-460,,Lamp'ara 18w,Otros / Sin clasificar,NIU,94,Unidad,0.0,0.0,0.0,19,GRAVADO,00,,tarifa general del articulo 437 E.T.,01,0.0,True,"criterio ""baja"": confirmar el articulo aplicado; precio en cero: revisar antes de importar",NO
1368,OTR-461,,Alion,Otros / Sin clasificar,NIU,94,Unidad,0.0,0.0,0.0,19,GRAVADO,00,,tarifa general del articulo 437 E.T.,01,0.0,True,"criterio ""baja"": confirmar el articulo aplicado; precio en cero: revisar antes de importar",NO
1370,OTR-462,,Disco corte hierro 7 barracuda,Otros / Sin clasificar,NIU,94,Unidad,0.0,0.0,0.0,19,GRAVADO,00,,tarifa general del articulo 437 E.T.,01,0.0,True,"criterio ""baja"": confirmar el articulo aplicado; precio en cero: revisar antes de importar",NO
1371,OTR-463,,Regilla metalica,Otros / Sin clasificar,NIU,94,Unidad,0.0,0.0,0.0,19,GRAVADO,00,,tarifa general del articulo 437 E.T.,01,0.0,True,"criterio ""baja"": confirmar el articulo aplicado; precio en cero: revisar antes de importar",NO
1372,OTR-464,,Arena empacado,Otros / Sin clasificar,NIU,94,Unidad,0.0,0.0,0.0,0,EXCLUIDO,01,424,art. 424 del Estatuto Tributario,01,0.0,True,precio en cero: revisar antes de importar,NO
1375,OTR-465,,Sifon con registro 2,Otros / Sin clasificar,NIU,94,Unidad,0.0,0.0,0.0,19,GRAVADO,00,,tarifa general del articulo 437 E.T.,01,0.0,True,"criterio ""baja"": confirmar el articulo aplicado; precio en cero: revisar antes de importar",NO
1376,OTR-466,,Acople sanitario,Otros / Sin clasificar,NIU,94,Unidad,0.0,0.0,0.0,19,GRAVADO,00,,tarifa general del articulo 437 E.T.,01,0.0,True,"criterio ""baja"": confirmar el articulo aplicado; precio en cero: revisar antes de importar",NO
1377,OTR-467,,Machos 1/2,Otros / Sin clasificar,NIU,94,Unidad,0.0,0.0,0.0,19,GRAVADO,00,,tarifa general del articulo 437 E.T.,01,0.0,True,"criterio ""baja"": confirmar el articulo aplicado; precio en cero: revisar antes de importar",NO
1378,OTR-468,,Registro ducha marca uduke,Otros / Sin clasificar,NIU,94,Unidad,0.0,0.0,0.0,19,GRAVADO,00,,tarifa general del articulo 437 E.T.,01,0.0,True,"criterio ""baja"": confirmar el articulo aplicado; precio en cero: revisar antes de importar",NO
1379,OTR-469,,Cuartos anticorrosivo gris,Otros / Sin clasificar,NIU,94,Unidad,0.0,0.0,0.0,19,GRAVADO,00,,tarifa general del articulo 437 E.T.,01,0.0,True,"criterio ""baja"": confirmar el articulo aplicado; precio en cero: revisar antes de importar",NO
1380,OTR-470,,Toma con suiche,Otros / Sin clasificar,NIU,94,Unidad,0.0,0.0,0.0,19,GRAVADO,00,,tarifa general del articulo 437 E.T.,01,0.0,True,"criterio ""baja"": confirmar el articulo aplicado; precio en cero: revisar antes de importar",NO
1382,OTR-471,,Canal con sosco,Otros / Sin clasificar,NIU,94,Unidad,0.0,0.0,0.0,19,GRAVADO,00,,tarifa general del articulo 437 E.T.,01,0.0,True,"criterio ""baja"": confirmar el articulo aplicado; precio en cero: revisar antes de importar",NO
1383,OTR-472,,Cuarto de arena,Otros / Sin clasificar,NIU,94,Unidad,0.0,0.0,0.0,0,EXCLUIDO,01,424,art. 424 del Estatuto Tributario,01,0.0,True,precio en cero: revisar antes de importar,NO
1384,OTR-473,,BOLSAS  FIJAMIX,Otros / Sin clasificar,NIU,94,Unidad,0.0,0.0,0.0,19,GRAVADO,00,,tarifa general del articulo 437 E.T.,01,0.0,True,"criterio ""baja"": confirmar el articulo aplicado; precio en cero: revisar antes de importar",NO
1385,OTR-474,,PEGACOR,Otros / Sin clasificar,NIU,94,Unidad,0.0,0.0,0.0,19,GRAVADO,00,,tarifa general del articulo 437 E.T.,01,0.0,True,"criterio ""baja"": confirmar el articulo aplicado; precio en cero: revisar antes de importar",NO
1386,OTR-475,,MEDIO METRO ARENA,Otros / Sin clasificar,MTR,MTR,Metro,0.0,0.0,0.0,0,EXCLUIDO,01,424,art. 424 del Estatuto Tributario,01,0.0,True,precio en cero: revisar antes de importar,NO
1387,OTR-476,,EXCEDENTE LLAVE GRICOL,Otros / Sin clasificar,NIU,94,Unidad,0.0,0.0,0.0,19,GRAVADO,00,,tarifa general del articulo 437 E.T.,01,0.0,True,"criterio ""baja"": confirmar el articulo aplicado; precio en cero: revisar antes de importar",NO
1388,OTR-477,,LLAVE  PASO UDUKE,Otros / Sin clasificar,NIU,94,Unidad,0.0,0.0,0.0,19,GRAVADO,00,,tarifa general del articulo 437 E.T.,01,0.0,True,"criterio ""baja"": confirmar el articulo aplicado; precio en cero: revisar antes de importar",NO
1389,OTR-478,,Rollos manguera 1/2 c 60,Otros / Sin clasificar,ROL,ROL,Rollo,0.0,0.0,0.0,19,GRAVADO,00,,tarifa general del articulo 437 E.T.,01,0.0,True,"criterio ""baja"": confirmar el articulo aplicado; precio en cero: revisar antes de importar",NO
1390,OTR-479,,Cepillo alambre,Otros / Sin clasificar,MTR,MTR,Metro,0.0,0.0,0.0,19,GRAVADO,00,,tarifa general del articulo 437 E.T.,01,0.0,True,"material que se vende por longitud; confirmar si es metro lineal; criterio ""baja"": confirmar el articulo aplicado; producto de la lista de verificacion manual (pinturas, metales, electricos, EPP o adhesion); precio en cero: revisar antes de importar",NO
1391,OTR-480,,Puntilla 2 1/2,Otros / Sin clasificar,NIU,94,Unidad,0.0,0.0,0.0,19,GRAVADO,00,,tarifa general del articulo 437 E.T.,01,0.0,True,"criterio ""baja"": confirmar el articulo aplicado; precio en cero: revisar antes de importar",NO
1393,OTR-481,,Llave lavaplatos cuello ganzo cruceta,Otros / Sin clasificar,NIU,94,Unidad,0.0,0.0,0.0,19,GRAVADO,00,,tarifa general del articulo 437 E.T.,01,0.0,True,"criterio ""baja"": confirmar el articulo aplicado; precio en cero: revisar antes de importar",NO
1394,OTR-482,,Registro ducha uduke,Otros / Sin clasificar,NIU,94,Unidad,0.0,0.0,0.0,19,GRAVADO,00,,tarifa general del articulo 437 E.T.,01,0.0,True,"criterio ""baja"": confirmar el articulo aplicado; precio en cero: revisar antes de importar",NO
1395,OTR-483,,HEMBRE 1/2,Otros / Sin clasificar,NIU,94,Unidad,0.0,0.0,0.0,19,GRAVADO,00,,tarifa general del articulo 437 E.T.,01,0.0,True,"criterio ""baja"": confirmar el articulo aplicado; precio en cero: revisar antes de importar",NO
1396,OTR-484,,Llave lavaplatos cardenas,Otros / Sin clasificar,NIU,94,Unidad,0.0,0.0,0.0,19,GRAVADO,00,,tarifa general del articulo 437 E.T.,01,0.0,True,"criterio ""baja"": confirmar el articulo aplicado; precio en cero: revisar antes de importar",NO
1397,OTR-485,,disco sierra 4,Otros / Sin clasificar,NIU,94,Unidad,0.0,0.0,0.0,19,GRAVADO,00,,tarifa general del articulo 437 E.T.,01,0.0,True,"criterio ""baja"": confirmar el articulo aplicado; precio en cero: revisar antes de importar",NO
1398,OTR-486,,Lonas arena,Otros / Sin clasificar,NIU,94,Unidad,0.0,0.0,0.0,0,EXCLUIDO,01,424,art. 424 del Estatuto Tributario,01,0.0,True,precio en cero: revisar antes de importar,NO
1404,OTR-487,,Adaptadores Macho,Otros / Sin clasificar,NIU,94,Unidad,0.0,0.0,0.0,19,GRAVADO,00,,tarifa general del articulo 437 E.T.,01,0.0,True,"criterio ""baja"": confirmar el articulo aplicado; precio en cero: revisar antes de importar",NO
1405,OTR-488,,Adaptadores Hembra,Otros / Sin clasificar,NIU,94,Unidad,0.0,0.0,0.0,19,GRAVADO,00,,tarifa general del articulo 437 E.T.,01,0.0,True,"criterio ""baja"": confirmar el articulo aplicado; precio en cero: revisar antes de importar",NO
1406,OTR-489,,Pegante pvc 1/32,Otros / Sin clasificar,NIU,94,Unidad,0.0,0.0,0.0,19,GRAVADO,00,,tarifa general del articulo 437 E.T.,01,0.0,True,"criterio ""baja"": confirmar el articulo aplicado; producto de la lista de verificacion manual (pinturas, metales, electricos, EPP o adhesion); precio en cero: revisar antes de importar",NO
1407,OTR-490,,Kilos de alambra dulc e,Otros / Sin clasificar,KGM,KGM,Kilogramo,0.0,0.0,0.0,19,GRAVADO,00,,tarifa general del articulo 437 E.T.,01,0.0,True,"criterio ""baja"": confirmar el articulo aplicado; producto de la lista de verificacion manual (pinturas, metales, electricos, EPP o adhesion); precio en cero: revisar antes de importar",NO
1408,OTR-491,,Metro de arena,Otros / Sin clasificar,MTR,MTR,Metro,0.0,0.0,0.0,0,EXCLUIDO,01,424,art. 424 del Estatuto Tributario,01,0.0,True,precio en cero: revisar antes de importar,NO
1411,OTR-492,,Libra puntilla de 2 1/2,Otros / Sin clasificar,NIU,94,Unidad,0.0,0.0,0.0,19,GRAVADO,00,,tarifa general del articulo 437 E.T.,01,0.0,True,"criterio ""baja"": confirmar el articulo aplicado; precio en cero: revisar antes de importar",NO
1412,OTR-493,,Combo sanitario blanco,Otros / Sin clasificar,NIU,94,Unidad,0.0,0.0,0.0,19,GRAVADO,00,,tarifa general del articulo 437 E.T.,01,0.0,True,"criterio ""baja"": confirmar el articulo aplicado; precio en cero: revisar antes de importar",NO
1414,OTR-494,,Platero con escurridor,Otros / Sin clasificar,NIU,94,Unidad,0.0,0.0,0.0,19,GRAVADO,00,,tarifa general del articulo 437 E.T.,01,0.0,True,"criterio ""baja"": confirmar el articulo aplicado; precio en cero: revisar antes de importar",NO
1415,OTR-495,,Llave para platero doble,Otros / Sin clasificar,NIU,94,Unidad,0.0,0.0,0.0,19,GRAVADO,00,,tarifa general del articulo 437 E.T.,01,0.0,True,"criterio ""baja"": confirmar el articulo aplicado; precio en cero: revisar antes de importar",NO
1416,OTR-496,,Desague de lavaplatos,Otros / Sin clasificar,NIU,94,Unidad,0.0,0.0,0.0,19,GRAVADO,00,,tarifa general del articulo 437 E.T.,01,0.0,True,"criterio ""baja"": confirmar el articulo aplicado; precio en cero: revisar antes de importar",NO
1418,OTR-497,,Libra puntilla 2 1/2 acero,Otros / Sin clasificar,NIU,94,Unidad,0.0,0.0,0.0,19,GRAVADO,00,,tarifa general del articulo 437 E.T.,01,0.0,True,"criterio ""baja"": confirmar el articulo aplicado; precio en cero: revisar antes de importar",NO
1419,OTR-498,,Excedente pegante,Otros / Sin clasificar,NIU,94,Unidad,0.0,0.0,0.0,19,GRAVADO,00,,tarifa general del articulo 437 E.T.,01,0.0,True,"criterio ""baja"": confirmar el articulo aplicado; producto de la lista de verificacion manual (pinturas, metales, electricos, EPP o adhesion); precio en cero: revisar antes de importar",NO
1420,OTR-499,,Excedente de cemento,Otros / Sin clasificar,NIU,94,Unidad,0.0,0.0,0.0,0,EXENTO,02,422,art. 422 del Estatuto Tributario,01,0.0,True,"criterio ""media"": confirmar el articulo aplicado; precio en cero: revisar antes de importar",NO
1422,OTR-500,,hojas metaldec calibre 20x6 Mts,Otros / Sin clasificar,NIU,94,Unidad,0.0,0.0,0.0,19,GRAVADO,00,,tarifa general del articulo 437 E.T.,01,0.0,True,"criterio ""baja"": confirmar el articulo aplicado; precio en cero: revisar antes de importar",NO
1429,OTR-501,,Hojas metal d x 6 metros c 20,Otros / Sin clasificar,MTR,MTR,Metro,0.0,0.0,0.0,19,GRAVADO,00,,tarifa general del articulo 437 E.T.,01,0.0,True,"criterio ""baja"": confirmar el articulo aplicado; precio en cero: revisar antes de importar",NO
1430,OTR-502,,Cinta mertrica 20 metros,Otros / Sin clasificar,MTR,MTR,Metro,0.0,0.0,0.0,19,GRAVADO,00,,tarifa general del articulo 437 E.T.,01,0.0,True,"criterio ""baja"": confirmar el articulo aplicado; precio en cero: revisar antes de importar",NO
1431,OTR-503,,Chapa,Otros / Sin clasificar,NIU,94,Unidad,0.0,0.0,0.0,19,GRAVADO,00,,tarifa general del articulo 437 E.T.,01,0.0,True,"criterio ""baja"": confirmar el articulo aplicado; precio en cero: revisar antes de importar",NO
1433,OTR-504,,Caja tacos de 4 sircuitos,Otros / Sin clasificar,BX,BX,Caja,0.0,0.0,0.0,19,GRAVADO,00,,tarifa general del articulo 437 E.T.,01,0.0,True,"criterio ""baja"": confirmar el articulo aplicado; precio en cero: revisar antes de importar",NO
1434,OTR-505,,Tacos 20,Otros / Sin clasificar,NIU,94,Unidad,0.0,0.0,0.0,19,GRAVADO,00,,tarifa general del articulo 437 E.T.,01,0.0,True,"criterio ""baja"": confirmar el articulo aplicado; precio en cero: revisar antes de importar",NO
1436,OTR-506,,Curva 3/4 sch 40,Otros / Sin clasificar,NIU,94,Unidad,0.0,0.0,0.0,19,GRAVADO,00,,tarifa general del articulo 437 E.T.,01,0.0,True,"criterio ""baja"": confirmar el articulo aplicado; precio en cero: revisar antes de importar",NO
1437,OTR-507,,Ternimales 3/4 sch 40,Otros / Sin clasificar,NIU,94,Unidad,0.0,0.0,0.0,19,GRAVADO,00,,tarifa general del articulo 437 E.T.,01,0.0,True,"criterio ""baja"": confirmar el articulo aplicado; precio en cero: revisar antes de importar",NO
1438,OTR-508,,Tomas,Otros / Sin clasificar,NIU,94,Unidad,0.0,0.0,0.0,19,GRAVADO,00,,tarifa general del articulo 437 E.T.,01,0.0,True,"criterio ""baja"": confirmar el articulo aplicado; precio en cero: revisar antes de importar",NO
1439,OTR-509,,Grapas para tubo 1/2,Otros / Sin clasificar,MTR,MTR,Metro,0.0,0.0,0.0,19,GRAVADO,00,,tarifa general del articulo 437 E.T.,01,0.0,True,"material que se vende por longitud; confirmar si es metro lineal; criterio ""baja"": confirmar el articulo aplicado; precio en cero: revisar antes de importar",NO
1440,OTR-510,,Toma gfci,Otros / Sin clasificar,NIU,94,Unidad,0.0,0.0,0.0,19,GRAVADO,00,,tarifa general del articulo 437 E.T.,01,0.0,True,"criterio ""baja"": confirmar el articulo aplicado; precio en cero: revisar antes de importar",NO
1441,OTR-511,,Cable numero 12 7 hilos,Otros / Sin clasificar,MTR,MTR,Metro,0.0,0.0,0.0,19,GRAVADO,00,,tarifa general del articulo 437 E.T.,01,0.0,True,"material que se vende por longitud; confirmar si es metro lineal; criterio ""baja"": confirmar el articulo aplicado; producto de la lista de verificacion manual (pinturas, metales, electricos, EPP o adhesion); precio en cero: revisar antes de importar",NO
1442,OTR-512,,Ternimles de 1/2 sch 40,Otros / Sin clasificar,NIU,94,Unidad,0.0,0.0,0.0,19,GRAVADO,00,,tarifa general del articulo 437 E.T.,01,0.0,True,"criterio ""baja"": confirmar el articulo aplicado; precio en cero: revisar antes de importar",NO
1443,OTR-513,,Rollo cinta aislante negra,Otros / Sin clasificar,ROL,ROL,Rollo,0.0,0.0,0.0,19,GRAVADO,00,,tarifa general del articulo 437 E.T.,01,0.0,True,"criterio ""baja"": confirmar el articulo aplicado; precio en cero: revisar antes de importar",NO
1445,OTR-514,,Cuñete estuco,Otros / Sin clasificar,NIU,94,Unidad,0.0,0.0,0.0,0,EXENTO,02,422,art. 422 del Estatuto Tributario,01,0.0,True,"criterio ""media"": confirmar el articulo aplicado; precio en cero: revisar antes de importar",NO
1446,OTR-515,,Lijas # 80,Otros / Sin clasificar,NIU,94,Unidad,0.0,0.0,0.0,19,GRAVADO,00,,tarifa general del articulo 437 E.T.,01,0.0,True,"criterio ""baja"": confirmar el articulo aplicado; precio en cero: revisar antes de importar",NO
1447,OTR-516,,Galones acido muriatico,Otros / Sin clasificar,LTR,LTR,Litro,0.0,0.0,0.0,19,GRAVADO,00,,tarifa general del articulo 437 E.T.,01,0.0,True,"criterio ""baja"": confirmar el articulo aplicado; precio en cero: revisar antes de importar",NO
1448,OTR-517,,pares guantes caucho # 9 #10,Otros / Sin clasificar,NIU,94,Unidad,0.0,0.0,0.0,19,GRAVADO,00,,tarifa general del articulo 437 E.T.,01,0.0,True,"criterio ""baja"": confirmar el articulo aplicado; producto de la lista de verificacion manual (pinturas, metales, electricos, EPP o adhesion); precio en cero: revisar antes de importar",NO
1449,OTR-518,,Libra puntilla 1 1/2,Otros / Sin clasificar,NIU,94,Unidad,0.0,0.0,0.0,19,GRAVADO,00,,tarifa general del articulo 437 E.T.,01,0.0,True,"criterio ""baja"": confirmar el articulo aplicado; precio en cero: revisar antes de importar",NO
1450,OTR-519,,Cuñete VINILO BLANCO TIPO 1,Otros / Sin clasificar,NIU,94,Unidad,0.0,0.0,0.0,19,GRAVADO,00,,tarifa general del articulo 437 E.T.,01,0.0,True,"criterio ""baja"": confirmar el articulo aplicado; precio en cero: revisar antes de importar",NO
1451,OTR-520,,Brochas de 3,Otros / Sin clasificar,NIU,94,Unidad,0.0,0.0,0.0,19,GRAVADO,00,,tarifa general del articulo 437 E.T.,01,0.0,True,"criterio ""baja"": confirmar el articulo aplicado; precio en cero: revisar antes de importar",NO
1453,OTR-521,,Par guantes nitrilo,Otros / Sin clasificar,NIU,94,Unidad,0.0,0.0,0.0,19,GRAVADO,00,,tarifa general del articulo 437 E.T.,01,0.0,True,"criterio ""baja"": confirmar el articulo aplicado; producto de la lista de verificacion manual (pinturas, metales, electricos, EPP o adhesion); precio en cero: revisar antes de importar",NO
1458,OTR-522,,Acoples 1 pulgada manguera,Otros / Sin clasificar,MTR,MTR,Metro,0.0,0.0,0.0,19,GRAVADO,00,,tarifa general del articulo 437 E.T.,01,0.0,True,"material que se vende por longitud; confirmar si es metro lineal; criterio ""baja"": confirmar el articulo aplicado; precio en cero: revisar antes de importar",NO
1459,OTR-523,,Acople 1/2 manguera,Otros / Sin clasificar,MTR,MTR,Metro,0.0,0.0,0.0,19,GRAVADO,00,,tarifa general del articulo 437 E.T.,01,0.0,True,"material que se vende por longitud; confirmar si es metro lineal; criterio ""baja"": confirmar el articulo aplicado; precio en cero: revisar antes de importar",NO
1463,OTR-524,,bombillo,Otros / Sin clasificar,NIU,94,Unidad,0.0,0.0,0.0,19,GRAVADO,00,,tarifa general del articulo 437 E.T.,01,0.0,True,"criterio ""baja"": confirmar el articulo aplicado; producto de la lista de verificacion manual (pinturas, metales, electricos, EPP o adhesion); precio en cero: revisar antes de importar",NO
1464,OTR-525,,Disco lija,Otros / Sin clasificar,NIU,94,Unidad,0.0,0.0,0.0,19,GRAVADO,00,,tarifa general del articulo 437 E.T.,01,0.0,True,"criterio ""baja"": confirmar el articulo aplicado; precio en cero: revisar antes de importar",NO
1465,OTR-526,,"Tornillo de driwall 2""",Otros / Sin clasificar,NIU,94,Unidad,0.0,0.0,0.0,19,GRAVADO,00,,tarifa general del articulo 437 E.T.,01,0.0,True,"criterio ""baja"": confirmar el articulo aplicado; precio en cero: revisar antes de importar",NO
1466,OTR-527,,"Tornillo driwall 1""",Otros / Sin clasificar,NIU,94,Unidad,0.0,0.0,0.0,19,GRAVADO,00,,tarifa general del articulo 437 E.T.,01,0.0,True,"criterio ""baja"": confirmar el articulo aplicado; precio en cero: revisar antes de importar",NO
1467,OTR-528,,ESTUCO CORONA X 6 KILOS,Otros / Sin clasificar,KGM,KGM,Kilogramo,0.0,0.0,0.0,0,EXENTO,02,422,art. 422 del Estatuto Tributario,01,0.0,True,"criterio ""media"": confirmar el articulo aplicado; precio en cero: revisar antes de importar",NO
1469,OTR-529,,soda custica,Otros / Sin clasificar,NIU,94,Unidad,0.0,0.0,0.0,19,GRAVADO,00,,tarifa general del articulo 437 E.T.,01,0.0,True,"criterio ""baja"": confirmar el articulo aplicado; precio en cero: revisar antes de importar",NO
1470,OTR-530,,Racor metalico,Otros / Sin clasificar,NIU,94,Unidad,0.0,0.0,0.0,19,GRAVADO,00,,tarifa general del articulo 437 E.T.,01,0.0,True,"criterio ""baja"": confirmar el articulo aplicado; precio en cero: revisar antes de importar",NO
1471,OTR-531,,Metros manguera nivel,Otros / Sin clasificar,MTR,MTR,Metro,0.0,0.0,0.0,19,GRAVADO,00,,tarifa general del articulo 437 E.T.,01,0.0,True,"criterio ""baja"": confirmar el articulo aplicado; precio en cero: revisar antes de importar",NO
1476,OTR-532,,Hojas metal d x 4 metros,Otros / Sin clasificar,MTR,MTR,Metro,0.0,0.0,0.0,19,GRAVADO,00,,tarifa general del articulo 437 E.T.,01,0.0,True,"criterio ""baja"": confirmar el articulo aplicado; precio en cero: revisar antes de importar",NO
1478,OTR-533,,Balde,Otros / Sin clasificar,NIU,94,Unidad,0.0,0.0,0.0,19,GRAVADO,00,,tarifa general del articulo 437 E.T.,01,0.0,True,"criterio ""baja"": confirmar el articulo aplicado; precio en cero: revisar antes de importar",NO
1479,OTR-534,,Mochos,Otros / Sin clasificar,NIU,94,Unidad,0.0,0.0,0.0,19,GRAVADO,00,,tarifa general del articulo 437 E.T.,01,0.0,True,"criterio ""baja"": confirmar el articulo aplicado; precio en cero: revisar antes de importar",NO
1480,OTR-535,,"Regilla 2""",Otros / Sin clasificar,NIU,94,Unidad,0.0,0.0,0.0,19,GRAVADO,00,,tarifa general del articulo 437 E.T.,01,0.0,True,"criterio ""baja"": confirmar el articulo aplicado; precio en cero: revisar antes de importar",NO
1481,OTR-536,,Adaptadoe hembra,Otros / Sin clasificar,NIU,94,Unidad,0.0,0.0,0.0,19,GRAVADO,00,,tarifa general del articulo 437 E.T.,01,0.0,True,"criterio ""baja"": confirmar el articulo aplicado; precio en cero: revisar antes de importar",NO
1482,OTR-537,,Valvula,Otros / Sin clasificar,NIU,94,Unidad,0.0,0.0,0.0,19,GRAVADO,00,,tarifa general del articulo 437 E.T.,01,0.0,True,"criterio ""baja"": confirmar el articulo aplicado; precio en cero: revisar antes de importar",NO
1485,OTR-538,,RACORES,Otros / Sin clasificar,NIU,94,Unidad,0.0,0.0,0.0,19,GRAVADO,00,,tarifa general del articulo 437 E.T.,01,0.0,True,"criterio ""baja"": confirmar el articulo aplicado; precio en cero: revisar antes de importar",NO
1486,OTR-539,,Metroa tubo 1/2,Otros / Sin clasificar,MTR,MTR,Metro,0.0,0.0,0.0,19,GRAVADO,00,,tarifa general del articulo 437 E.T.,01,0.0,True,"criterio ""baja"": confirmar el articulo aplicado; precio en cero: revisar antes de importar",NO
1487,OTR-540,,Llave terminal pcp,Otros / Sin clasificar,NIU,94,Unidad,0.0,0.0,0.0,19,GRAVADO,00,,tarifa general del articulo 437 E.T.,01,0.0,True,"criterio ""baja"": confirmar el articulo aplicado; precio en cero: revisar antes de importar",NO
1488,OTR-541,,Adaptador hembra,Otros / Sin clasificar,NIU,94,Unidad,0.0,0.0,0.0,19,GRAVADO,00,,tarifa general del articulo 437 E.T.,01,0.0,True,"criterio ""baja"": confirmar el articulo aplicado; precio en cero: revisar antes de importar",NO
1489,OTR-542,,Pistola calefateo,Otros / Sin clasificar,NIU,94,Unidad,0.0,0.0,0.0,19,GRAVADO,00,,tarifa general del articulo 437 E.T.,01,0.0,True,"criterio ""baja"": confirmar el articulo aplicado; precio en cero: revisar antes de importar",NO
1494,OTR-543,,paleta estuco,Otros / Sin clasificar,NIU,94,Unidad,0.0,0.0,0.0,0,EXENTO,02,422,art. 422 del Estatuto Tributario,01,0.0,True,"criterio ""media"": confirmar el articulo aplicado; precio en cero: revisar antes de importar",NO
1495,OTR-544,,Boquillera,Otros / Sin clasificar,NIU,94,Unidad,0.0,0.0,0.0,19,GRAVADO,00,,tarifa general del articulo 437 E.T.,01,0.0,True,"criterio ""baja"": confirmar el articulo aplicado; precio en cero: revisar antes de importar",NO
1496,OTR-545,,Bolsas macilla,Otros / Sin clasificar,NIU,94,Unidad,0.0,0.0,0.0,19,GRAVADO,00,,tarifa general del articulo 437 E.T.,01,0.0,True,"criterio ""baja"": confirmar el articulo aplicado; precio en cero: revisar antes de importar",NO
1497,OTR-546,,Lijas # 220,Otros / Sin clasificar,NIU,94,Unidad,0.0,0.0,0.0,19,GRAVADO,00,,tarifa general del articulo 437 E.T.,01,0.0,True,"criterio ""baja"": confirmar el articulo aplicado; precio en cero: revisar antes de importar",NO
1498,OTR-547,,Galon anticorrosivo verde,Otros / Sin clasificar,LTR,LTR,Litro,0.0,0.0,0.0,19,GRAVADO,00,,tarifa general del articulo 437 E.T.,01,0.0,True,"criterio ""baja"": confirmar el articulo aplicado; precio en cero: revisar antes de importar",NO
1499,OTR-548,,Espatula,Otros / Sin clasificar,NIU,94,Unidad,0.0,0.0,0.0,19,GRAVADO,00,,tarifa general del articulo 437 E.T.,01,0.0,True,"criterio ""baja"": confirmar el articulo aplicado; precio en cero: revisar antes de importar",NO
1500,OTR-549,,Gafas,Otros / Sin clasificar,NIU,94,Unidad,0.0,0.0,0.0,19,GRAVADO,00,,tarifa general del articulo 437 E.T.,01,0.0,True,"criterio ""baja"": confirmar el articulo aplicado; precio en cero: revisar antes de importar",NO
1501,OTR-550,,Cajas 2x4 Plastica,Otros / Sin clasificar,BX,BX,Caja,0.0,0.0,0.0,19,GRAVADO,00,,tarifa general del articulo 437 E.T.,01,0.0,True,"criterio ""baja"": confirmar el articulo aplicado; producto de la lista de verificacion manual (pinturas, metales, electricos, EPP o adhesion); precio en cero: revisar antes de importar",NO
1502,OTR-551,,Disco concreto 4 continuo,Otros / Sin clasificar,NIU,94,Unidad,0.0,0.0,0.0,0,EXENTO,02,422,art. 422 del Estatuto Tributario,01,0.0,True,"criterio ""media"": confirmar el articulo aplicado; precio en cero: revisar antes de importar",NO
1503,OTR-552,,Aerosol blanco,Otros / Sin clasificar,NIU,94,Unidad,0.0,0.0,0.0,19,GRAVADO,00,,tarifa general del articulo 437 E.T.,01,0.0,True,"criterio ""baja"": confirmar el articulo aplicado; precio en cero: revisar antes de importar",NO
1504,OTR-553,,RACOR,Otros / Sin clasificar,NIU,94,Unidad,0.0,0.0,0.0,19,GRAVADO,00,,tarifa general del articulo 437 E.T.,01,0.0,True,"criterio ""baja"": confirmar el articulo aplicado; precio en cero: revisar antes de importar",NO
1505,OTR-554,,Libra 2 acero,Otros / Sin clasificar,NIU,94,Unidad,0.0,0.0,0.0,19,GRAVADO,00,,tarifa general del articulo 437 E.T.,01,0.0,True,"criterio ""baja"": confirmar el articulo aplicado; precio en cero: revisar antes de importar",NO
1508,OTR-555,,Bisturio marca total,Otros / Sin clasificar,NIU,94,Unidad,0.0,0.0,0.0,19,GRAVADO,00,,tarifa general del articulo 437 E.T.,01,0.0,True,"criterio ""baja"": confirmar el articulo aplicado; precio en cero: revisar antes de importar",NO
1509,OTR-556,,Cajas octagonales ch 40,Otros / Sin clasificar,BX,BX,Caja,0.0,0.0,0.0,19,GRAVADO,00,,tarifa general del articulo 437 E.T.,01,0.0,True,"criterio ""baja"": confirmar el articulo aplicado; precio en cero: revisar antes de importar",NO
1510,OTR-557,,Llave,Otros / Sin clasificar,NIU,94,Unidad,0.0,0.0,0.0,19,GRAVADO,00,,tarifa general del articulo 437 E.T.,01,0.0,True,"criterio ""baja"": confirmar el articulo aplicado; precio en cero: revisar antes de importar",NO
1511,OTR-558,,Tapones rosca,Otros / Sin clasificar,NIU,94,Unidad,0.0,0.0,0.0,19,GRAVADO,00,,tarifa general del articulo 437 E.T.,01,0.0,True,"criterio ""baja"": confirmar el articulo aplicado; precio en cero: revisar antes de importar",NO
1514,OTR-559,,bulos alion,Otros / Sin clasificar,NIU,94,Unidad,0.0,0.0,0.0,19,GRAVADO,00,,tarifa general del articulo 437 E.T.,01,0.0,True,"criterio ""baja"": confirmar el articulo aplicado; precio en cero: revisar antes de importar",NO
1517,OTR-560,,Maseta,Otros / Sin clasificar,NIU,94,Unidad,0.0,0.0,0.0,19,GRAVADO,00,,tarifa general del articulo 437 E.T.,01,0.0,True,"criterio ""baja"": confirmar el articulo aplicado; precio en cero: revisar antes de importar",NO
1518,OTR-561,,Metro,Otros / Sin clasificar,MTR,MTR,Metro,0.0,0.0,0.0,19,GRAVADO,00,,tarifa general del articulo 437 E.T.,01,0.0,True,"criterio ""baja"": confirmar el articulo aplicado; precio en cero: revisar antes de importar",NO
1520,OTR-562,,Galon pintura en aceite,Otros / Sin clasificar,LTR,LTR,Litro,0.0,0.0,0.0,19,GRAVADO,00,,tarifa general del articulo 437 E.T.,01,0.0,True,"criterio ""baja"": confirmar el articulo aplicado; producto de la lista de verificacion manual (pinturas, metales, electricos, EPP o adhesion); precio en cero: revisar antes de importar",NO
1521,OTR-563,,RODILLO MEDIANO,Otros / Sin clasificar,NIU,94,Unidad,0.0,0.0,0.0,19,GRAVADO,00,,tarifa general del articulo 437 E.T.,01,0.0,True,"criterio ""baja"": confirmar el articulo aplicado; precio en cero: revisar antes de importar",NO
1522,OTR-564,,Bloquelones,Otros / Sin clasificar,NIU,94,Unidad,0.0,0.0,0.0,19,GRAVADO,00,,tarifa general del articulo 437 E.T.,01,0.0,True,"criterio ""baja"": confirmar el articulo aplicado; precio en cero: revisar antes de importar",NO
1523,OTR-565,,Bulto pega cort,Otros / Sin clasificar,BAG,BAG,Bulto/Saco,0.0,0.0,0.0,19,GRAVADO,00,,tarifa general del articulo 437 E.T.,01,0.0,True,"criterio ""baja"": confirmar el articulo aplicado; precio en cero: revisar antes de importar",NO
1524,OTR-566,,Dico corte,Otros / Sin clasificar,NIU,94,Unidad,0.0,0.0,0.0,19,GRAVADO,00,,tarifa general del articulo 437 E.T.,01,0.0,True,"criterio ""baja"": confirmar el articulo aplicado; precio en cero: revisar antes de importar",NO
1525,OTR-567,,Pliegos liga # 320,Otros / Sin clasificar,NIU,94,Unidad,0.0,0.0,0.0,19,GRAVADO,00,,tarifa general del articulo 437 E.T.,01,0.0,True,"criterio ""baja"": confirmar el articulo aplicado; precio en cero: revisar antes de importar",NO
1526,OTR-568,,Alambre,Otros / Sin clasificar,MTR,MTR,Metro,0.0,0.0,0.0,19,GRAVADO,00,,tarifa general del articulo 437 E.T.,01,0.0,True,"material que se vende por longitud; confirmar si es metro lineal; criterio ""baja"": confirmar el articulo aplicado; producto de la lista de verificacion manual (pinturas, metales, electricos, EPP o adhesion); precio en cero: revisar antes de importar",NO
1527,OTR-569,,Regadera,Otros / Sin clasificar,NIU,94,Unidad,0.0,0.0,0.0,19,GRAVADO,00,,tarifa general del articulo 437 E.T.,01,0.0,True,"criterio ""baja"": confirmar el articulo aplicado; precio en cero: revisar antes de importar",NO
1528,OTR-570,,Puntillas,Otros / Sin clasificar,NIU,94,Unidad,0.0,0.0,0.0,19,GRAVADO,00,,tarifa general del articulo 437 E.T.,01,0.0,True,"criterio ""baja"": confirmar el articulo aplicado; precio en cero: revisar antes de importar",NO
1529,OTR-571,,Caneca pintura,Otros / Sin clasificar,NIU,94,Unidad,0.0,0.0,0.0,19,GRAVADO,00,,tarifa general del articulo 437 E.T.,01,0.0,True,"criterio ""baja"": confirmar el articulo aplicado; producto de la lista de verificacion manual (pinturas, metales, electricos, EPP o adhesion); precio en cero: revisar antes de importar",NO
1530,OTR-572,,Cuñete pintura exper blanca,Otros / Sin clasificar,NIU,94,Unidad,0.0,0.0,0.0,19,GRAVADO,00,,tarifa general del articulo 437 E.T.,01,0.0,True,"criterio ""baja"": confirmar el articulo aplicado; producto de la lista de verificacion manual (pinturas, metales, electricos, EPP o adhesion); precio en cero: revisar antes de importar",NO
1538,OTR-573,,Tapon rosca,Otros / Sin clasificar,NIU,94,Unidad,0.0,0.0,0.0,19,GRAVADO,00,,tarifa general del articulo 437 E.T.,01,0.0,True,"criterio ""baja"": confirmar el articulo aplicado; precio en cero: revisar antes de importar",NO
1539,OTR-574,,"Sufon 2""",Otros / Sin clasificar,NIU,94,Unidad,0.0,0.0,0.0,19,GRAVADO,00,,tarifa general del articulo 437 E.T.,01,0.0,True,"criterio ""baja"": confirmar el articulo aplicado; precio en cero: revisar antes de importar",NO
1540,OTR-575,,Adaptador henbra 1/2,Otros / Sin clasificar,NIU,94,Unidad,0.0,0.0,0.0,19,GRAVADO,00,,tarifa general del articulo 437 E.T.,01,0.0,True,"criterio ""baja"": confirmar el articulo aplicado; precio en cero: revisar antes de importar",NO
1541,OTR-576,,Llave de paso ducha,Otros / Sin clasificar,NIU,94,Unidad,0.0,0.0,0.0,19,GRAVADO,00,,tarifa general del articulo 437 E.T.,01,0.0,True,"criterio ""baja"": confirmar el articulo aplicado; precio en cero: revisar antes de importar",NO
1542,OTR-577,,Tomas doble,Otros / Sin clasificar,NIU,94,Unidad,0.0,0.0,0.0,19,GRAVADO,00,,tarifa general del articulo 437 E.T.,01,0.0,True,"criterio ""baja"": confirmar el articulo aplicado; precio en cero: revisar antes de importar",NO
1543,OTR-578,,interruptor sencillo,Otros / Sin clasificar,NIU,94,Unidad,0.0,0.0,0.0,19,GRAVADO,00,,tarifa general del articulo 437 E.T.,01,0.0,True,"criterio ""baja"": confirmar el articulo aplicado; producto de la lista de verificacion manual (pinturas, metales, electricos, EPP o adhesion); precio en cero: revisar antes de importar",NO
1544,OTR-579,,Tacos 20 am,Otros / Sin clasificar,NIU,94,Unidad,0.0,0.0,0.0,19,GRAVADO,00,,tarifa general del articulo 437 E.T.,01,0.0,True,"criterio ""baja"": confirmar el articulo aplicado; precio en cero: revisar antes de importar",NO
1545,OTR-580,,Plafones plasticos,Otros / Sin clasificar,NIU,94,Unidad,0.0,0.0,0.0,19,GRAVADO,00,,tarifa general del articulo 437 E.T.,01,0.0,True,"criterio ""baja"": confirmar el articulo aplicado; producto de la lista de verificacion manual (pinturas, metales, electricos, EPP o adhesion); precio en cero: revisar antes de importar",NO
1546,OTR-581,,Bombillo 12,Otros / Sin clasificar,NIU,94,Unidad,0.0,0.0,0.0,19,GRAVADO,00,,tarifa general del articulo 437 E.T.,01,0.0,True,"criterio ""baja"": confirmar el articulo aplicado; producto de la lista de verificacion manual (pinturas, metales, electricos, EPP o adhesion); precio en cero: revisar antes de importar",NO
1548,OTR-582,,METRO CABLE #10,Otros / Sin clasificar,MTR,MTR,Metro,0.0,0.0,0.0,19,GRAVADO,00,,tarifa general del articulo 437 E.T.,01,0.0,True,"criterio ""baja"": confirmar el articulo aplicado; producto de la lista de verificacion manual (pinturas, metales, electricos, EPP o adhesion); precio en cero: revisar antes de importar",NO
1551,OTR-583,,Ganchos en C 10 cm varilla 1/4,Otros / Sin clasificar,MTR,MTR,Metro,0.0,0.0,0.0,19,GRAVADO,00,,tarifa general del articulo 437 E.T.,01,0.0,True,"material que se vende por longitud; confirmar si es metro lineal; criterio ""baja"": confirmar el articulo aplicado; precio en cero: revisar antes de importar",NO
1553,OTR-584,,Metro malla saranda,Otros / Sin clasificar,MTR,MTR,Metro,0.0,0.0,0.0,19,GRAVADO,00,,tarifa general del articulo 437 E.T.,01,0.0,True,"criterio ""baja"": confirmar el articulo aplicado; precio en cero: revisar antes de importar",NO
1556,OTR-585,,Caja tornillos 2,Otros / Sin clasificar,BX,BX,Caja,0.0,0.0,0.0,19,GRAVADO,00,,tarifa general del articulo 437 E.T.,01,0.0,True,"criterio ""baja"": confirmar el articulo aplicado; precio en cero: revisar antes de importar",NO
1558,OTR-586,,Bultos estrutural,Otros / Sin clasificar,BAG,BAG,Bulto/Saco,0.0,0.0,0.0,19,GRAVADO,00,,tarifa general del articulo 437 E.T.,01,0.0,True,"criterio ""baja"": confirmar el articulo aplicado; precio en cero: revisar antes de importar",NO
1561,OTR-587,,cuarto de triturado,Otros / Sin clasificar,NIU,94,Unidad,0.0,0.0,0.0,19,GRAVADO,00,,tarifa general del articulo 437 E.T.,01,0.0,True,"criterio ""baja"": confirmar el articulo aplicado; precio en cero: revisar antes de importar",NO
1562,OTR-588,,Libra puntilla acero 2 1/2,Otros / Sin clasificar,NIU,94,Unidad,0.0,0.0,0.0,19,GRAVADO,00,,tarifa general del articulo 437 E.T.,01,0.0,True,"criterio ""baja"": confirmar el articulo aplicado; precio en cero: revisar antes de importar",NO
1565,OTR-589,,Latas triturado,Otros / Sin clasificar,NIU,94,Unidad,0.0,0.0,0.0,19,GRAVADO,00,,tarifa general del articulo 437 E.T.,01,0.0,True,"criterio ""baja"": confirmar el articulo aplicado; precio en cero: revisar antes de importar",NO
1567,OTR-590,,Formaleta 25,Otros / Sin clasificar,NIU,94,Unidad,0.0,0.0,0.0,19,GRAVADO,00,,tarifa general del articulo 437 E.T.,01,0.0,True,"criterio ""baja"": confirmar el articulo aplicado; precio en cero: revisar antes de importar",NO
1568,OTR-591,,Bultos general,Otros / Sin clasificar,BAG,BAG,Bulto/Saco,0.0,0.0,0.0,19,GRAVADO,00,,tarifa general del articulo 437 E.T.,01,0.0,True,"criterio ""baja"": confirmar el articulo aplicado; precio en cero: revisar antes de importar",NO
1569,OTR-592,,Bultos alion bloquera,Otros / Sin clasificar,BAG,BAG,Bulto/Saco,0.0,0.0,0.0,19,GRAVADO,00,,tarifa general del articulo 437 E.T.,01,0.0,True,"criterio ""baja"": confirmar el articulo aplicado; precio en cero: revisar antes de importar",NO
1570,OTR-593,,bultos alion llevo camioneta,Otros / Sin clasificar,BAG,BAG,Bulto/Saco,0.0,0.0,0.0,19,GRAVADO,00,,tarifa general del articulo 437 E.T.,01,0.0,True,"criterio ""baja"": confirmar el articulo aplicado; precio en cero: revisar antes de importar",NO
1571,OTR-594,,Bultos esrructural,Otros / Sin clasificar,BAG,BAG,Bulto/Saco,0.0,0.0,0.0,19,GRAVADO,00,,tarifa general del articulo 437 E.T.,01,0.0,True,"criterio ""baja"": confirmar el articulo aplicado; precio en cero: revisar antes de importar",NO
1576,OTR-595,,soldaura,Otros / Sin clasificar,NIU,94,Unidad,0.0,0.0,0.0,19,GRAVADO,00,,tarifa general del articulo 437 E.T.,01,0.0,True,"criterio ""baja"": confirmar el articulo aplicado; precio en cero: revisar antes de importar",NO
1577,OTR-596,,Llave paso 1/2,Otros / Sin clasificar,NIU,94,Unidad,0.0,0.0,0.0,19,GRAVADO,00,,tarifa general del articulo 437 E.T.,01,0.0,True,"criterio ""baja"": confirmar el articulo aplicado; precio en cero: revisar antes de importar",NO
1578,OTR-597,,Abrazadera,Otros / Sin clasificar,NIU,94,Unidad,0.0,0.0,0.0,19,GRAVADO,00,,tarifa general del articulo 437 E.T.,01,0.0,True,"criterio ""baja"": confirmar el articulo aplicado; precio en cero: revisar antes de importar",NO
1579,OTR-598,,abrazadera 1/2,Otros / Sin clasificar,NIU,94,Unidad,0.0,0.0,0.0,19,GRAVADO,00,,tarifa general del articulo 437 E.T.,01,0.0,True,"criterio ""baja"": confirmar el articulo aplicado; precio en cero: revisar antes de importar",NO
1580,OTR-599,,Llave paso 3/4,Otros / Sin clasificar,NIU,94,Unidad,0.0,0.0,0.0,19,GRAVADO,00,,tarifa general del articulo 437 E.T.,01,0.0,True,"criterio ""baja"": confirmar el articulo aplicado; precio en cero: revisar antes de importar",NO
1582,OTR-600,,Manguera 1,Otros / Sin clasificar,MTR,MTR,Metro,0.0,0.0,0.0,19,GRAVADO,00,,tarifa general del articulo 437 E.T.,01,0.0,True,"material que se vende por longitud; confirmar si es metro lineal; criterio ""baja"": confirmar el articulo aplicado; precio en cero: revisar antes de importar",NO
1583,OTR-601,,Kilo alambre galvanizado,Otros / Sin clasificar,KGM,KGM,Kilogramo,0.0,0.0,0.0,19,GRAVADO,00,,tarifa general del articulo 437 E.T.,01,0.0,True,"criterio ""baja"": confirmar el articulo aplicado; producto de la lista de verificacion manual (pinturas, metales, electricos, EPP o adhesion); precio en cero: revisar antes de importar",NO
1586,OTR-602,,Llaves paso de 1,Otros / Sin clasificar,NIU,94,Unidad,0.0,0.0,0.0,19,GRAVADO,00,,tarifa general del articulo 437 E.T.,01,0.0,True,"criterio ""baja"": confirmar el articulo aplicado; precio en cero: revisar antes de importar",NO
1587,OTR-603,,metro tubo 1,Otros / Sin clasificar,MTR,MTR,Metro,0.0,0.0,0.0,19,GRAVADO,00,,tarifa general del articulo 437 E.T.,01,0.0,True,"criterio ""baja"": confirmar el articulo aplicado; precio en cero: revisar antes de importar",NO
1589,OTR-604,,Tornillos Punta broca,Otros / Sin clasificar,NIU,94,Unidad,0.0,0.0,0.0,19,GRAVADO,00,,tarifa general del articulo 437 E.T.,01,0.0,True,"criterio ""baja"": confirmar el articulo aplicado; precio en cero: revisar antes de importar",NO
1592,OTR-605,,Anticorrosivo x cuarto negro,Otros / Sin clasificar,NIU,94,Unidad,0.0,0.0,0.0,19,GRAVADO,00,,tarifa general del articulo 437 E.T.,01,0.0,True,"criterio ""baja"": confirmar el articulo aplicado; precio en cero: revisar antes de importar",NO
1593,OTR-606,,"Brocha de 3""",Otros / Sin clasificar,NIU,94,Unidad,0.0,0.0,0.0,19,GRAVADO,00,,tarifa general del articulo 437 E.T.,01,0.0,True,"criterio ""baja"": confirmar el articulo aplicado; precio en cero: revisar antes de importar",NO
1594,OTR-607,,Galon Aticorrosivo negro,Otros / Sin clasificar,LTR,LTR,Litro,0.0,0.0,0.0,19,GRAVADO,00,,tarifa general del articulo 437 E.T.,01,0.0,True,"criterio ""baja"": confirmar el articulo aplicado; precio en cero: revisar antes de importar",NO
1595,OTR-608,,Botellas de tiner,Otros / Sin clasificar,NIU,94,Unidad,0.0,0.0,0.0,19,GRAVADO,00,,tarifa general del articulo 437 E.T.,01,0.0,True,"criterio ""baja"": confirmar el articulo aplicado; precio en cero: revisar antes de importar",NO
1596,OTR-609,,Metros lazo delgado,Otros / Sin clasificar,MTR,MTR,Metro,0.0,0.0,0.0,19,GRAVADO,00,,tarifa general del articulo 437 E.T.,01,0.0,True,"criterio ""baja"": confirmar el articulo aplicado; precio en cero: revisar antes de importar",NO
1597,OTR-610,,Empaques manguera,Otros / Sin clasificar,MTR,MTR,Metro,0.0,0.0,0.0,19,GRAVADO,00,,tarifa general del articulo 437 E.T.,01,0.0,True,"material que se vende por longitud; confirmar si es metro lineal; criterio ""baja"": confirmar el articulo aplicado; precio en cero: revisar antes de importar",NO
1598,OTR-611,,Anticorrosivo galon,Otros / Sin clasificar,LTR,LTR,Litro,0.0,0.0,0.0,19,GRAVADO,00,,tarifa general del articulo 437 E.T.,01,0.0,True,"criterio ""baja"": confirmar el articulo aplicado; precio en cero: revisar antes de importar",NO
1600,OTR-612,,Galones anticorrosivo gris,Otros / Sin clasificar,LTR,LTR,Litro,0.0,0.0,0.0,19,GRAVADO,00,,tarifa general del articulo 437 E.T.,01,0.0,True,"criterio ""baja"": confirmar el articulo aplicado; precio en cero: revisar antes de importar",NO
1601,OTR-613,,Discos corte de cadena,Otros / Sin clasificar,NIU,94,Unidad,0.0,0.0,0.0,19,GRAVADO,00,,tarifa general del articulo 437 E.T.,01,0.0,True,"criterio ""baja"": confirmar el articulo aplicado; precio en cero: revisar antes de importar",NO
1602,OTR-614,,Palo de pala,Otros / Sin clasificar,NIU,94,Unidad,0.0,0.0,0.0,0,EXCLUIDO,01,424,art. 424 del Estatuto Tributario,01,0.0,True,precio en cero: revisar antes de importar,NO
1603,OTR-615,,"Disco corte 4""",Otros / Sin clasificar,NIU,94,Unidad,0.0,0.0,0.0,19,GRAVADO,00,,tarifa general del articulo 437 E.T.,01,0.0,True,"criterio ""baja"": confirmar el articulo aplicado; precio en cero: revisar antes de importar",NO
1604,OTR-616,,Machete,Otros / Sin clasificar,NIU,94,Unidad,0.0,0.0,0.0,19,GRAVADO,00,,tarifa general del articulo 437 E.T.,01,0.0,True,"criterio ""baja"": confirmar el articulo aplicado; precio en cero: revisar antes de importar",NO
1605,OTR-617,,Paerfiles 3x 1 1/2,Otros / Sin clasificar,NIU,94,Unidad,0.0,0.0,0.0,19,GRAVADO,00,,tarifa general del articulo 437 E.T.,01,0.0,True,"criterio ""baja"": confirmar el articulo aplicado; precio en cero: revisar antes de importar",NO
1607,OTR-618,,Anticorosivo,Otros / Sin clasificar,NIU,94,Unidad,0.0,0.0,0.0,19,GRAVADO,00,,tarifa general del articulo 437 E.T.,01,0.0,True,"criterio ""baja"": confirmar el articulo aplicado; precio en cero: revisar antes de importar",NO
1608,OTR-619,,Rodillo grande,Otros / Sin clasificar,NIU,94,Unidad,0.0,0.0,0.0,19,GRAVADO,00,,tarifa general del articulo 437 E.T.,01,0.0,True,"criterio ""baja"": confirmar el articulo aplicado; precio en cero: revisar antes de importar",NO
1609,OTR-620,,Vinilos verde,Otros / Sin clasificar,NIU,94,Unidad,0.0,0.0,0.0,19,GRAVADO,00,,tarifa general del articulo 437 E.T.,01,0.0,True,"criterio ""baja"": confirmar el articulo aplicado; precio en cero: revisar antes de importar",NO
1610,OTR-621,,Cuñete pintura corama tipo 1,Otros / Sin clasificar,NIU,94,Unidad,0.0,0.0,0.0,19,GRAVADO,00,,tarifa general del articulo 437 E.T.,01,0.0,True,"criterio ""baja"": confirmar el articulo aplicado; producto de la lista de verificacion manual (pinturas, metales, electricos, EPP o adhesion); precio en cero: revisar antes de importar",NO
1611,OTR-622,,pincel mediano,Otros / Sin clasificar,NIU,94,Unidad,0.0,0.0,0.0,19,GRAVADO,00,,tarifa general del articulo 437 E.T.,01,0.0,True,"criterio ""baja"": confirmar el articulo aplicado; precio en cero: revisar antes de importar",NO
1612,OTR-623,,Vinilos,Otros / Sin clasificar,NIU,94,Unidad,0.0,0.0,0.0,19,GRAVADO,00,,tarifa general del articulo 437 E.T.,01,0.0,True,"criterio ""baja"": confirmar el articulo aplicado; precio en cero: revisar antes de importar",NO
1613,OTR-624,,Metros mixto,Otros / Sin clasificar,MTR,MTR,Metro,0.0,0.0,0.0,19,GRAVADO,00,,tarifa general del articulo 437 E.T.,01,0.0,True,"criterio ""baja"": confirmar el articulo aplicado; precio en cero: revisar antes de importar",NO
1614,OTR-625,,Brochas 1/2,Otros / Sin clasificar,NIU,94,Unidad,0.0,0.0,0.0,19,GRAVADO,00,,tarifa general del articulo 437 E.T.,01,0.0,True,"criterio ""baja"": confirmar el articulo aplicado; precio en cero: revisar antes de importar",NO
1615,OTR-626,,Kilos soldadura gruesa,Otros / Sin clasificar,KGM,KGM,Kilogramo,0.0,0.0,0.0,19,GRAVADO,00,,tarifa general del articulo 437 E.T.,01,0.0,True,"criterio ""baja"": confirmar el articulo aplicado; precio en cero: revisar antes de importar",NO
1617,OTR-627,,"Aerosoloes-blanco ,azul",Otros / Sin clasificar,NIU,94,Unidad,0.0,0.0,0.0,19,GRAVADO,00,,tarifa general del articulo 437 E.T.,01,0.0,True,"criterio ""baja"": confirmar el articulo aplicado; precio en cero: revisar antes de importar",NO
1618,OTR-628,,Galon vinilo tipo 1 blanco,Otros / Sin clasificar,LTR,LTR,Litro,0.0,0.0,0.0,19,GRAVADO,00,,tarifa general del articulo 437 E.T.,01,0.0,True,"criterio ""baja"": confirmar el articulo aplicado; precio en cero: revisar antes de importar",NO
1621,OTR-629,,vinilo negro peq,Otros / Sin clasificar,NIU,94,Unidad,0.0,0.0,0.0,19,GRAVADO,00,,tarifa general del articulo 437 E.T.,01,0.0,True,"criterio ""baja"": confirmar el articulo aplicado; precio en cero: revisar antes de importar",NO
1623,OTR-630,,Soldadura 1/16,Otros / Sin clasificar,NIU,94,Unidad,0.0,0.0,0.0,19,GRAVADO,00,,tarifa general del articulo 437 E.T.,01,0.0,True,"criterio ""baja"": confirmar el articulo aplicado; precio en cero: revisar antes de importar",NO
1624,OTR-631,,Galon de vinilo verde primaveral,Otros / Sin clasificar,LTR,LTR,Litro,0.0,0.0,0.0,19,GRAVADO,00,,tarifa general del articulo 437 E.T.,01,0.0,True,"criterio ""baja"": confirmar el articulo aplicado; precio en cero: revisar antes de importar",NO
1625,OTR-632,,Amarras techo,Otros / Sin clasificar,NIU,94,Unidad,0.0,0.0,0.0,19,GRAVADO,00,,tarifa general del articulo 437 E.T.,01,0.0,True,"criterio ""baja"": confirmar el articulo aplicado; precio en cero: revisar antes de importar",NO
1626,OTR-633,,DISCO CORTE PROMO,Otros / Sin clasificar,NIU,94,Unidad,0.0,0.0,0.0,19,GRAVADO,00,,tarifa general del articulo 437 E.T.,01,0.0,True,"criterio ""baja"": confirmar el articulo aplicado; precio en cero: revisar antes de importar",NO
1627,OTR-634,,Martillo,Otros / Sin clasificar,NIU,94,Unidad,0.0,0.0,0.0,19,GRAVADO,00,,tarifa general del articulo 437 E.T.,01,0.0,True,"criterio ""baja"": confirmar el articulo aplicado; precio en cero: revisar antes de importar",NO
1628,OTR-635,,Paquete brocas total x 2 unidades,Otros / Sin clasificar,PK,PK,Paquete,0.0,0.0,0.0,19,GRAVADO,00,,tarifa general del articulo 437 E.T.,01,0.0,True,"criterio ""baja"": confirmar el articulo aplicado; precio en cero: revisar antes de importar",NO
1629,OTR-636,,Pistola para pintar marca truper,Otros / Sin clasificar,NIU,94,Unidad,0.0,0.0,0.0,19,GRAVADO,00,,tarifa general del articulo 437 E.T.,01,0.0,True,"criterio ""baja"": confirmar el articulo aplicado; precio en cero: revisar antes de importar",NO
1630,OTR-637,,Vinilo verde primaveral,Otros / Sin clasificar,NIU,94,Unidad,0.0,0.0,0.0,19,GRAVADO,00,,tarifa general del articulo 437 E.T.,01,0.0,True,"criterio ""baja"": confirmar el articulo aplicado; precio en cero: revisar antes de importar",NO
1631,OTR-638,,Brocas 2/32,Otros / Sin clasificar,NIU,94,Unidad,0.0,0.0,0.0,19,GRAVADO,00,,tarifa general del articulo 437 E.T.,01,0.0,True,"criterio ""baja"": confirmar el articulo aplicado; precio en cero: revisar antes de importar",NO
1632,OTR-639,,Galones anticorrosivo rojo,Otros / Sin clasificar,LTR,LTR,Litro,0.0,0.0,0.0,19,GRAVADO,00,,tarifa general del articulo 437 E.T.,01,0.0,True,"criterio ""baja"": confirmar el articulo aplicado; precio en cero: revisar antes de importar",NO
1633,OTR-640,,Chazos 3/8 expansivos,Otros / Sin clasificar,NIU,94,Unidad,0.0,0.0,0.0,19,GRAVADO,00,,tarifa general del articulo 437 E.T.,01,0.0,True,"criterio ""baja"": confirmar el articulo aplicado; precio en cero: revisar antes de importar",NO
1634,OTR-641,,Chazos 5/16,Otros / Sin clasificar,NIU,94,Unidad,0.0,0.0,0.0,19,GRAVADO,00,,tarifa general del articulo 437 E.T.,01,0.0,True,"criterio ""baja"": confirmar el articulo aplicado; precio en cero: revisar antes de importar",NO
1635,OTR-642,,Rodillo 9,Otros / Sin clasificar,NIU,94,Unidad,0.0,0.0,0.0,19,GRAVADO,00,,tarifa general del articulo 437 E.T.,01,0.0,True,"criterio ""baja"": confirmar el articulo aplicado; precio en cero: revisar antes de importar",NO
1636,OTR-643,,Libras pundilla 2 1/2,Otros / Sin clasificar,NIU,94,Unidad,0.0,0.0,0.0,19,GRAVADO,00,,tarifa general del articulo 437 E.T.,01,0.0,True,"criterio ""baja"": confirmar el articulo aplicado; precio en cero: revisar antes de importar",NO
1639,OTR-644,,Entrepisos c 16 x 6 metros,Otros / Sin clasificar,MTR,MTR,Metro,0.0,0.0,0.0,19,GRAVADO,00,,tarifa general del articulo 437 E.T.,01,0.0,True,"criterio ""baja"": confirmar el articulo aplicado; precio en cero: revisar antes de importar",NO
1640,OTR-645,,Ganchos en c 12 cm varilla 1/4,Otros / Sin clasificar,MTR,MTR,Metro,0.0,0.0,0.0,19,GRAVADO,00,,tarifa general del articulo 437 E.T.,01,0.0,True,"material que se vende por longitud; confirmar si es metro lineal; criterio ""baja"": confirmar el articulo aplicado; precio en cero: revisar antes de importar",NO
1644,OTR-646,,Pliegos lija # 220,Otros / Sin clasificar,NIU,94,Unidad,0.0,0.0,0.0,19,GRAVADO,00,,tarifa general del articulo 437 E.T.,01,0.0,True,"criterio ""baja"": confirmar el articulo aplicado; precio en cero: revisar antes de importar",NO
1645,OTR-647,,Cuñete pintura blanca tipo 1,Otros / Sin clasificar,NIU,94,Unidad,0.0,0.0,0.0,19,GRAVADO,00,,tarifa general del articulo 437 E.T.,01,0.0,True,"criterio ""baja"": confirmar el articulo aplicado; producto de la lista de verificacion manual (pinturas, metales, electricos, EPP o adhesion); precio en cero: revisar antes de importar",NO
1646,OTR-648,,Bolsas de macilla,Otros / Sin clasificar,NIU,94,Unidad,0.0,0.0,0.0,19,GRAVADO,00,,tarifa general del articulo 437 E.T.,01,0.0,True,"criterio ""baja"": confirmar el articulo aplicado; precio en cero: revisar antes de importar",NO
1647,OTR-649,,Tapon 3,Otros / Sin clasificar,NIU,94,Unidad,0.0,0.0,0.0,19,GRAVADO,00,,tarifa general del articulo 437 E.T.,01,0.0,True,"criterio ""baja"": confirmar el articulo aplicado; precio en cero: revisar antes de importar",NO
1648,OTR-650,,Canecas pintura vinilo,Otros / Sin clasificar,NIU,94,Unidad,0.0,0.0,0.0,19,GRAVADO,00,,tarifa general del articulo 437 E.T.,01,0.0,True,"criterio ""baja"": confirmar el articulo aplicado; producto de la lista de verificacion manual (pinturas, metales, electricos, EPP o adhesion); precio en cero: revisar antes de importar",NO
1649,OTR-651,,DISCO ABRACOL CONCRETO,Otros / Sin clasificar,NIU,94,Unidad,0.0,0.0,0.0,0,EXENTO,02,422,art. 422 del Estatuto Tributario,01,0.0,True,"criterio ""media"": confirmar el articulo aplicado; precio en cero: revisar antes de importar",NO
1650,OTR-652,,GALOLNES PINTURA ACEITE,Otros / Sin clasificar,NIU,94,Unidad,0.0,0.0,0.0,19,GRAVADO,00,,tarifa general del articulo 437 E.T.,01,0.0,True,"criterio ""baja"": confirmar el articulo aplicado; producto de la lista de verificacion manual (pinturas, metales, electricos, EPP o adhesion); precio en cero: revisar antes de importar",NO
1651,OTR-653,,SILICONAS CORNETA,Otros / Sin clasificar,NIU,94,Unidad,0.0,0.0,0.0,19,GRAVADO,00,,tarifa general del articulo 437 E.T.,01,0.0,True,"criterio ""baja"": confirmar el articulo aplicado; precio en cero: revisar antes de importar",NO
1652,OTR-654,,BARNIZ PARA MADERA,Otros / Sin clasificar,NIU,94,Unidad,0.0,0.0,0.0,19,GRAVADO,00,,tarifa general del articulo 437 E.T.,01,0.0,True,"criterio ""baja"": confirmar el articulo aplicado; precio en cero: revisar antes de importar",NO
1653,OTR-655,,"brochas 1""",Otros / Sin clasificar,NIU,94,Unidad,0.0,0.0,0.0,19,GRAVADO,00,,tarifa general del articulo 437 E.T.,01,0.0,True,"criterio ""baja"": confirmar el articulo aplicado; precio en cero: revisar antes de importar",NO
1654,OTR-656,,Medias tiner,Otros / Sin clasificar,NIU,94,Unidad,0.0,0.0,0.0,19,GRAVADO,00,,tarifa general del articulo 437 E.T.,01,0.0,True,"criterio ""baja"": confirmar el articulo aplicado; precio en cero: revisar antes de importar",NO
1655,OTR-657,,Rollos manguera 1/2,Otros / Sin clasificar,ROL,ROL,Rollo,0.0,0.0,0.0,19,GRAVADO,00,,tarifa general del articulo 437 E.T.,01,0.0,True,"criterio ""baja"": confirmar el articulo aplicado; precio en cero: revisar antes de importar",NO
1656,OTR-658,,Hojas eternit # 8,Otros / Sin clasificar,NIU,94,Unidad,0.0,0.0,0.0,19,GRAVADO,00,,tarifa general del articulo 437 E.T.,01,0.0,True,"criterio ""baja"": confirmar el articulo aplicado; precio en cero: revisar antes de importar",NO
1657,OTR-659,,"Hojas eternit 1,80",Otros / Sin clasificar,NIU,94,Unidad,0.0,0.0,0.0,19,GRAVADO,00,,tarifa general del articulo 437 E.T.,01,0.0,True,"criterio ""baja"": confirmar el articulo aplicado; precio en cero: revisar antes de importar",NO
1658,OTR-660,,Amarras largas,Otros / Sin clasificar,NIU,94,Unidad,0.0,0.0,0.0,19,GRAVADO,00,,tarifa general del articulo 437 E.T.,01,0.0,True,"criterio ""baja"": confirmar el articulo aplicado; precio en cero: revisar antes de importar",NO
1659,OTR-661,,Caballetes eternit,Otros / Sin clasificar,NIU,94,Unidad,0.0,0.0,0.0,19,GRAVADO,00,,tarifa general del articulo 437 E.T.,01,0.0,True,"criterio ""baja"": confirmar el articulo aplicado; precio en cero: revisar antes de importar",NO
1662,OTR-662,,Reduccion de 3 a 2,Otros / Sin clasificar,NIU,94,Unidad,0.0,0.0,0.0,19,GRAVADO,00,,tarifa general del articulo 437 E.T.,01,0.0,True,"criterio ""baja"": confirmar el articulo aplicado; precio en cero: revisar antes de importar",NO
1664,OTR-663,,Metros,Otros / Sin clasificar,MTR,MTR,Metro,0.0,0.0,0.0,19,GRAVADO,00,,tarifa general del articulo 437 E.T.,01,0.0,True,"criterio ""baja"": confirmar el articulo aplicado; precio en cero: revisar antes de importar",NO
1665,OTR-664,,Metro tubo 1/2,Otros / Sin clasificar,MTR,MTR,Metro,0.0,0.0,0.0,19,GRAVADO,00,,tarifa general del articulo 437 E.T.,01,0.0,True,"criterio ""baja"": confirmar el articulo aplicado; precio en cero: revisar antes de importar",NO
1667,OTR-665,,Hojas metal d calibre 22 x 6 metros,Otros / Sin clasificar,MTR,MTR,Metro,0.0,0.0,0.0,19,GRAVADO,00,,tarifa general del articulo 437 E.T.,01,0.0,True,"criterio ""baja"": confirmar el articulo aplicado; precio en cero: revisar antes de importar",NO
1668,OTR-666,,Hoja metal d calibre 22 x 4 metros,Otros / Sin clasificar,MTR,MTR,Metro,0.0,0.0,0.0,19,GRAVADO,00,,tarifa general del articulo 437 E.T.,01,0.0,True,"criterio ""baja"": confirmar el articulo aplicado; precio en cero: revisar antes de importar",NO
1669,OTR-667,,Libra puntilla acero 1  1/2,Otros / Sin clasificar,NIU,94,Unidad,0.0,0.0,0.0,19,GRAVADO,00,,tarifa general del articulo 437 E.T.,01,0.0,True,"criterio ""baja"": confirmar el articulo aplicado; precio en cero: revisar antes de importar",NO
1674,PER-001,,Perfil 3X 1 ½ calibre 20,Perfiles,NIU,94,Unidad,47000.0,39495.8,7504.2,19,GRAVADO,00,,tarifa general del articulo 437 E.T.,01,0.0,True,"criterio ""baja"": confirmar el articulo aplicado; producto de la lista de verificacion manual (pinturas, metales, electricos, EPP o adhesion)",NO
1675,PER-002,,Perfil 3X 1 ½ calibre 18,Perfiles,NIU,94,Unidad,60000.0,50420.17,9579.83,19,GRAVADO,00,,tarifa general del articulo 437 E.T.,01,0.0,True,"criterio ""baja"": confirmar el articulo aplicado; producto de la lista de verificacion manual (pinturas, metales, electricos, EPP o adhesion)",NO
1676,PER-003,,Perfil 3X 1 ½ calibre 16,Perfiles,NIU,94,Unidad,80000.0,67226.89,12773.11,19,GRAVADO,00,,tarifa general del articulo 437 E.T.,01,0.0,True,"criterio ""baja"": confirmar el articulo aplicado; producto de la lista de verificacion manual (pinturas, metales, electricos, EPP o adhesion)",NO
1677,PER-004,,Perfil 4X 1 ½ calibre 18,Perfiles,NIU,94,Unidad,76000.0,63865.55,12134.45,19,GRAVADO,00,,tarifa general del articulo 437 E.T.,01,0.0,True,"criterio ""baja"": confirmar el articulo aplicado; producto de la lista de verificacion manual (pinturas, metales, electricos, EPP o adhesion)",NO
1678,PER-005,,Perfil 4X 1 ½ calibre 16,Perfiles,NIU,94,Unidad,98000.0,82352.94,15647.06,19,GRAVADO,00,,tarifa general del articulo 437 E.T.,01,0.0,True,"criterio ""baja"": confirmar el articulo aplicado; producto de la lista de verificacion manual (pinturas, metales, electricos, EPP o adhesion)",NO
1679,PER-006,,Perfil 2X1 calibre 18,Perfiles,NIU,94,Unidad,42000.0,35294.12,6705.88,19,GRAVADO,00,,tarifa general del articulo 437 E.T.,01,0.0,True,"criterio ""baja"": confirmar el articulo aplicado; producto de la lista de verificacion manual (pinturas, metales, electricos, EPP o adhesion)",NO
1680,PER-007,,Perfil 2X2 calibre 18,Perfiles,NIU,94,Unidad,54000.0,45378.15,8621.85,19,GRAVADO,00,,tarifa general del articulo 437 E.T.,01,0.0,True,"criterio ""baja"": confirmar el articulo aplicado; producto de la lista de verificacion manual (pinturas, metales, electricos, EPP o adhesion)",NO
1681,PER-008,,Perfil 1X1 calibre 18,Perfiles,NIU,94,Unidad,27000.0,22689.08,4310.92,19,GRAVADO,00,,tarifa general del articulo 437 E.T.,01,0.0,True,"criterio ""baja"": confirmar el articulo aplicado; producto de la lista de verificacion manual (pinturas, metales, electricos, EPP o adhesion)",NO
1682,PER-009,,Perfil 3/4 calibre 18,Perfiles,NIU,94,Unidad,19000.0,15966.39,3033.61,19,GRAVADO,00,,tarifa general del articulo 437 E.T.,01,0.0,True,"criterio ""baja"": confirmar el articulo aplicado; producto de la lista de verificacion manual (pinturas, metales, electricos, EPP o adhesion)",NO
1777,PER-010,,Perfil,Perfiles y Estructural,NIU,94,Unidad,47000.0,39495.8,7504.2,19,GRAVADO,00,,tarifa general del articulo 437 E.T.,01,0.0,True,"criterio ""baja"": confirmar el articulo aplicado; producto de la lista de verificacion manual (pinturas, metales, electricos, EPP o adhesion)",NO
1778,PER-011,,Perfil,Perfiles y Estructural,NIU,94,Unidad,60000.0,50420.17,9579.83,19,GRAVADO,00,,tarifa general del articulo 437 E.T.,01,0.0,True,"criterio ""baja"": confirmar el articulo aplicado; producto de la lista de verificacion manual (pinturas, metales, electricos, EPP o adhesion); el mismo nombre ya existe con otro precio (47000.0)",NO
1779,PER-012,,Perfil,Perfiles y Estructural,NIU,94,Unidad,80000.0,67226.89,12773.11,19,GRAVADO,00,,tarifa general del articulo 437 E.T.,01,0.0,True,"criterio ""baja"": confirmar el articulo aplicado; producto de la lista de verificacion manual (pinturas, metales, electricos, EPP o adhesion); el mismo nombre ya existe con otro precio (47000.0)",NO
1780,PER-013,,Perfil,Perfiles y Estructural,NIU,94,Unidad,76000.0,63865.55,12134.45,19,GRAVADO,00,,tarifa general del articulo 437 E.T.,01,0.0,True,"criterio ""baja"": confirmar el articulo aplicado; producto de la lista de verificacion manual (pinturas, metales, electricos, EPP o adhesion); el mismo nombre ya existe con otro precio (47000.0)",NO
1781,PER-014,,Perfil,Perfiles y Estructural,NIU,94,Unidad,98000.0,82352.94,15647.06,19,GRAVADO,00,,tarifa general del articulo 437 E.T.,01,0.0,True,"criterio ""baja"": confirmar el articulo aplicado; producto de la lista de verificacion manual (pinturas, metales, electricos, EPP o adhesion); el mismo nombre ya existe con otro precio (47000.0)",NO
1782,PER-015,,Perfil,Perfiles y Estructural,NIU,94,Unidad,42000.0,35294.12,6705.88,19,GRAVADO,00,,tarifa general del articulo 437 E.T.,01,0.0,True,"criterio ""baja"": confirmar el articulo aplicado; producto de la lista de verificacion manual (pinturas, metales, electricos, EPP o adhesion); el mismo nombre ya existe con otro precio (47000.0)",NO
1783,PER-016,,Perfil,Perfiles y Estructural,NIU,94,Unidad,54000.0,45378.15,8621.85,19,GRAVADO,00,,tarifa general del articulo 437 E.T.,01,0.0,True,"criterio ""baja"": confirmar el articulo aplicado; producto de la lista de verificacion manual (pinturas, metales, electricos, EPP o adhesion); el mismo nombre ya existe con otro precio (47000.0)",NO
1784,PER-017,,Perfil,Perfiles y Estructural,NIU,94,Unidad,27000.0,22689.08,4310.92,19,GRAVADO,00,,tarifa general del articulo 437 E.T.,01,0.0,True,"criterio ""baja"": confirmar el articulo aplicado; producto de la lista de verificacion manual (pinturas, metales, electricos, EPP o adhesion); el mismo nombre ya existe con otro precio (47000.0)",NO
1785,PER-018,,Perfil,Perfiles y Estructural,NIU,94,Unidad,19000.0,15966.39,3033.61,19,GRAVADO,00,,tarifa general del articulo 437 E.T.,01,0.0,True,"criterio ""baja"": confirmar el articulo aplicado; producto de la lista de verificacion manual (pinturas, metales, electricos, EPP o adhesion); el mismo nombre ya existe con otro precio (47000.0)",NO
1838,PER-019,,Tubo estructural,Perfiles y Estructural,MTR,MTR,Metro,198000.0,166386.55,31613.45,19,GRAVADO,00,,tarifa general del articulo 437 E.T.,01,0.0,True,"material que se vende por longitud; confirmar si es metro lineal; criterio ""baja"": confirmar el articulo aplicado",NO
213,PIN-001,,Espátula plástica pequeña,Pinturas y Acabados,NIU,94,Unidad,0.0,0.0,0.0,19,GRAVADO,00,,tarifa general del articulo 437 E.T.,01,0.0,True,"criterio ""baja"": confirmar el articulo aplicado; producto de la lista de verificacion manual (pinturas, metales, electricos, EPP o adhesion); precio en cero: revisar antes de importar",NO
214,PIN-002,,Espátula platica grande,Pinturas y Acabados,NIU,94,Unidad,0.0,0.0,0.0,19,GRAVADO,00,,tarifa general del articulo 437 E.T.,01,0.0,True,"criterio ""baja"": confirmar el articulo aplicado; precio en cero: revisar antes de importar",NO
282,PIN-003,,Mezclador de pinturas,Pinturas y Acabados,NIU,94,Unidad,0.0,0.0,0.0,19,GRAVADO,00,,tarifa general del articulo 437 E.T.,01,0.0,True,"criterio ""baja"": confirmar el articulo aplicado; precio en cero: revisar antes de importar",NO
286,PIN-004,,Palustre hopex,Pinturas y Acabados,NIU,94,Unidad,0.0,0.0,0.0,19,GRAVADO,00,,tarifa general del articulo 437 E.T.,01,0.0,True,"criterio ""baja"": confirmar el articulo aplicado; precio en cero: revisar antes de importar",NO
287,PIN-005,,Palustre hopex,Pinturas y Acabados,NIU,94,Unidad,0.0,0.0,0.0,19,GRAVADO,00,,tarifa general del articulo 437 E.T.,01,0.0,True,"criterio ""baja"": confirmar el articulo aplicado; precio en cero: revisar antes de importar; el mismo nombre ya existe con otro precio (0.0)",NO
288,PIN-006,,Palustre hopex,Pinturas y Acabados,NIU,94,Unidad,0.0,0.0,0.0,19,GRAVADO,00,,tarifa general del articulo 437 E.T.,01,0.0,True,"criterio ""baja"": confirmar el articulo aplicado; precio en cero: revisar antes de importar; el mismo nombre ya existe con otro precio (0.0)",NO
289,PIN-007,,Palustre bellota,Pinturas y Acabados,NIU,94,Unidad,0.0,0.0,0.0,19,GRAVADO,00,,tarifa general del articulo 437 E.T.,01,0.0,True,"criterio ""baja"": confirmar el articulo aplicado; precio en cero: revisar antes de importar",NO
290,PIN-008,,Palustre bellota,Pinturas y Acabados,NIU,94,Unidad,0.0,0.0,0.0,19,GRAVADO,00,,tarifa general del articulo 437 E.T.,01,0.0,True,"criterio ""baja"": confirmar el articulo aplicado; precio en cero: revisar antes de importar; el mismo nombre ya existe con otro precio (0.0)",NO
291,PIN-009,,Palustre total,Pinturas y Acabados,NIU,94,Unidad,0.0,0.0,0.0,19,GRAVADO,00,,tarifa general del articulo 437 E.T.,01,0.0,True,"criterio ""baja"": confirmar el articulo aplicado; precio en cero: revisar antes de importar",NO
292,PIN-010,,Palustre total,Pinturas y Acabados,NIU,94,Unidad,0.0,0.0,0.0,19,GRAVADO,00,,tarifa general del articulo 437 E.T.,01,0.0,True,"criterio ""baja"": confirmar el articulo aplicado; precio en cero: revisar antes de importar; el mismo nombre ya existe con otro precio (0.0)",NO
293,PIN-011,,Palustre total,Pinturas y Acabados,NIU,94,Unidad,0.0,0.0,0.0,19,GRAVADO,00,,tarifa general del articulo 437 E.T.,01,0.0,True,"criterio ""baja"": confirmar el articulo aplicado; precio en cero: revisar antes de importar; el mismo nombre ya existe con otro precio (0.0)",NO
294,PIN-012,,Palustre gavilan,Pinturas y Acabados,NIU,94,Unidad,0.0,0.0,0.0,19,GRAVADO,00,,tarifa general del articulo 437 E.T.,01,0.0,True,"criterio ""baja"": confirmar el articulo aplicado; precio en cero: revisar antes de importar",NO
304,PIN-013,,Cepillo alambre fontor,Pinturas y Acabados,MTR,MTR,Metro,0.0,0.0,0.0,19,GRAVADO,00,,tarifa general del articulo 437 E.T.,01,0.0,True,"material que se vende por longitud; confirmar si es metro lineal; criterio ""baja"": confirmar el articulo aplicado; producto de la lista de verificacion manual (pinturas, metales, electricos, EPP o adhesion); precio en cero: revisar antes de importar",NO
305,PIN-014,,Cepillo alambre herragro,Pinturas y Acabados,MTR,MTR,Metro,0.0,0.0,0.0,19,GRAVADO,00,,tarifa general del articulo 437 E.T.,01,0.0,True,"material que se vende por longitud; confirmar si es metro lineal; criterio ""baja"": confirmar el articulo aplicado; producto de la lista de verificacion manual (pinturas, metales, electricos, EPP o adhesion); precio en cero: revisar antes de importar",NO
361,PIN-015,,Cepillo alambre herragro negro,Pinturas y Acabados,MTR,MTR,Metro,0.0,0.0,0.0,19,GRAVADO,00,,tarifa general del articulo 437 E.T.,01,0.0,True,"material que se vende por longitud; confirmar si es metro lineal; criterio ""baja"": confirmar el articulo aplicado; producto de la lista de verificacion manual (pinturas, metales, electricos, EPP o adhesion); precio en cero: revisar antes de importar",NO
397,PIN-016,,Tornillo Caseta Extraplana Punta Aguja C.A. Mejía & Cía.,Pinturas y Acabados,NIU,94,Unidad,0.0,0.0,0.0,19,GRAVADO,00,,tarifa general del articulo 437 E.T.,01,0.0,True,"criterio ""baja"": confirmar el articulo aplicado; precio en cero: revisar antes de importar",NO
538,PIN-017,,Tapagoteras texsa tape,Pinturas y Acabados,NIU,94,Unidad,0.0,0.0,0.0,19,GRAVADO,00,,tarifa general del articulo 437 E.T.,01,0.0,True,"criterio ""baja"": confirmar el articulo aplicado; precio en cero: revisar antes de importar",NO
539,PIN-018,,Tapa goteras texsa tape,Pinturas y Acabados,NIU,94,Unidad,0.0,0.0,0.0,19,GRAVADO,00,,tarifa general del articulo 437 E.T.,01,0.0,True,"criterio ""baja"": confirmar el articulo aplicado; precio en cero: revisar antes de importar",NO
543,PIN-019,,Aerógrafo focci,Pinturas y Acabados,NIU,94,Unidad,0.0,0.0,0.0,19,GRAVADO,00,,tarifa general del articulo 437 E.T.,01,0.0,True,"criterio ""baja"": confirmar el articulo aplicado; precio en cero: revisar antes de importar",NO
544,PIN-020,,Cinta para drywall,Pinturas y Acabados,MTR,MTR,Metro,0.0,0.0,0.0,19,GRAVADO,00,,tarifa general del articulo 437 E.T.,01,0.0,True,"material que se vende por longitud; confirmar si es metro lineal; criterio ""baja"": confirmar el articulo aplicado; precio en cero: revisar antes de importar",NO
1851,PLO-001,,Codo CxC Sanitario,Plomeria y Griferia,NIU,94,Unidad,6500.0,5462.18,1037.82,19,GRAVADO,00,,tarifa general del articulo 437 E.T.,01,0.0,True,"criterio ""baja"": confirmar el articulo aplicado",NO
1852,PLO-002,,Codo CxC Sanitario,Plomeria y Griferia,NIU,94,Unidad,4000.0,3361.34,638.66,19,GRAVADO,00,,tarifa general del articulo 437 E.T.,01,0.0,True,"criterio ""baja"": confirmar el articulo aplicado; el mismo nombre ya existe con otro precio (6500.0)",NO
1853,PLO-003,,Codo CxC Sanitario,Plomeria y Griferia,NIU,94,Unidad,2500.0,2100.84,399.16,19,GRAVADO,00,,tarifa general del articulo 437 E.T.,01,0.0,True,"criterio ""baja"": confirmar el articulo aplicado; el mismo nombre ya existe con otro precio (6500.0)",NO
1854,PLO-004,,Codo CxC Sanitario,Plomeria y Griferia,NIU,94,Unidad,1500.0,1260.5,239.5,19,GRAVADO,00,,tarifa general del articulo 437 E.T.,01,0.0,True,"criterio ""baja"": confirmar el articulo aplicado; el mismo nombre ya existe con otro precio (6500.0)",NO
1855,PLO-005,,Semicodo Sanitario,Plomeria y Griferia,NIU,94,Unidad,6300.0,5294.12,1005.88,19,GRAVADO,00,,tarifa general del articulo 437 E.T.,01,0.0,True,"criterio ""baja"": confirmar el articulo aplicado",NO
1856,PLO-006,,Semicodo Sanitario,Plomeria y Griferia,NIU,94,Unidad,4000.0,3361.34,638.66,19,GRAVADO,00,,tarifa general del articulo 437 E.T.,01,0.0,True,"criterio ""baja"": confirmar el articulo aplicado; el mismo nombre ya existe con otro precio (6300.0)",NO
1857,PLO-007,,Semicodo Sanitario,Plomeria y Griferia,NIU,94,Unidad,2500.0,2100.84,399.16,19,GRAVADO,00,,tarifa general del articulo 437 E.T.,01,0.0,True,"criterio ""baja"": confirmar el articulo aplicado; el mismo nombre ya existe con otro precio (6300.0)",NO
1858,PLO-008,,Semicodo Sanitario Eco,Plomeria y Griferia,NIU,94,Unidad,2200.0,1848.74,351.26,19,GRAVADO,00,,tarifa general del articulo 437 E.T.,01,0.0,True,"criterio ""baja"": confirmar el articulo aplicado",NO
1859,PLO-009,,Codo CxE Sanitario,Plomeria y Griferia,NIU,94,Unidad,2200.0,1848.74,351.26,19,GRAVADO,00,,tarifa general del articulo 437 E.T.,01,0.0,True,"criterio ""baja"": confirmar el articulo aplicado",NO
1860,PLO-010,,Codo CxE Sanitario,Plomeria y Griferia,NIU,94,Unidad,1600.0,1344.54,255.46,19,GRAVADO,00,,tarifa general del articulo 437 E.T.,01,0.0,True,"criterio ""baja"": confirmar el articulo aplicado; el mismo nombre ya existe con otro precio (2200.0)",NO
1861,PLO-011,,Yee Sanitaria,Plomeria y Griferia,NIU,94,Unidad,15500.0,13025.21,2474.79,19,GRAVADO,00,,tarifa general del articulo 437 E.T.,01,0.0,True,"criterio ""baja"": confirmar el articulo aplicado",NO
1862,PLO-012,,Yee Sanitaria,Plomeria y Griferia,NIU,94,Unidad,7300.0,6134.45,1165.55,19,GRAVADO,00,,tarifa general del articulo 437 E.T.,01,0.0,True,"criterio ""baja"": confirmar el articulo aplicado; el mismo nombre ya existe con otro precio (15500.0)",NO
1863,PLO-013,,Yee Sanitaria,Plomeria y Griferia,NIU,94,Unidad,5000.0,4201.68,798.32,19,GRAVADO,00,,tarifa general del articulo 437 E.T.,01,0.0,True,"criterio ""baja"": confirmar el articulo aplicado; el mismo nombre ya existe con otro precio (15500.0)",NO
1864,PLO-014,,Yee Sanitaria,Plomeria y Griferia,NIU,94,Unidad,4100.0,3445.38,654.62,19,GRAVADO,00,,tarifa general del articulo 437 E.T.,01,0.0,True,"criterio ""baja"": confirmar el articulo aplicado; el mismo nombre ya existe con otro precio (15500.0)",NO
1865,PLO-015,,Tee Sanitaria,Plomeria y Griferia,NIU,94,Unidad,8000.0,6722.69,1277.31,19,GRAVADO,00,,tarifa general del articulo 437 E.T.,01,0.0,True,"criterio ""baja"": confirmar el articulo aplicado",NO
1866,PLO-016,,Tee Sanitaria,Plomeria y Griferia,NIU,94,Unidad,5000.0,4201.68,798.32,19,GRAVADO,00,,tarifa general del articulo 437 E.T.,01,0.0,True,"criterio ""baja"": confirmar el articulo aplicado; el mismo nombre ya existe con otro precio (8000.0)",NO
1867,PLO-017,,Tee Sanitaria,Plomeria y Griferia,NIU,94,Unidad,3200.0,2689.08,510.92,19,GRAVADO,00,,tarifa general del articulo 437 E.T.,01,0.0,True,"criterio ""baja"": confirmar el articulo aplicado; el mismo nombre ya existe con otro precio (8000.0)",NO
1868,PLO-018,,Tee Sanitaria,Plomeria y Griferia,NIU,94,Unidad,2800.0,2352.94,447.06,19,GRAVADO,00,,tarifa general del articulo 437 E.T.,01,0.0,True,"criterio ""baja"": confirmar el articulo aplicado; el mismo nombre ya existe con otro precio (8000.0)",NO
1869,PLO-019,,Unión Sanitaria,Plomeria y Griferia,NIU,94,Unidad,3000.0,2521.01,478.99,19,GRAVADO,00,,tarifa general del articulo 437 E.T.,01,0.0,True,"criterio ""baja"": confirmar el articulo aplicado",NO
1870,PLO-020,,Unión Sanitaria,Plomeria y Griferia,NIU,94,Unidad,2500.0,2100.84,399.16,19,GRAVADO,00,,tarifa general del articulo 437 E.T.,01,0.0,True,"criterio ""baja"": confirmar el articulo aplicado; el mismo nombre ya existe con otro precio (3000.0)",NO
1871,PLO-021,,Unión Sanitaria,Plomeria y Griferia,NIU,94,Unidad,1900.0,1596.64,303.36,19,GRAVADO,00,,tarifa general del articulo 437 E.T.,01,0.0,True,"criterio ""baja"": confirmar el articulo aplicado; el mismo nombre ya existe con otro precio (3000.0)",NO
1872,PLO-022,,Unión Sanitaria,Plomeria y Griferia,NIU,94,Unidad,1300.0,1092.44,207.56,19,GRAVADO,00,,tarifa general del articulo 437 E.T.,01,0.0,True,"criterio ""baja"": confirmar el articulo aplicado; el mismo nombre ya existe con otro precio (3000.0)",NO
1873,PLO-023,,Buje Sanitario,Plomeria y Griferia,NIU,94,Unidad,1300.0,1092.44,207.56,19,GRAVADO,00,,tarifa general del articulo 437 E.T.,01,0.0,True,"criterio ""baja"": confirmar el articulo aplicado",NO
1874,PLO-024,,Buje Sanitario,Plomeria y Griferia,NIU,94,Unidad,2800.0,2352.94,447.06,19,GRAVADO,00,,tarifa general del articulo 437 E.T.,01,0.0,True,"criterio ""baja"": confirmar el articulo aplicado; el mismo nombre ya existe con otro precio (1300.0)",NO
1875,PLO-025,,Buje Sanitario,Plomeria y Griferia,NIU,94,Unidad,3000.0,2521.01,478.99,19,GRAVADO,00,,tarifa general del articulo 437 E.T.,01,0.0,True,"criterio ""baja"": confirmar el articulo aplicado; el mismo nombre ya existe con otro precio (1300.0)",NO
1876,PLO-026,,Buje Sanitario,Plomeria y Griferia,NIU,94,Unidad,4100.0,3445.38,654.62,19,GRAVADO,00,,tarifa general del articulo 437 E.T.,01,0.0,True,"criterio ""baja"": confirmar el articulo aplicado; el mismo nombre ya existe con otro precio (1300.0)",NO
5,PLO-027,,Llave de lavamanos,Plomería y Grifería,NIU,94,Unidad,0.0,0.0,0.0,19,GRAVADO,00,,tarifa general del articulo 437 E.T.,01,0.0,True,"criterio ""baja"": confirmar el articulo aplicado; precio en cero: revisar antes de importar",NO
6,PLO-028,,Llave de lavaplatos,Plomería y Grifería,NIU,94,Unidad,0.0,0.0,0.0,19,GRAVADO,00,,tarifa general del articulo 437 E.T.,01,0.0,True,"criterio ""baja"": confirmar el articulo aplicado; precio en cero: revisar antes de importar",NO
152,PLO-029,,Llave de lavaplatos doble acoples cárdenas,Plomería y Grifería,NIU,94,Unidad,0.0,0.0,0.0,19,GRAVADO,00,,tarifa general del articulo 437 E.T.,01,0.0,True,"criterio ""baja"": confirmar el articulo aplicado; precio en cero: revisar antes de importar",NO
153,PLO-030,,Llave de lavaplatos sencilla acoples cardenas,Plomería y Grifería,NIU,94,Unidad,0.0,0.0,0.0,19,GRAVADO,00,,tarifa general del articulo 437 E.T.,01,0.0,True,"criterio ""baja"": confirmar el articulo aplicado; precio en cero: revisar antes de importar",NO
154,PLO-031,,Llave de lavaplatos sencilla focci,Plomería y Grifería,NIU,94,Unidad,0.0,0.0,0.0,19,GRAVADO,00,,tarifa general del articulo 437 E.T.,01,0.0,True,"criterio ""baja"": confirmar el articulo aplicado; precio en cero: revisar antes de importar",NO
155,PLO-032,,Llave de lavaplatos cuello de ganso flexible uduke,Plomería y Grifería,NIU,94,Unidad,0.0,0.0,0.0,19,GRAVADO,00,,tarifa general del articulo 437 E.T.,01,0.0,True,"criterio ""baja"": confirmar el articulo aplicado; precio en cero: revisar antes de importar",NO
156,PLO-033,,Llave de lavaplatos cuello de ganso flexible unifer,Plomería y Grifería,NIU,94,Unidad,0.0,0.0,0.0,19,GRAVADO,00,,tarifa general del articulo 437 E.T.,01,0.0,True,"criterio ""baja"": confirmar el articulo aplicado; precio en cero: revisar antes de importar",NO
157,PLO-034,,Ducha kontiki,Plomería y Grifería,NIU,94,Unidad,0.0,0.0,0.0,19,GRAVADO,00,,tarifa general del articulo 437 E.T.,01,0.0,True,"criterio ""baja"": confirmar el articulo aplicado; precio en cero: revisar antes de importar",NO
158,PLO-035,,Llave de lavamanos plast grifos,Plomería y Grifería,NIU,94,Unidad,0.0,0.0,0.0,19,GRAVADO,00,,tarifa general del articulo 437 E.T.,01,0.0,True,"criterio ""baja"": confirmar el articulo aplicado; precio en cero: revisar antes de importar",NO
159,PLO-036,,Llave de lavamanos rioplast,Plomería y Grifería,NIU,94,Unidad,0.0,0.0,0.0,19,GRAVADO,00,,tarifa general del articulo 437 E.T.,01,0.0,True,"criterio ""baja"": confirmar el articulo aplicado; precio en cero: revisar antes de importar",NO
160,PLO-037,,Llave de lavamanos grival,Plomería y Grifería,NIU,94,Unidad,0.0,0.0,0.0,19,GRAVADO,00,,tarifa general del articulo 437 E.T.,01,0.0,True,"criterio ""baja"": confirmar el articulo aplicado; precio en cero: revisar antes de importar",NO
161,PLO-038,,Llave de lavamanos unifer,Plomería y Grifería,NIU,94,Unidad,0.0,0.0,0.0,19,GRAVADO,00,,tarifa general del articulo 437 E.T.,01,0.0,True,"criterio ""baja"": confirmar el articulo aplicado; precio en cero: revisar antes de importar",NO
162,PLO-039,,Llave de lavamanos gerfor,Plomería y Grifería,NIU,94,Unidad,0.0,0.0,0.0,19,GRAVADO,00,,tarifa general del articulo 437 E.T.,01,0.0,True,"criterio ""baja"": confirmar el articulo aplicado; precio en cero: revisar antes de importar",NO
163,PLO-040,,Llave de lavamanos doble,Plomería y Grifería,NIU,94,Unidad,0.0,0.0,0.0,19,GRAVADO,00,,tarifa general del articulo 437 E.T.,01,0.0,True,"criterio ""baja"": confirmar el articulo aplicado; precio en cero: revisar antes de importar",NO
164,PLO-041,,Llave de lavamanos de lujo flexible,Plomería y Grifería,NIU,94,Unidad,0.0,0.0,0.0,19,GRAVADO,00,,tarifa general del articulo 437 E.T.,01,0.0,True,"criterio ""baja"": confirmar el articulo aplicado; precio en cero: revisar antes de importar",NO
165,PLO-042,,Regadera para ducha rioplast,Plomería y Grifería,NIU,94,Unidad,0.0,0.0,0.0,19,GRAVADO,00,,tarifa general del articulo 437 E.T.,01,0.0,True,"criterio ""baja"": confirmar el articulo aplicado; precio en cero: revisar antes de importar",NO
232,PLO-043,,Llave bola pvc rosca,Plomería y Grifería,NIU,94,Unidad,0.0,0.0,0.0,19,GRAVADO,00,,tarifa general del articulo 437 E.T.,01,0.0,True,"criterio ""baja"": confirmar el articulo aplicado; precio en cero: revisar antes de importar",NO
233,PLO-044,,Registro de ducha grival,Plomería y Grifería,NIU,94,Unidad,0.0,0.0,0.0,19,GRAVADO,00,,tarifa general del articulo 437 E.T.,01,0.0,True,"criterio ""baja"": confirmar el articulo aplicado; precio en cero: revisar antes de importar",NO
234,PLO-045,,Registro para ducha paso completo uduke,Plomería y Grifería,NIU,94,Unidad,0.0,0.0,0.0,19,GRAVADO,00,,tarifa general del articulo 437 E.T.,01,0.0,True,"criterio ""baja"": confirmar el articulo aplicado; precio en cero: revisar antes de importar",NO
236,PLO-046,,Registro ducha Helix Pala Gricol,Plomería y Grifería,NIU,94,Unidad,0.0,0.0,0.0,19,GRAVADO,00,,tarifa general del articulo 437 E.T.,01,0.0,True,"criterio ""baja"": confirmar el articulo aplicado; precio en cero: revisar antes de importar",NO
237,PLO-047,,Válvula Flotante Unifer,Plomería y Grifería,NIU,94,Unidad,0.0,0.0,0.0,19,GRAVADO,00,,tarifa general del articulo 437 E.T.,01,0.0,True,"criterio ""baja"": confirmar el articulo aplicado; precio en cero: revisar antes de importar",NO
306,PLO-048,,Registro de ducha helix pala gricol,Plomería y Grifería,NIU,94,Unidad,0.0,0.0,0.0,19,GRAVADO,00,,tarifa general del articulo 437 E.T.,01,0.0,True,"criterio ""baja"": confirmar el articulo aplicado; precio en cero: revisar antes de importar",NO
307,PLO-049,,Válvula flotante,Plomería y Grifería,NIU,94,Unidad,0.0,0.0,0.0,19,GRAVADO,00,,tarifa general del articulo 437 E.T.,01,0.0,True,"criterio ""baja"": confirmar el articulo aplicado; precio en cero: revisar antes de importar",NO
308,PLO-050,,Llave de jardín tipo pesada,Plomería y Grifería,NIU,94,Unidad,0.0,0.0,0.0,19,GRAVADO,00,,tarifa general del articulo 437 E.T.,01,0.0,True,"criterio ""baja"": confirmar el articulo aplicado; precio en cero: revisar antes de importar",NO
309,PLO-051,,Llave de jardín tipo pesada,Plomería y Grifería,NIU,94,Unidad,0.0,0.0,0.0,19,GRAVADO,00,,tarifa general del articulo 437 E.T.,01,0.0,True,"criterio ""baja"": confirmar el articulo aplicado; precio en cero: revisar antes de importar; el mismo nombre ya existe con otro precio (0.0)",NO
310,PLO-052,,Llave de jardín tipo pesada,Plomería y Grifería,NIU,94,Unidad,0.0,0.0,0.0,19,GRAVADO,00,,tarifa general del articulo 437 E.T.,01,0.0,True,"criterio ""baja"": confirmar el articulo aplicado; precio en cero: revisar antes de importar; el mismo nombre ya existe con otro precio (0.0)",NO
311,PLO-053,,Llave bola pvc lisa uduque,Plomería y Grifería,NIU,94,Unidad,0.0,0.0,0.0,19,GRAVADO,00,,tarifa general del articulo 437 E.T.,01,0.0,True,"criterio ""baja"": confirmar el articulo aplicado; precio en cero: revisar antes de importar",NO
328,PLO-054,,Sifón Sanitario,Plomería y Grifería,NIU,94,Unidad,0.0,0.0,0.0,19,GRAVADO,00,,tarifa general del articulo 437 E.T.,01,0.0,True,"criterio ""baja"": confirmar el articulo aplicado; precio en cero: revisar antes de importar",NO
329,PLO-055,,Reducciones Sanitarias,Plomería y Grifería,NIU,94,Unidad,0.0,0.0,0.0,19,GRAVADO,00,,tarifa general del articulo 437 E.T.,01,0.0,True,"criterio ""baja"": confirmar el articulo aplicado; precio en cero: revisar antes de importar",NO
330,PLO-056,,Reducciones Sanitarias,Plomería y Grifería,NIU,94,Unidad,0.0,0.0,0.0,19,GRAVADO,00,,tarifa general del articulo 437 E.T.,01,0.0,True,"criterio ""baja"": confirmar el articulo aplicado; precio en cero: revisar antes de importar; el mismo nombre ya existe con otro precio (0.0)",NO
360,PLO-057,,Registro de ducha unifer manija cromada,Plomería y Grifería,NIU,94,Unidad,0.0,0.0,0.0,19,GRAVADO,00,,tarifa general del articulo 437 E.T.,01,0.0,True,"criterio ""baja"": confirmar el articulo aplicado; precio en cero: revisar antes de importar",NO
367,PLO-058,,Kit gf senc balta plna,Plomería y Grifería,SET,SET,Juego/Conjunto,0.0,0.0,0.0,19,GRAVADO,00,,tarifa general del articulo 437 E.T.,01,0.0,True,"criterio ""baja"": confirmar el articulo aplicado; precio en cero: revisar antes de importar",NO
415,PLO-059,,Kit de Sifón Flexible / Sifón para Lavamanos o Lavaplatos,Plomería y Grifería,SET,SET,Juego/Conjunto,0.0,0.0,0.0,19,GRAVADO,00,,tarifa general del articulo 437 E.T.,01,0.0,True,"criterio ""baja"": confirmar el articulo aplicado; precio en cero: revisar antes de importar",NO
416,PLO-060,,Válvula de llenado universal y ajustable aquax,Plomería y Grifería,NIU,94,Unidad,0.0,0.0,0.0,19,GRAVADO,00,,tarifa general del articulo 437 E.T.,01,0.0,True,"criterio ""baja"": confirmar el articulo aplicado; precio en cero: revisar antes de importar",NO
417,PLO-061,,Juego de Herrajes Rioplast S.A / Grifería para Tanque Sanitario (Válvula de entrada + Válvula de descarga + Flotador + Palanca).,Plomería y Grifería,SET,SET,Juego/Conjunto,0.0,0.0,0.0,19,GRAVADO,00,,tarifa general del articulo 437 E.T.,01,0.0,True,"criterio ""baja"": confirmar el articulo aplicado; precio en cero: revisar antes de importar",NO
418,PLO-062,,Juego de Herrajes Rioplast S.A para Tanque de Sanitario (Con flotador de bola).,Plomería y Grifería,SET,SET,Juego/Conjunto,0.0,0.0,0.0,19,GRAVADO,00,,tarifa general del articulo 437 E.T.,01,0.0,True,"criterio ""baja"": confirmar el articulo aplicado; precio en cero: revisar antes de importar",NO
419,PLO-063,,Válvula de Salida / Descarga con Flapper/Manzana.,Plomería y Grifería,NIU,94,Unidad,0.0,0.0,0.0,19,GRAVADO,00,,tarifa general del articulo 437 E.T.,01,0.0,True,"criterio ""baja"": confirmar el articulo aplicado; precio en cero: revisar antes de importar",NO
420,PLO-064,,Rejilla para lavaplatos,Plomería y Grifería,NIU,94,Unidad,0.0,0.0,0.0,19,GRAVADO,00,,tarifa general del articulo 437 E.T.,01,0.0,True,"criterio ""baja"": confirmar el articulo aplicado; precio en cero: revisar antes de importar",NO
432,PLO-065,,Portarrollos,Plomería y Grifería,NIU,94,Unidad,0.0,0.0,0.0,19,GRAVADO,00,,tarifa general del articulo 437 E.T.,01,0.0,True,"criterio ""baja"": confirmar el articulo aplicado; precio en cero: revisar antes de importar",NO
457,PLO-066,,Agua Stop Rioplast S.A.,Plomería y Grifería,NIU,94,Unidad,0.0,0.0,0.0,19,GRAVADO,00,,tarifa general del articulo 437 E.T.,01,0.0,True,"criterio ""baja"": confirmar el articulo aplicado; precio en cero: revisar antes de importar",NO
458,PLO-067,,Agua Stop Grifmar,Plomería y Grifería,NIU,94,Unidad,3500.0,2941.18,558.82,19,GRAVADO,00,,tarifa general del articulo 437 E.T.,01,0.0,True,"criterio ""baja"": confirmar el articulo aplicado",NO
459,PLO-068,,Agua Stop PlastGrifos,Plomería y Grifería,NIU,94,Unidad,3200.0,2689.08,510.92,19,GRAVADO,00,,tarifa general del articulo 437 E.T.,01,0.0,True,"criterio ""baja"": confirmar el articulo aplicado",NO
462,PLO-069,,"Juego de Tornillos Plásticos de Fijaci PlastGrifosón para Tanque Sanitario (Tornillos tipo ""L"" / mariposa)",Plomería y Grifería,LTR,LTR,Litro,0.0,0.0,0.0,19,GRAVADO,00,,tarifa general del articulo 437 E.T.,01,0.0,True,"criterio ""baja"": confirmar el articulo aplicado; producto de la lista de verificacion manual (pinturas, metales, electricos, EPP o adhesion); precio en cero: revisar antes de importar",NO
479,PLO-070,,Manija de Accionamiento para Tanque Sanitario Grival,Plomería y Grifería,NIU,94,Unidad,0.0,0.0,0.0,19,GRAVADO,00,,tarifa general del articulo 437 E.T.,01,0.0,True,"criterio ""baja"": confirmar el articulo aplicado; precio en cero: revisar antes de importar",NO
480,PLO-071,,Manija de Accionamiento para Tanque Sanitario SeniPlast,Plomería y Grifería,NIU,94,Unidad,0.0,0.0,0.0,19,GRAVADO,00,,tarifa general del articulo 437 E.T.,01,0.0,True,"criterio ""baja"": confirmar el articulo aplicado; precio en cero: revisar antes de importar",NO
481,PLO-072,,Paquete Registro Grival de Ducha Balta con Palanca (1/2 ′′ ),Plomería y Grifería,PK,PK,Paquete,0.0,0.0,0.0,19,GRAVADO,00,,tarifa general del articulo 437 E.T.,01,0.0,True,"criterio ""baja"": confirmar el articulo aplicado; precio en cero: revisar antes de importar",NO
482,PLO-073,,Registro Metálico Aquarius con Cierre Cerámico,Plomería y Grifería,NIU,94,Unidad,0.0,0.0,0.0,19,GRAVADO,00,,tarifa general del articulo 437 E.T.,01,0.0,True,"criterio ""baja"": confirmar el articulo aplicado; precio en cero: revisar antes de importar",NO
495,PLO-074,,Tapa Asiento Sanitario Rioplast S.A.,Plomería y Grifería,NIU,94,Unidad,0.0,0.0,0.0,19,GRAVADO,00,,tarifa general del articulo 437 E.T.,01,0.0,True,"criterio ""baja"": confirmar el articulo aplicado; precio en cero: revisar antes de importar",NO
547,PLO-075,,Manguera de entrada unifer,Plomería y Grifería,MTR,MTR,Metro,0.0,0.0,0.0,19,GRAVADO,00,,tarifa general del articulo 437 E.T.,01,0.0,True,"material que se vende por longitud; confirmar si es metro lineal; criterio ""baja"": confirmar el articulo aplicado; precio en cero: revisar antes de importar",NO
548,PLO-076,,Canastilla de lavaplatos,Plomería y Grifería,NIU,94,Unidad,8000.0,6722.69,1277.31,19,GRAVADO,00,,tarifa general del articulo 437 E.T.,01,0.0,True,"criterio ""baja"": confirmar el articulo aplicado",NO
551,PLO-077,,Cinta teflón globy,Plomería y Grifería,MTR,MTR,Metro,2000.0,1680.67,319.33,19,GRAVADO,00,,tarifa general del articulo 437 E.T.,01,0.0,True,"material que se vende por longitud; confirmar si es metro lineal; criterio ""baja"": confirmar el articulo aplicado",NO
570,PLO-078,,Sifón extensible fermetal para lavaplatos,Plomería y Grifería,NIU,94,Unidad,0.0,0.0,0.0,19,GRAVADO,00,,tarifa general del articulo 437 E.T.,01,0.0,True,"criterio ""baja"": confirmar el articulo aplicado; precio en cero: revisar antes de importar",NO
571,PLO-079,,Sifón extensible globy para lavaplatos,Plomería y Grifería,NIU,94,Unidad,0.0,0.0,0.0,19,GRAVADO,00,,tarifa general del articulo 437 E.T.,01,0.0,True,"criterio ""baja"": confirmar el articulo aplicado; precio en cero: revisar antes de importar",NO
572,PLO-080,,Sifón extensible gricol para lavaplatos,Plomería y Grifería,NIU,94,Unidad,0.0,0.0,0.0,19,GRAVADO,00,,tarifa general del articulo 437 E.T.,01,0.0,True,"criterio ""baja"": confirmar el articulo aplicado; precio en cero: revisar antes de importar",NO
573,PLO-081,,Sifón acordeón moneda titan,Plomería y Grifería,NIU,94,Unidad,0.0,0.0,0.0,19,GRAVADO,00,,tarifa general del articulo 437 E.T.,01,0.0,True,"criterio ""baja"": confirmar el articulo aplicado; precio en cero: revisar antes de importar",NO
574,PLO-082,,Acople plast grifos,Plomería y Grifería,NIU,94,Unidad,3000.0,2521.01,478.99,19,GRAVADO,00,,tarifa general del articulo 437 E.T.,01,0.0,True,"criterio ""baja"": confirmar el articulo aplicado",NO
575,PLO-083,,Acople dicol,Plomería y Grifería,NIU,94,Unidad,2200.0,1848.74,351.26,19,GRAVADO,00,,tarifa general del articulo 437 E.T.,01,0.0,True,"criterio ""baja"": confirmar el articulo aplicado",NO
576,PLO-084,,Acople cardenas,Plomería y Grifería,NIU,94,Unidad,0.0,0.0,0.0,19,GRAVADO,00,,tarifa general del articulo 437 E.T.,01,0.0,True,"criterio ""baja"": confirmar el articulo aplicado; precio en cero: revisar antes de importar",NO
577,PLO-085,,Acople grival,Plomería y Grifería,NIU,94,Unidad,0.0,0.0,0.0,19,GRAVADO,00,,tarifa general del articulo 437 E.T.,01,0.0,True,"criterio ""baja"": confirmar el articulo aplicado; precio en cero: revisar antes de importar",NO
583,PLO-086,,Cinta teflón celux,Plomería y Grifería,MTR,MTR,Metro,6500.0,5462.18,1037.82,19,GRAVADO,00,,tarifa general del articulo 437 E.T.,01,0.0,True,"material que se vende por longitud; confirmar si es metro lineal; criterio ""baja"": confirmar el articulo aplicado",NO
592,PLO-087,,Sifon flexible ferreintegral,Plomería y Grifería,NIU,94,Unidad,0.0,0.0,0.0,19,GRAVADO,00,,tarifa general del articulo 437 E.T.,01,0.0,True,"criterio ""baja"": confirmar el articulo aplicado; precio en cero: revisar antes de importar",NO
599,PLO-088,,Tubo Sanitario Semipesado,Plomería y Grifería,MTR,MTR,Metro,0.0,0.0,0.0,19,GRAVADO,00,,tarifa general del articulo 437 E.T.,01,0.0,True,"material que se vende por longitud; confirmar si es metro lineal; criterio ""baja"": confirmar el articulo aplicado; precio en cero: revisar antes de importar",NO
600,PLO-089,,Tubo Sanitario Semipesado,Plomería y Grifería,MTR,MTR,Metro,0.0,0.0,0.0,19,GRAVADO,00,,tarifa general del articulo 437 E.T.,01,0.0,True,"material que se vende por longitud; confirmar si es metro lineal; criterio ""baja"": confirmar el articulo aplicado; precio en cero: revisar antes de importar; el mismo nombre ya existe con otro precio (0.0)",NO
601,PLO-090,,Tubo Sanitario Semipesado,Plomería y Grifería,MTR,MTR,Metro,0.0,0.0,0.0,19,GRAVADO,00,,tarifa general del articulo 437 E.T.,01,0.0,True,"material que se vende por longitud; confirmar si es metro lineal; criterio ""baja"": confirmar el articulo aplicado; precio en cero: revisar antes de importar; el mismo nombre ya existe con otro precio (0.0)",NO
648,PLO-091,,Tubo sanitario semipesado,Plomería y Grifería,MTR,MTR,Metro,0.0,0.0,0.0,19,GRAVADO,00,,tarifa general del articulo 437 E.T.,01,0.0,True,"material que se vende por longitud; confirmar si es metro lineal; criterio ""baja"": confirmar el articulo aplicado; precio en cero: revisar antes de importar; el mismo nombre ya existe con otro precio (0.0)",NO
649,PLO-092,,Tubo pvc R9,Plomería y Grifería,MTR,MTR,Metro,0.0,0.0,0.0,19,GRAVADO,00,,tarifa general del articulo 437 E.T.,01,0.0,True,"material que se vende por longitud; confirmar si es metro lineal; criterio ""baja"": confirmar el articulo aplicado; precio en cero: revisar antes de importar",NO
650,PLO-093,,Tubo PVC R13.5,Plomería y Grifería,MTR,MTR,Metro,0.0,0.0,0.0,19,GRAVADO,00,,tarifa general del articulo 437 E.T.,01,0.0,True,"material que se vende por longitud; confirmar si es metro lineal; criterio ""baja"": confirmar el articulo aplicado; precio en cero: revisar antes de importar",NO
652,PLO-094,,Tubo PVC de presión,Plomería y Grifería,MTR,MTR,Metro,0.0,0.0,0.0,19,GRAVADO,00,,tarifa general del articulo 437 E.T.,01,0.0,True,"material que se vende por longitud; confirmar si es metro lineal; criterio ""baja"": confirmar el articulo aplicado; precio en cero: revisar antes de importar",NO
313,PRO-001,,Caja de luz blanca,Protección Personal y Seguridad,BX,BX,Caja,0.0,0.0,0.0,19,GRAVADO,00,,tarifa general del articulo 437 E.T.,01,0.0,True,"criterio ""baja"": confirmar el articulo aplicado; precio en cero: revisar antes de importar",NO
421,PRO-002,,Guantes Caucho El Rey,Protección Personal y Seguridad,NIU,94,Unidad,0.0,0.0,0.0,19,GRAVADO,00,,tarifa general del articulo 437 E.T.,01,0.0,True,"criterio ""baja"": confirmar el articulo aplicado; producto de la lista de verificacion manual (pinturas, metales, electricos, EPP o adhesion); precio en cero: revisar antes de importar",NO
422,PRO-003,,Guantes Caucho El Rey,Protección Personal y Seguridad,NIU,94,Unidad,0.0,0.0,0.0,19,GRAVADO,00,,tarifa general del articulo 437 E.T.,01,0.0,True,"criterio ""baja"": confirmar el articulo aplicado; producto de la lista de verificacion manual (pinturas, metales, electricos, EPP o adhesion); precio en cero: revisar antes de importar; el mismo nombre ya existe con otro precio (0.0)",NO
423,PRO-004,,Guantes Para Soldar,Protección Personal y Seguridad,NIU,94,Unidad,0.0,0.0,0.0,19,GRAVADO,00,,tarifa general del articulo 437 E.T.,01,0.0,True,"criterio ""baja"": confirmar el articulo aplicado; producto de la lista de verificacion manual (pinturas, metales, electricos, EPP o adhesion); precio en cero: revisar antes de importar",NO
424,PRO-005,,Guantes de Nitrilo,Protección Personal y Seguridad,NIU,94,Unidad,0.0,0.0,0.0,19,GRAVADO,00,,tarifa general del articulo 437 E.T.,01,0.0,True,"criterio ""baja"": confirmar el articulo aplicado; producto de la lista de verificacion manual (pinturas, metales, electricos, EPP o adhesion); precio en cero: revisar antes de importar",NO
541,PRO-006,,Cinta amarilla de peligro no pase globy,Protección Personal y Seguridad,MTR,MTR,Metro,0.0,0.0,0.0,19,GRAVADO,00,,tarifa general del articulo 437 E.T.,01,0.0,True,"material que se vende por longitud; confirmar si es metro lineal; criterio ""baja"": confirmar el articulo aplicado; precio en cero: revisar antes de importar",NO
542,PRO-007,,Cinta amarilla de peligro no pase litoplas,Protección Personal y Seguridad,MTR,MTR,Metro,0.0,0.0,0.0,19,GRAVADO,00,,tarifa general del articulo 437 E.T.,01,0.0,True,"material que se vende por longitud; confirmar si es metro lineal; criterio ""baja"": confirmar el articulo aplicado; precio en cero: revisar antes de importar",NO
549,PRO-008,,Cinta adhesiva antideslizante u Duke,Protección Personal y Seguridad,MTR,MTR,Metro,0.0,0.0,0.0,19,GRAVADO,00,,tarifa general del articulo 437 E.T.,01,0.0,True,"material que se vende por longitud; confirmar si es metro lineal; criterio ""baja"": confirmar el articulo aplicado; producto de la lista de verificacion manual (pinturas, metales, electricos, EPP o adhesion); precio en cero: revisar antes de importar",NO
569,PRO-009,,Tapabocas,Protección Personal y Seguridad,NIU,94,Unidad,0.0,0.0,0.0,19,GRAVADO,00,,tarifa general del articulo 437 E.T.,01,0.0,True,"criterio ""baja"": confirmar el articulo aplicado; precio en cero: revisar antes de importar",NO
71,QUI-001,,Liquido de fijador de rosca rojo,"Químicos, Adhesivos y Selladores",NIU,94,Unidad,12000.0,10084.03,1915.97,19,GRAVADO,00,,tarifa general del articulo 437 E.T.,01,0.0,True,"criterio ""baja"": confirmar el articulo aplicado; producto de la lista de verificacion manual (pinturas, metales, electricos, EPP o adhesion)",NO
72,QUI-002,,Silicona de alta temperatura roja,"Químicos, Adhesivos y Selladores",NIU,94,Unidad,0.0,0.0,0.0,19,GRAVADO,00,,tarifa general del articulo 437 E.T.,01,0.0,True,"criterio ""baja"": confirmar el articulo aplicado; producto de la lista de verificacion manual (pinturas, metales, electricos, EPP o adhesion); precio en cero: revisar antes de importar",NO
73,QUI-003,,Silicona trasparente RTV,"Químicos, Adhesivos y Selladores",NIU,94,Unidad,0.0,0.0,0.0,19,GRAVADO,00,,tarifa general del articulo 437 E.T.,01,0.0,True,"criterio ""baja"": confirmar el articulo aplicado; producto de la lista de verificacion manual (pinturas, metales, electricos, EPP o adhesion); precio en cero: revisar antes de importar",NO
74,QUI-004,,Silicona gris RTV,"Químicos, Adhesivos y Selladores",NIU,94,Unidad,0.0,0.0,0.0,19,GRAVADO,00,,tarifa general del articulo 437 E.T.,01,0.0,True,"criterio ""baja"": confirmar el articulo aplicado; producto de la lista de verificacion manual (pinturas, metales, electricos, EPP o adhesion); precio en cero: revisar antes de importar",NO
75,QUI-005,,Silicona negra RTV,"Químicos, Adhesivos y Selladores",NIU,94,Unidad,0.0,0.0,0.0,19,GRAVADO,00,,tarifa general del articulo 437 E.T.,01,0.0,True,"criterio ""baja"": confirmar el articulo aplicado; producto de la lista de verificacion manual (pinturas, metales, electricos, EPP o adhesion); precio en cero: revisar antes de importar",NO
82,QUI-006,,Sintesolda rally,"Químicos, Adhesivos y Selladores",NIU,94,Unidad,3000.0,2521.01,478.99,19,GRAVADO,00,,tarifa general del articulo 437 E.T.,01,0.0,True,"criterio ""baja"": confirmar el articulo aplicado; producto de la lista de verificacion manual (pinturas, metales, electricos, EPP o adhesion)",NO
83,QUI-007,,Sintesolda rally,"Químicos, Adhesivos y Selladores",NIU,94,Unidad,5700.0,4789.92,910.08,19,GRAVADO,00,,tarifa general del articulo 437 E.T.,01,0.0,True,"criterio ""baja"": confirmar el articulo aplicado; producto de la lista de verificacion manual (pinturas, metales, electricos, EPP o adhesion); el mismo nombre ya existe con otro precio (3000.0)",NO
142,QUI-008,,Pistola pequeña de silicona caliente,"Químicos, Adhesivos y Selladores",NIU,94,Unidad,11600.0,9747.9,1852.1,19,GRAVADO,00,,tarifa general del articulo 437 E.T.,01,0.0,True,"criterio ""baja"": confirmar el articulo aplicado; producto de la lista de verificacion manual (pinturas, metales, electricos, EPP o adhesion)",NO
143,QUI-009,,Pistola grande de silicona caliente,"Químicos, Adhesivos y Selladores",NIU,94,Unidad,19500.0,16386.55,3113.45,19,GRAVADO,00,,tarifa general del articulo 437 E.T.,01,0.0,True,"criterio ""baja"": confirmar el articulo aplicado; producto de la lista de verificacion manual (pinturas, metales, electricos, EPP o adhesion)",NO
191,QUI-010,,Pistola de calafateo total,"Químicos, Adhesivos y Selladores",NIU,94,Unidad,0.0,0.0,0.0,19,GRAVADO,00,,tarifa general del articulo 437 E.T.,01,0.0,True,"criterio ""baja"": confirmar el articulo aplicado; producto de la lista de verificacion manual (pinturas, metales, electricos, EPP o adhesion); precio en cero: revisar antes de importar",NO
192,QUI-011,,Pistola de calafateo uduke,"Químicos, Adhesivos y Selladores",NIU,94,Unidad,0.0,0.0,0.0,19,GRAVADO,00,,tarifa general del articulo 437 E.T.,01,0.0,True,"criterio ""baja"": confirmar el articulo aplicado; producto de la lista de verificacion manual (pinturas, metales, electricos, EPP o adhesion); precio en cero: revisar antes de importar",NO
193,QUI-012,,Pistola de calafateo emtop,"Químicos, Adhesivos y Selladores",NIU,94,Unidad,0.0,0.0,0.0,19,GRAVADO,00,,tarifa general del articulo 437 E.T.,01,0.0,True,"criterio ""baja"": confirmar el articulo aplicado; producto de la lista de verificacion manual (pinturas, metales, electricos, EPP o adhesion); precio en cero: revisar antes de importar",NO
219,QUI-013,,Grafito,"Químicos, Adhesivos y Selladores",NIU,94,Unidad,0.0,0.0,0.0,19,GRAVADO,00,,tarifa general del articulo 437 E.T.,01,0.0,True,"criterio ""baja"": confirmar el articulo aplicado; producto de la lista de verificacion manual (pinturas, metales, electricos, EPP o adhesion); precio en cero: revisar antes de importar",NO
249,QUI-014,,Aceite 3 en 1 Lubri 1,"Químicos, Adhesivos y Selladores",NIU,94,Unidad,0.0,0.0,0.0,19,GRAVADO,00,,tarifa general del articulo 437 E.T.,01,0.0,True,"criterio ""baja"": confirmar el articulo aplicado; producto de la lista de verificacion manual (pinturas, metales, electricos, EPP o adhesion); precio en cero: revisar antes de importar",NO
250,QUI-015,,Aceite 3 en 1,"Químicos, Adhesivos y Selladores",NIU,94,Unidad,0.0,0.0,0.0,19,GRAVADO,00,,tarifa general del articulo 437 E.T.,01,0.0,True,"criterio ""baja"": confirmar el articulo aplicado; producto de la lista de verificacion manual (pinturas, metales, electricos, EPP o adhesion); precio en cero: revisar antes de importar",NO
251,QUI-016,,Pegante soldadura pvc Gerfor,"Químicos, Adhesivos y Selladores",NIU,94,Unidad,0.0,0.0,0.0,19,GRAVADO,00,,tarifa general del articulo 437 E.T.,01,0.0,True,"criterio ""baja"": confirmar el articulo aplicado; producto de la lista de verificacion manual (pinturas, metales, electricos, EPP o adhesion); precio en cero: revisar antes de importar",NO
257,QUI-017,,Pegante soldadura pvc Palco,"Químicos, Adhesivos y Selladores",NIU,94,Unidad,3000.0,2521.01,478.99,19,GRAVADO,00,,tarifa general del articulo 437 E.T.,01,0.0,True,"criterio ""baja"": confirmar el articulo aplicado; producto de la lista de verificacion manual (pinturas, metales, electricos, EPP o adhesion)",NO
258,QUI-018,,Pegante soldadura pvc Palco,"Químicos, Adhesivos y Selladores",NIU,94,Unidad,0.0,0.0,0.0,19,GRAVADO,00,,tarifa general del articulo 437 E.T.,01,0.0,True,"criterio ""baja"": confirmar el articulo aplicado; producto de la lista de verificacion manual (pinturas, metales, electricos, EPP o adhesion); precio en cero: revisar antes de importar; el mismo nombre ya existe con otro precio (3000.0)",NO
259,QUI-019,,Pegante soldadura pvc Palco,"Químicos, Adhesivos y Selladores",NIU,94,Unidad,0.0,0.0,0.0,19,GRAVADO,00,,tarifa general del articulo 437 E.T.,01,0.0,True,"criterio ""baja"": confirmar el articulo aplicado; producto de la lista de verificacion manual (pinturas, metales, electricos, EPP o adhesion); precio en cero: revisar antes de importar; el mismo nombre ya existe con otro precio (3000.0)",NO
262,QUI-020,,Limpiador Palco,"Químicos, Adhesivos y Selladores",NIU,94,Unidad,2600.0,2184.87,415.13,19,GRAVADO,00,,tarifa general del articulo 437 E.T.,01,0.0,True,"criterio ""baja"": confirmar el articulo aplicado; producto de la lista de verificacion manual (pinturas, metales, electricos, EPP o adhesion)",NO
265,QUI-021,,Limpiador Gerfor,"Químicos, Adhesivos y Selladores",NIU,94,Unidad,38000.0,31932.77,6067.23,19,GRAVADO,00,,tarifa general del articulo 437 E.T.,01,0.0,True,"criterio ""baja"": confirmar el articulo aplicado; producto de la lista de verificacion manual (pinturas, metales, electricos, EPP o adhesion)",NO
431,QUI-022,,Grasa Roja de Calcio Motortech,"Químicos, Adhesivos y Selladores",NIU,94,Unidad,9000.0,7563.03,1436.97,19,GRAVADO,00,,tarifa general del articulo 437 E.T.,01,0.0,True,"criterio ""baja"": confirmar el articulo aplicado; producto de la lista de verificacion manual (pinturas, metales, electricos, EPP o adhesion)",NO
483,QUI-023,,Sista FT101 Sellador Multiusos,"Químicos, Adhesivos y Selladores",NIU,94,Unidad,0.0,0.0,0.0,19,GRAVADO,00,,tarifa general del articulo 437 E.T.,01,0.0,True,"criterio ""baja"": confirmar el articulo aplicado; producto de la lista de verificacion manual (pinturas, metales, electricos, EPP o adhesion); precio en cero: revisar antes de importar",NO
484,QUI-024,,Silicona Antihongo D'Turin,"Químicos, Adhesivos y Selladores",NIU,94,Unidad,0.0,0.0,0.0,19,GRAVADO,00,,tarifa general del articulo 437 E.T.,01,0.0,True,"criterio ""baja"": confirmar el articulo aplicado; producto de la lista de verificacion manual (pinturas, metales, electricos, EPP o adhesion); precio en cero: revisar antes de importar",NO
485,QUI-025,,Silicona Transparente Antihongos Corneta,"Químicos, Adhesivos y Selladores",NIU,94,Unidad,0.0,0.0,0.0,19,GRAVADO,00,,tarifa general del articulo 437 E.T.,01,0.0,True,"criterio ""baja"": confirmar el articulo aplicado; producto de la lista de verificacion manual (pinturas, metales, electricos, EPP o adhesion); precio en cero: revisar antes de importar",NO
486,QUI-026,,Sikaflex Universal Sika,"Químicos, Adhesivos y Selladores",NIU,94,Unidad,0.0,0.0,0.0,19,GRAVADO,00,,tarifa general del articulo 437 E.T.,01,0.0,True,"criterio ""baja"": confirmar el articulo aplicado; producto de la lista de verificacion manual (pinturas, metales, electricos, EPP o adhesion); precio en cero: revisar antes de importar",NO
488,QUI-027,,Sikaflex-221 FC Sika,"Químicos, Adhesivos y Selladores",NIU,94,Unidad,0.0,0.0,0.0,19,GRAVADO,00,,tarifa general del articulo 437 E.T.,01,0.0,True,"criterio ""baja"": confirmar el articulo aplicado; producto de la lista de verificacion manual (pinturas, metales, electricos, EPP o adhesion); precio en cero: revisar antes de importar",NO
489,QUI-028,,Silicona Baños y Cocinas Toolcraft,"Químicos, Adhesivos y Selladores",NIU,94,Unidad,0.0,0.0,0.0,19,GRAVADO,00,,tarifa general del articulo 437 E.T.,01,0.0,True,"criterio ""baja"": confirmar el articulo aplicado; producto de la lista de verificacion manual (pinturas, metales, electricos, EPP o adhesion); precio en cero: revisar antes de importar",NO
490,QUI-029,,Silicona Acética Transparente Fix & Bond (Saint-Gobain / Weber),"Químicos, Adhesivos y Selladores",NIU,94,Unidad,0.0,0.0,0.0,19,GRAVADO,00,,tarifa general del articulo 437 E.T.,01,0.0,True,"criterio ""baja"": confirmar el articulo aplicado; producto de la lista de verificacion manual (pinturas, metales, electricos, EPP o adhesion); precio en cero: revisar antes de importar",NO
491,QUI-030,,Multisello / Silicona Multiuso Soudal,"Químicos, Adhesivos y Selladores",NIU,94,Unidad,0.0,0.0,0.0,19,GRAVADO,00,,tarifa general del articulo 437 E.T.,01,0.0,True,"criterio ""baja"": confirmar el articulo aplicado; producto de la lista de verificacion manual (pinturas, metales, electricos, EPP o adhesion); precio en cero: revisar antes de importar",NO
492,QUI-031,,Sista FT101 Sellador & Relleno Sista (Henkel),"Químicos, Adhesivos y Selladores",NIU,94,Unidad,0.0,0.0,0.0,19,GRAVADO,00,,tarifa general del articulo 437 E.T.,01,0.0,True,"criterio ""baja"": confirmar el articulo aplicado; producto de la lista de verificacion manual (pinturas, metales, electricos, EPP o adhesion); precio en cero: revisar antes de importar",NO
493,QUI-032,,Silicona trasparente unifer,"Químicos, Adhesivos y Selladores",NIU,94,Unidad,0.0,0.0,0.0,19,GRAVADO,00,,tarifa general del articulo 437 E.T.,01,0.0,True,"criterio ""baja"": confirmar el articulo aplicado; producto de la lista de verificacion manual (pinturas, metales, electricos, EPP o adhesion); precio en cero: revisar antes de importar",NO
494,QUI-033,,Silicona antihongos thor,"Químicos, Adhesivos y Selladores",NIU,94,Unidad,0.0,0.0,0.0,19,GRAVADO,00,,tarifa general del articulo 437 E.T.,01,0.0,True,"criterio ""baja"": confirmar el articulo aplicado; producto de la lista de verificacion manual (pinturas, metales, electricos, EPP o adhesion); precio en cero: revisar antes de importar",NO
501,QUI-034,,Boquilla Concolor Junta Estrecha Corona Blanco,"Químicos, Adhesivos y Selladores",NIU,94,Unidad,0.0,0.0,0.0,19,GRAVADO,00,,tarifa general del articulo 437 E.T.,01,0.0,True,"criterio ""baja"": confirmar el articulo aplicado; producto de la lista de verificacion manual (pinturas, metales, electricos, EPP o adhesion); precio en cero: revisar antes de importar",NO
502,QUI-035,,Boquilla Concolor Junta Estrecha Corona Gris Cemento 157,"Químicos, Adhesivos y Selladores",NIU,94,Unidad,0.0,0.0,0.0,0,EXENTO,02,422,art. 422 del Estatuto Tributario,01,0.0,True,"criterio ""media"": confirmar el articulo aplicado; producto de la lista de verificacion manual (pinturas, metales, electricos, EPP o adhesion); precio en cero: revisar antes de importar",NO
503,QUI-036,,Boquilla Concolor Junta Estrecha Corona Negro Profundo 169,"Químicos, Adhesivos y Selladores",NIU,94,Unidad,0.0,0.0,0.0,19,GRAVADO,00,,tarifa general del articulo 437 E.T.,01,0.0,True,"criterio ""baja"": confirmar el articulo aplicado; producto de la lista de verificacion manual (pinturas, metales, electricos, EPP o adhesion); precio en cero: revisar antes de importar",NO
504,QUI-037,,Boquilla Concolor Junta Estrecha 2kg Corona Tabaco Claro 173,"Químicos, Adhesivos y Selladores",NIU,94,Unidad,0.0,0.0,0.0,19,GRAVADO,00,,tarifa general del articulo 437 E.T.,01,0.0,True,"criterio ""baja"": confirmar el articulo aplicado; producto de la lista de verificacion manual (pinturas, metales, electricos, EPP o adhesion); precio en cero: revisar antes de importar",NO
505,QUI-038,,Boquilla Concolor Junta Estrecha Corona Gris Claro 151,"Químicos, Adhesivos y Selladores",NIU,94,Unidad,0.0,0.0,0.0,19,GRAVADO,00,,tarifa general del articulo 437 E.T.,01,0.0,True,"criterio ""baja"": confirmar el articulo aplicado; producto de la lista de verificacion manual (pinturas, metales, electricos, EPP o adhesion); precio en cero: revisar antes de importar",NO
506,QUI-039,,Boquilla Concolor Junta Estrecha 2kg Corona Taupe 156,"Químicos, Adhesivos y Selladores",NIU,94,Unidad,0.0,0.0,0.0,19,GRAVADO,00,,tarifa general del articulo 437 E.T.,01,0.0,True,"criterio ""baja"": confirmar el articulo aplicado; producto de la lista de verificacion manual (pinturas, metales, electricos, EPP o adhesion); precio en cero: revisar antes de importar",NO
507,QUI-040,,Ferroboquilla autonivelante,"Químicos, Adhesivos y Selladores",NIU,94,Unidad,0.0,0.0,0.0,19,GRAVADO,00,,tarifa general del articulo 437 E.T.,01,0.0,True,"criterio ""baja"": confirmar el articulo aplicado; producto de la lista de verificacion manual (pinturas, metales, electricos, EPP o adhesion); precio en cero: revisar antes de importar",NO
508,QUI-041,,Adictivo para cemento mezclamix's,"Químicos, Adhesivos y Selladores",NIU,94,Unidad,0.0,0.0,0.0,0,EXENTO,02,422,art. 422 del Estatuto Tributario,01,0.0,True,"criterio ""media"": confirmar el articulo aplicado; producto de la lista de verificacion manual (pinturas, metales, electricos, EPP o adhesion); precio en cero: revisar antes de importar",NO
509,QUI-042,,Ferropigmentos rojo fijo,"Químicos, Adhesivos y Selladores",NIU,94,Unidad,0.0,0.0,0.0,19,GRAVADO,00,,tarifa general del articulo 437 E.T.,01,0.0,True,"criterio ""baja"": confirmar el articulo aplicado; producto de la lista de verificacion manual (pinturas, metales, electricos, EPP o adhesion); precio en cero: revisar antes de importar",NO
510,QUI-043,,Ferropigmentos azul fino,"Químicos, Adhesivos y Selladores",NIU,94,Unidad,0.0,0.0,0.0,19,GRAVADO,00,,tarifa general del articulo 437 E.T.,01,0.0,True,"criterio ""baja"": confirmar el articulo aplicado; producto de la lista de verificacion manual (pinturas, metales, electricos, EPP o adhesion); precio en cero: revisar antes de importar",NO
511,QUI-044,,Minerales profenal amarillo alemán,"Químicos, Adhesivos y Selladores",NIU,94,Unidad,0.0,0.0,0.0,19,GRAVADO,00,,tarifa general del articulo 437 E.T.,01,0.0,True,"criterio ""baja"": confirmar el articulo aplicado; producto de la lista de verificacion manual (pinturas, metales, electricos, EPP o adhesion); precio en cero: revisar antes de importar",NO
512,QUI-045,,Minerales colores y tejas mineral bayers,"Químicos, Adhesivos y Selladores",NIU,94,Unidad,0.0,0.0,0.0,0,EXENTO,02,422,art. 422 del Estatuto Tributario,01,0.0,True,"criterio ""media"": confirmar el articulo aplicado; producto de la lista de verificacion manual (pinturas, metales, electricos, EPP o adhesion); precio en cero: revisar antes de importar",NO
513,QUI-046,,Ferropigmentos amarillo fino,"Químicos, Adhesivos y Selladores",NIU,94,Unidad,0.0,0.0,0.0,19,GRAVADO,00,,tarifa general del articulo 437 E.T.,01,0.0,True,"criterio ""baja"": confirmar el articulo aplicado; producto de la lista de verificacion manual (pinturas, metales, electricos, EPP o adhesion); precio en cero: revisar antes de importar",NO
514,QUI-047,,Espuma expansiva soudal,"Químicos, Adhesivos y Selladores",NIU,94,Unidad,0.0,0.0,0.0,19,GRAVADO,00,,tarifa general del articulo 437 E.T.,01,0.0,True,"criterio ""baja"": confirmar el articulo aplicado; producto de la lista de verificacion manual (pinturas, metales, electricos, EPP o adhesion); precio en cero: revisar antes de importar",NO
515,QUI-048,,Carbo-off,"Químicos, Adhesivos y Selladores",NIU,94,Unidad,0.0,0.0,0.0,19,GRAVADO,00,,tarifa general del articulo 437 E.T.,01,0.0,True,"criterio ""baja"": confirmar el articulo aplicado; producto de la lista de verificacion manual (pinturas, metales, electricos, EPP o adhesion); precio en cero: revisar antes de importar",NO
516,QUI-049,,Ultra color silicona en spray,"Químicos, Adhesivos y Selladores",NIU,94,Unidad,0.0,0.0,0.0,19,GRAVADO,00,,tarifa general del articulo 437 E.T.,01,0.0,True,"criterio ""baja"": confirmar el articulo aplicado; producto de la lista de verificacion manual (pinturas, metales, electricos, EPP o adhesion); precio en cero: revisar antes de importar",NO
517,QUI-050,,Ultra color pintura en aerosol,"Químicos, Adhesivos y Selladores",NIU,94,Unidad,0.0,0.0,0.0,19,GRAVADO,00,,tarifa general del articulo 437 E.T.,01,0.0,True,"criterio ""baja"": confirmar el articulo aplicado; producto de la lista de verificacion manual (pinturas, metales, electricos, EPP o adhesion); precio en cero: revisar antes de importar",NO
518,QUI-051,,Kernel pintura en aerosol,"Químicos, Adhesivos y Selladores",NIU,94,Unidad,7700.0,6470.59,1229.41,19,GRAVADO,00,,tarifa general del articulo 437 E.T.,01,0.0,True,"criterio ""baja"": confirmar el articulo aplicado; producto de la lista de verificacion manual (pinturas, metales, electricos, EPP o adhesion)",NO
519,QUI-052,,Mercury pintura en aerosol,"Químicos, Adhesivos y Selladores",NIU,94,Unidad,0.0,0.0,0.0,19,GRAVADO,00,,tarifa general del articulo 437 E.T.,01,0.0,True,"criterio ""baja"": confirmar el articulo aplicado; producto de la lista de verificacion manual (pinturas, metales, electricos, EPP o adhesion); precio en cero: revisar antes de importar",NO
520,QUI-053,,Refrigerante wurth,"Químicos, Adhesivos y Selladores",NIU,94,Unidad,0.0,0.0,0.0,19,GRAVADO,00,,tarifa general del articulo 437 E.T.,01,0.0,True,"criterio ""baja"": confirmar el articulo aplicado; producto de la lista de verificacion manual (pinturas, metales, electricos, EPP o adhesion); precio en cero: revisar antes de importar",NO
521,QUI-054,,Diablo rojo destapador de cañerías,"Químicos, Adhesivos y Selladores",NIU,94,Unidad,0.0,0.0,0.0,19,GRAVADO,00,,tarifa general del articulo 437 E.T.,01,0.0,True,"criterio ""baja"": confirmar el articulo aplicado; producto de la lista de verificacion manual (pinturas, metales, electricos, EPP o adhesion); precio en cero: revisar antes de importar",NO
522,QUI-055,,Soda caustica titan,"Químicos, Adhesivos y Selladores",NIU,94,Unidad,5800.0,4873.95,926.05,19,GRAVADO,00,,tarifa general del articulo 437 E.T.,01,0.0,True,"criterio ""baja"": confirmar el articulo aplicado; producto de la lista de verificacion manual (pinturas, metales, electricos, EPP o adhesion)",NO
523,QUI-056,,Sellantes Pensilvania el original,"Químicos, Adhesivos y Selladores",NIU,94,Unidad,0.0,0.0,0.0,19,GRAVADO,00,,tarifa general del articulo 437 E.T.,01,0.0,True,"criterio ""baja"": confirmar el articulo aplicado; producto de la lista de verificacion manual (pinturas, metales, electricos, EPP o adhesion); precio en cero: revisar antes de importar",NO
524,QUI-057,,Sellantes el brillante LUSTRAMAX,"Químicos, Adhesivos y Selladores",NIU,94,Unidad,0.0,0.0,0.0,19,GRAVADO,00,,tarifa general del articulo 437 E.T.,01,0.0,True,"criterio ""baja"": confirmar el articulo aplicado; producto de la lista de verificacion manual (pinturas, metales, electricos, EPP o adhesion); precio en cero: revisar antes de importar",NO
525,QUI-058,,Pegante rosado para madera,"Químicos, Adhesivos y Selladores",NIU,94,Unidad,0.0,0.0,0.0,19,GRAVADO,00,,tarifa general del articulo 437 E.T.,01,0.0,True,"criterio ""baja"": confirmar el articulo aplicado; producto de la lista de verificacion manual (pinturas, metales, electricos, EPP o adhesion); precio en cero: revisar antes de importar",NO
526,QUI-059,,Pegante rosado para madera,"Químicos, Adhesivos y Selladores",NIU,94,Unidad,0.0,0.0,0.0,19,GRAVADO,00,,tarifa general del articulo 437 E.T.,01,0.0,True,"criterio ""baja"": confirmar el articulo aplicado; producto de la lista de verificacion manual (pinturas, metales, electricos, EPP o adhesion); precio en cero: revisar antes de importar; el mismo nombre ya existe con otro precio (0.0)",NO
534,QUI-060,,Solder zinc tapa gotera,"Químicos, Adhesivos y Selladores",NIU,94,Unidad,0.0,0.0,0.0,19,GRAVADO,00,,tarifa general del articulo 437 E.T.,01,0.0,True,"criterio ""baja"": confirmar el articulo aplicado; producto de la lista de verificacion manual (pinturas, metales, electricos, EPP o adhesion); precio en cero: revisar antes de importar",NO
535,QUI-061,,Masilla maxternit,"Químicos, Adhesivos y Selladores",NIU,94,Unidad,12500.0,10504.2,1995.8,19,GRAVADO,00,,tarifa general del articulo 437 E.T.,01,0.0,True,"criterio ""baja"": confirmar el articulo aplicado; producto de la lista de verificacion manual (pinturas, metales, electricos, EPP o adhesion)",NO
536,QUI-062,,Estuco plástico corona de interior acrilico,"Químicos, Adhesivos y Selladores",NIU,94,Unidad,0.0,0.0,0.0,0,EXENTO,02,422,art. 422 del Estatuto Tributario,01,0.0,True,"criterio ""media"": confirmar el articulo aplicado; producto de la lista de verificacion manual (pinturas, metales, electricos, EPP o adhesion); precio en cero: revisar antes de importar",NO
537,QUI-063,,Pegante para madera soudal,"Químicos, Adhesivos y Selladores",NIU,94,Unidad,0.0,0.0,0.0,19,GRAVADO,00,,tarifa general del articulo 437 E.T.,01,0.0,True,"criterio ""baja"": confirmar el articulo aplicado; producto de la lista de verificacion manual (pinturas, metales, electricos, EPP o adhesion); precio en cero: revisar antes de importar",NO
540,QUI-064,,Cinta doble faz u Duke,"Químicos, Adhesivos y Selladores",MTR,MTR,Metro,0.0,0.0,0.0,19,GRAVADO,00,,tarifa general del articulo 437 E.T.,01,0.0,True,"material que se vende por longitud; confirmar si es metro lineal; criterio ""baja"": confirmar el articulo aplicado; producto de la lista de verificacion manual (pinturas, metales, electricos, EPP o adhesion); precio en cero: revisar antes de importar",NO
546,QUI-065,,Vinicolor vinilo acrilico,"Químicos, Adhesivos y Selladores",NIU,94,Unidad,0.0,0.0,0.0,19,GRAVADO,00,,tarifa general del articulo 437 E.T.,01,0.0,True,"criterio ""baja"": confirmar el articulo aplicado; producto de la lista de verificacion manual (pinturas, metales, electricos, EPP o adhesion); precio en cero: revisar antes de importar",NO
550,QUI-066,,Pincel,"Químicos, Adhesivos y Selladores",NIU,94,Unidad,0.0,0.0,0.0,19,GRAVADO,00,,tarifa general del articulo 437 E.T.,01,0.0,True,"criterio ""baja"": confirmar el articulo aplicado; producto de la lista de verificacion manual (pinturas, metales, electricos, EPP o adhesion); precio en cero: revisar antes de importar",NO
552,QUI-067,,Rodillo rodiexport,"Químicos, Adhesivos y Selladores",NIU,94,Unidad,0.0,0.0,0.0,19,GRAVADO,00,,tarifa general del articulo 437 E.T.,01,0.0,True,"criterio ""baja"": confirmar el articulo aplicado; producto de la lista de verificacion manual (pinturas, metales, electricos, EPP o adhesion); precio en cero: revisar antes de importar",NO
553,QUI-068,,Rodillo col rodillos premium,"Químicos, Adhesivos y Selladores",NIU,94,Unidad,0.0,0.0,0.0,19,GRAVADO,00,,tarifa general del articulo 437 E.T.,01,0.0,True,"criterio ""baja"": confirmar el articulo aplicado; producto de la lista de verificacion manual (pinturas, metales, electricos, EPP o adhesion); precio en cero: revisar antes de importar",NO
554,QUI-069,,Rodillo col rodillos premium,"Químicos, Adhesivos y Selladores",NIU,94,Unidad,0.0,0.0,0.0,19,GRAVADO,00,,tarifa general del articulo 437 E.T.,01,0.0,True,"criterio ""baja"": confirmar el articulo aplicado; producto de la lista de verificacion manual (pinturas, metales, electricos, EPP o adhesion); precio en cero: revisar antes de importar; el mismo nombre ya existe con otro precio (0.0)",NO
555,QUI-070,,Rodillo col rodillo premium,"Químicos, Adhesivos y Selladores",NIU,94,Unidad,0.0,0.0,0.0,19,GRAVADO,00,,tarifa general del articulo 437 E.T.,01,0.0,True,"criterio ""baja"": confirmar el articulo aplicado; producto de la lista de verificacion manual (pinturas, metales, electricos, EPP o adhesion); precio en cero: revisar antes de importar",NO
556,QUI-071,,Rodillo felpa epoxico,"Químicos, Adhesivos y Selladores",NIU,94,Unidad,0.0,0.0,0.0,19,GRAVADO,00,,tarifa general del articulo 437 E.T.,01,0.0,True,"criterio ""baja"": confirmar el articulo aplicado; producto de la lista de verificacion manual (pinturas, metales, electricos, EPP o adhesion); precio en cero: revisar antes de importar",NO
557,QUI-072,,Rodillo col rodillos premium,"Químicos, Adhesivos y Selladores",NIU,94,Unidad,0.0,0.0,0.0,19,GRAVADO,00,,tarifa general del articulo 437 E.T.,01,0.0,True,"criterio ""baja"": confirmar el articulo aplicado; producto de la lista de verificacion manual (pinturas, metales, electricos, EPP o adhesion); precio en cero: revisar antes de importar; el mismo nombre ya existe con otro precio (0.0)",NO
558,QUI-073,,Rodillo rodifel,"Químicos, Adhesivos y Selladores",NIU,94,Unidad,0.0,0.0,0.0,19,GRAVADO,00,,tarifa general del articulo 437 E.T.,01,0.0,True,"criterio ""baja"": confirmar el articulo aplicado; producto de la lista de verificacion manual (pinturas, metales, electricos, EPP o adhesion); precio en cero: revisar antes de importar",NO
559,QUI-074,,Brocha focci,"Químicos, Adhesivos y Selladores",NIU,94,Unidad,0.0,0.0,0.0,19,GRAVADO,00,,tarifa general del articulo 437 E.T.,01,0.0,True,"criterio ""baja"": confirmar el articulo aplicado; producto de la lista de verificacion manual (pinturas, metales, electricos, EPP o adhesion); precio en cero: revisar antes de importar",NO
560,QUI-075,,Brocha security,"Químicos, Adhesivos y Selladores",NIU,94,Unidad,0.0,0.0,0.0,19,GRAVADO,00,,tarifa general del articulo 437 E.T.,01,0.0,True,"criterio ""baja"": confirmar el articulo aplicado; producto de la lista de verificacion manual (pinturas, metales, electricos, EPP o adhesion); precio en cero: revisar antes de importar",NO
561,QUI-076,,Brocha security,"Químicos, Adhesivos y Selladores",NIU,94,Unidad,0.0,0.0,0.0,19,GRAVADO,00,,tarifa general del articulo 437 E.T.,01,0.0,True,"criterio ""baja"": confirmar el articulo aplicado; producto de la lista de verificacion manual (pinturas, metales, electricos, EPP o adhesion); precio en cero: revisar antes de importar; el mismo nombre ya existe con otro precio (0.0)",NO
562,QUI-077,,Brocha u Duke,"Químicos, Adhesivos y Selladores",NIU,94,Unidad,0.0,0.0,0.0,19,GRAVADO,00,,tarifa general del articulo 437 E.T.,01,0.0,True,"criterio ""baja"": confirmar el articulo aplicado; producto de la lista de verificacion manual (pinturas, metales, electricos, EPP o adhesion); precio en cero: revisar antes de importar",NO
563,QUI-078,,Brocha u Duke,"Químicos, Adhesivos y Selladores",NIU,94,Unidad,0.0,0.0,0.0,19,GRAVADO,00,,tarifa general del articulo 437 E.T.,01,0.0,True,"criterio ""baja"": confirmar el articulo aplicado; producto de la lista de verificacion manual (pinturas, metales, electricos, EPP o adhesion); precio en cero: revisar antes de importar; el mismo nombre ya existe con otro precio (0.0)",NO
564,QUI-079,,Brocha u Duke,"Químicos, Adhesivos y Selladores",NIU,94,Unidad,0.0,0.0,0.0,19,GRAVADO,00,,tarifa general del articulo 437 E.T.,01,0.0,True,"criterio ""baja"": confirmar el articulo aplicado; producto de la lista de verificacion manual (pinturas, metales, electricos, EPP o adhesion); precio en cero: revisar antes de importar; el mismo nombre ya existe con otro precio (0.0)",NO
565,QUI-080,,Brocha titan,"Químicos, Adhesivos y Selladores",NIU,94,Unidad,0.0,0.0,0.0,19,GRAVADO,00,,tarifa general del articulo 437 E.T.,01,0.0,True,"criterio ""baja"": confirmar el articulo aplicado; producto de la lista de verificacion manual (pinturas, metales, electricos, EPP o adhesion); precio en cero: revisar antes de importar",NO
566,QUI-081,,Juego de brochas total,"Químicos, Adhesivos y Selladores",SET,SET,Juego/Conjunto,0.0,0.0,0.0,19,GRAVADO,00,,tarifa general del articulo 437 E.T.,01,0.0,True,"criterio ""baja"": confirmar el articulo aplicado; producto de la lista de verificacion manual (pinturas, metales, electricos, EPP o adhesion); precio en cero: revisar antes de importar",NO
567,QUI-082,,Espátula bellota,"Químicos, Adhesivos y Selladores",NIU,94,Unidad,0.0,0.0,0.0,19,GRAVADO,00,,tarifa general del articulo 437 E.T.,01,0.0,True,"criterio ""baja"": confirmar el articulo aplicado; producto de la lista de verificacion manual (pinturas, metales, electricos, EPP o adhesion); precio en cero: revisar antes de importar",NO
568,QUI-083,,Espátula bellota,"Químicos, Adhesivos y Selladores",NIU,94,Unidad,0.0,0.0,0.0,19,GRAVADO,00,,tarifa general del articulo 437 E.T.,01,0.0,True,"criterio ""baja"": confirmar el articulo aplicado; producto de la lista de verificacion manual (pinturas, metales, electricos, EPP o adhesion); precio en cero: revisar antes de importar; el mismo nombre ya existe con otro precio (0.0)",NO
578,QUI-084,,Llana bellota,"Químicos, Adhesivos y Selladores",NIU,94,Unidad,31000.0,26050.42,4949.58,19,GRAVADO,00,,tarifa general del articulo 437 E.T.,01,0.0,True,"criterio ""baja"": confirmar el articulo aplicado; producto de la lista de verificacion manual (pinturas, metales, electricos, EPP o adhesion)",NO
579,QUI-085,,Llana reptools,"Químicos, Adhesivos y Selladores",NIU,94,Unidad,9000.0,7563.03,1436.97,19,GRAVADO,00,,tarifa general del articulo 437 E.T.,01,0.0,True,"criterio ""baja"": confirmar el articulo aplicado; producto de la lista de verificacion manual (pinturas, metales, electricos, EPP o adhesion)",NO
580,QUI-086,,Espátula u Duke,"Químicos, Adhesivos y Selladores",NIU,94,Unidad,0.0,0.0,0.0,19,GRAVADO,00,,tarifa general del articulo 437 E.T.,01,0.0,True,"criterio ""baja"": confirmar el articulo aplicado; producto de la lista de verificacion manual (pinturas, metales, electricos, EPP o adhesion); precio en cero: revisar antes de importar",NO
581,QUI-087,,Cinta de enmascarar tesa,"Químicos, Adhesivos y Selladores",MTR,MTR,Metro,4500.0,3781.51,718.49,19,GRAVADO,00,,tarifa general del articulo 437 E.T.,01,0.0,True,"material que se vende por longitud; confirmar si es metro lineal; criterio ""baja"": confirmar el articulo aplicado; producto de la lista de verificacion manual (pinturas, metales, electricos, EPP o adhesion)",NO
582,QUI-088,,Cinta de enmascarar soco,"Químicos, Adhesivos y Selladores",MTR,MTR,Metro,3200.0,2689.08,510.92,19,GRAVADO,00,,tarifa general del articulo 437 E.T.,01,0.0,True,"material que se vende por longitud; confirmar si es metro lineal; criterio ""baja"": confirmar el articulo aplicado; producto de la lista de verificacion manual (pinturas, metales, electricos, EPP o adhesion)",NO
584,QUI-089,,Cinta de enmascarar super mask,"Químicos, Adhesivos y Selladores",MTR,MTR,Metro,0.0,0.0,0.0,19,GRAVADO,00,,tarifa general del articulo 437 E.T.,01,0.0,True,"material que se vende por longitud; confirmar si es metro lineal; criterio ""baja"": confirmar el articulo aplicado; producto de la lista de verificacion manual (pinturas, metales, electricos, EPP o adhesion); precio en cero: revisar antes de importar",NO
585,QUI-090,,Cinta de enmascarar clip mark,"Químicos, Adhesivos y Selladores",MTR,MTR,Metro,3200.0,2689.08,510.92,19,GRAVADO,00,,tarifa general del articulo 437 E.T.,01,0.0,True,"material que se vende por longitud; confirmar si es metro lineal; criterio ""baja"": confirmar el articulo aplicado; producto de la lista de verificacion manual (pinturas, metales, electricos, EPP o adhesion)",NO
586,QUI-091,,Cinta ancha transparente U Duke,"Químicos, Adhesivos y Selladores",MTR,MTR,Metro,0.0,0.0,0.0,19,GRAVADO,00,,tarifa general del articulo 437 E.T.,01,0.0,True,"material que se vende por longitud; confirmar si es metro lineal; criterio ""baja"": confirmar el articulo aplicado; producto de la lista de verificacion manual (pinturas, metales, electricos, EPP o adhesion); precio en cero: revisar antes de importar",NO
587,QUI-092,,Cinta ancha transparente cellux,"Químicos, Adhesivos y Selladores",MTR,MTR,Metro,0.0,0.0,0.0,19,GRAVADO,00,,tarifa general del articulo 437 E.T.,01,0.0,True,"material que se vende por longitud; confirmar si es metro lineal; criterio ""baja"": confirmar el articulo aplicado; producto de la lista de verificacion manual (pinturas, metales, electricos, EPP o adhesion); precio en cero: revisar antes de importar",NO
588,QUI-093,,Cinta ancha transparente colbon,"Químicos, Adhesivos y Selladores",MTR,MTR,Metro,0.0,0.0,0.0,19,GRAVADO,00,,tarifa general del articulo 437 E.T.,01,0.0,True,"material que se vende por longitud; confirmar si es metro lineal; criterio ""baja"": confirmar el articulo aplicado; producto de la lista de verificacion manual (pinturas, metales, electricos, EPP o adhesion); precio en cero: revisar antes de importar",NO
593,QUI-094,,Bandeja plástica re+ para pintura,"Químicos, Adhesivos y Selladores",NIU,94,Unidad,0.0,0.0,0.0,19,GRAVADO,00,,tarifa general del articulo 437 E.T.,01,0.0,True,"criterio ""baja"": confirmar el articulo aplicado; producto de la lista de verificacion manual (pinturas, metales, electricos, EPP o adhesion); precio en cero: revisar antes de importar",NO
594,QUI-095,,Brilla metal brilla 1,"Químicos, Adhesivos y Selladores",NIU,94,Unidad,0.0,0.0,0.0,19,GRAVADO,00,,tarifa general del articulo 437 E.T.,01,0.0,True,"criterio ""baja"": confirmar el articulo aplicado; producto de la lista de verificacion manual (pinturas, metales, electricos, EPP o adhesion); precio en cero: revisar antes de importar",NO
597,QUI-096,,Cinta de enmascarar tesa,"Químicos, Adhesivos y Selladores",MTR,MTR,Metro,6000.0,5042.02,957.98,19,GRAVADO,00,,tarifa general del articulo 437 E.T.,01,0.0,True,"material que se vende por longitud; confirmar si es metro lineal; criterio ""baja"": confirmar el articulo aplicado; producto de la lista de verificacion manual (pinturas, metales, electricos, EPP o adhesion); el mismo nombre ya existe con otro precio (4500.0)",NO
598,QUI-097,,Cinta de enmascarar systools,"Químicos, Adhesivos y Selladores",MTR,MTR,Metro,4000.0,3361.34,638.66,19,GRAVADO,00,,tarifa general del articulo 437 E.T.,01,0.0,True,"material que se vende por longitud; confirmar si es metro lineal; criterio ""baja"": confirmar el articulo aplicado; producto de la lista de verificacion manual (pinturas, metales, electricos, EPP o adhesion)",NO
618,QUI-098,,Pintura corama en esmalte,"Químicos, Adhesivos y Selladores",NIU,94,Unidad,0.0,0.0,0.0,19,GRAVADO,00,,tarifa general del articulo 437 E.T.,01,0.0,True,"criterio ""baja"": confirmar el articulo aplicado; producto de la lista de verificacion manual (pinturas, metales, electricos, EPP o adhesion); precio en cero: revisar antes de importar",NO
619,QUI-099,,Pintuland tipo 1,"Químicos, Adhesivos y Selladores",NIU,94,Unidad,0.0,0.0,0.0,19,GRAVADO,00,,tarifa general del articulo 437 E.T.,01,0.0,True,"criterio ""baja"": confirmar el articulo aplicado; producto de la lista de verificacion manual (pinturas, metales, electricos, EPP o adhesion); precio en cero: revisar antes de importar",NO
620,QUI-100,,Pintura Acriflex tipo 1,"Químicos, Adhesivos y Selladores",NIU,94,Unidad,0.0,0.0,0.0,19,GRAVADO,00,,tarifa general del articulo 437 E.T.,01,0.0,True,"criterio ""baja"": confirmar el articulo aplicado; producto de la lista de verificacion manual (pinturas, metales, electricos, EPP o adhesion); precio en cero: revisar antes de importar",NO
621,QUI-101,,Pintura en aceite pintemos mejor,"Químicos, Adhesivos y Selladores",NIU,94,Unidad,0.0,0.0,0.0,19,GRAVADO,00,,tarifa general del articulo 437 E.T.,01,0.0,True,"criterio ""baja"": confirmar el articulo aplicado; producto de la lista de verificacion manual (pinturas, metales, electricos, EPP o adhesion); precio en cero: revisar antes de importar",NO
622,QUI-102,,Corama anticorrosivo,"Químicos, Adhesivos y Selladores",NIU,94,Unidad,0.0,0.0,0.0,19,GRAVADO,00,,tarifa general del articulo 437 E.T.,01,0.0,True,"criterio ""baja"": confirmar el articulo aplicado; producto de la lista de verificacion manual (pinturas, metales, electricos, EPP o adhesion); precio en cero: revisar antes de importar",NO
623,QUI-103,,Sika techo E,"Químicos, Adhesivos y Selladores",NIU,94,Unidad,0.0,0.0,0.0,19,GRAVADO,00,,tarifa general del articulo 437 E.T.,01,0.0,True,"criterio ""baja"": confirmar el articulo aplicado; producto de la lista de verificacion manual (pinturas, metales, electricos, EPP o adhesion); precio en cero: revisar antes de importar",NO
624,QUI-104,,Pintura acrilflex esmalte 3 en 1,"Químicos, Adhesivos y Selladores",NIU,94,Unidad,0.0,0.0,0.0,19,GRAVADO,00,,tarifa general del articulo 437 E.T.,01,0.0,True,"criterio ""baja"": confirmar el articulo aplicado; producto de la lista de verificacion manual (pinturas, metales, electricos, EPP o adhesion); precio en cero: revisar antes de importar",NO
625,QUI-105,,Corama esmalte 2 en 1,"Químicos, Adhesivos y Selladores",NIU,94,Unidad,0.0,0.0,0.0,19,GRAVADO,00,,tarifa general del articulo 437 E.T.,01,0.0,True,"criterio ""baja"": confirmar el articulo aplicado; producto de la lista de verificacion manual (pinturas, metales, electricos, EPP o adhesion); precio en cero: revisar antes de importar",NO
626,QUI-106,,Esmalte multitonos,"Químicos, Adhesivos y Selladores",NIU,94,Unidad,0.0,0.0,0.0,19,GRAVADO,00,,tarifa general del articulo 437 E.T.,01,0.0,True,"criterio ""baja"": confirmar el articulo aplicado; producto de la lista de verificacion manual (pinturas, metales, electricos, EPP o adhesion); precio en cero: revisar antes de importar",NO
627,QUI-107,,Esmalte pintuland,"Químicos, Adhesivos y Selladores",NIU,94,Unidad,0.0,0.0,0.0,19,GRAVADO,00,,tarifa general del articulo 437 E.T.,01,0.0,True,"criterio ""baja"": confirmar el articulo aplicado; producto de la lista de verificacion manual (pinturas, metales, electricos, EPP o adhesion); precio en cero: revisar antes de importar",NO
628,QUI-108,,Anticorrosivo pintuland,"Químicos, Adhesivos y Selladores",NIU,94,Unidad,0.0,0.0,0.0,19,GRAVADO,00,,tarifa general del articulo 437 E.T.,01,0.0,True,"criterio ""baja"": confirmar el articulo aplicado; producto de la lista de verificacion manual (pinturas, metales, electricos, EPP o adhesion); precio en cero: revisar antes de importar",NO
629,QUI-109,,Esmalte quian kolor,"Químicos, Adhesivos y Selladores",NIU,94,Unidad,0.0,0.0,0.0,19,GRAVADO,00,,tarifa general del articulo 437 E.T.,01,0.0,True,"criterio ""baja"": confirmar el articulo aplicado; producto de la lista de verificacion manual (pinturas, metales, electricos, EPP o adhesion); precio en cero: revisar antes de importar",NO
630,QUI-110,,Anticorrosivo quian kolor,"Químicos, Adhesivos y Selladores",NIU,94,Unidad,0.0,0.0,0.0,19,GRAVADO,00,,tarifa general del articulo 437 E.T.,01,0.0,True,"criterio ""baja"": confirmar el articulo aplicado; producto de la lista de verificacion manual (pinturas, metales, electricos, EPP o adhesion); precio en cero: revisar antes de importar",NO
631,QUI-111,,Anticorrosivo acrilflex,"Químicos, Adhesivos y Selladores",NIU,94,Unidad,0.0,0.0,0.0,19,GRAVADO,00,,tarifa general del articulo 437 E.T.,01,0.0,True,"criterio ""baja"": confirmar el articulo aplicado; producto de la lista de verificacion manual (pinturas, metales, electricos, EPP o adhesion); precio en cero: revisar antes de importar",NO
632,QUI-112,,Anticorrosivo bler,"Químicos, Adhesivos y Selladores",NIU,94,Unidad,0.0,0.0,0.0,19,GRAVADO,00,,tarifa general del articulo 437 E.T.,01,0.0,True,"criterio ""baja"": confirmar el articulo aplicado; producto de la lista de verificacion manual (pinturas, metales, electricos, EPP o adhesion); precio en cero: revisar antes de importar",NO
633,QUI-113,,Pintura Corama 2 en 1,"Químicos, Adhesivos y Selladores",NIU,94,Unidad,0.0,0.0,0.0,19,GRAVADO,00,,tarifa general del articulo 437 E.T.,01,0.0,True,"criterio ""baja"": confirmar el articulo aplicado; producto de la lista de verificacion manual (pinturas, metales, electricos, EPP o adhesion); precio en cero: revisar antes de importar",NO
634,QUI-114,,Esmalte Acrilflex 3 en 1,"Químicos, Adhesivos y Selladores",NIU,94,Unidad,0.0,0.0,0.0,19,GRAVADO,00,,tarifa general del articulo 437 E.T.,01,0.0,True,"criterio ""baja"": confirmar el articulo aplicado; producto de la lista de verificacion manual (pinturas, metales, electricos, EPP o adhesion); precio en cero: revisar antes de importar",NO
635,QUI-115,,Esmalte Acrilflex,"Químicos, Adhesivos y Selladores",NIU,94,Unidad,0.0,0.0,0.0,19,GRAVADO,00,,tarifa general del articulo 437 E.T.,01,0.0,True,"criterio ""baja"": confirmar el articulo aplicado; producto de la lista de verificacion manual (pinturas, metales, electricos, EPP o adhesion); precio en cero: revisar antes de importar",NO
636,QUI-116,,Anticorrosivo Corama,"Químicos, Adhesivos y Selladores",NIU,94,Unidad,0.0,0.0,0.0,19,GRAVADO,00,,tarifa general del articulo 437 E.T.,01,0.0,True,"criterio ""baja"": confirmar el articulo aplicado; producto de la lista de verificacion manual (pinturas, metales, electricos, EPP o adhesion); precio en cero: revisar antes de importar",NO
637,QUI-117,,Anticorrosivo Tonner,"Químicos, Adhesivos y Selladores",NIU,94,Unidad,0.0,0.0,0.0,19,GRAVADO,00,,tarifa general del articulo 437 E.T.,01,0.0,True,"criterio ""baja"": confirmar el articulo aplicado; producto de la lista de verificacion manual (pinturas, metales, electricos, EPP o adhesion); precio en cero: revisar antes de importar",NO
638,QUI-118,,Anticorrosivo Pintemos El pro,"Químicos, Adhesivos y Selladores",NIU,94,Unidad,0.0,0.0,0.0,19,GRAVADO,00,,tarifa general del articulo 437 E.T.,01,0.0,True,"criterio ""baja"": confirmar el articulo aplicado; producto de la lista de verificacion manual (pinturas, metales, electricos, EPP o adhesion); precio en cero: revisar antes de importar",NO
639,QUI-119,,Anticorrosivo Distri color,"Químicos, Adhesivos y Selladores",NIU,94,Unidad,0.0,0.0,0.0,19,GRAVADO,00,,tarifa general del articulo 437 E.T.,01,0.0,True,"criterio ""baja"": confirmar el articulo aplicado; producto de la lista de verificacion manual (pinturas, metales, electricos, EPP o adhesion); precio en cero: revisar antes de importar",NO
1745,SAN-001,,"Codo CxC Sanitario 4""",Sanitarios,NIU,94,Unidad,6500.0,5462.18,1037.82,19,GRAVADO,00,,tarifa general del articulo 437 E.T.,01,0.0,True,"criterio ""baja"": confirmar el articulo aplicado",NO
1746,SAN-002,,"Codo CxC Sanitario 3""",Sanitarios,NIU,94,Unidad,4000.0,3361.34,638.66,19,GRAVADO,00,,tarifa general del articulo 437 E.T.,01,0.0,True,"criterio ""baja"": confirmar el articulo aplicado",NO
1747,SAN-003,,"Codo CxC Sanitario 2""",Sanitarios,NIU,94,Unidad,2500.0,2100.84,399.16,19,GRAVADO,00,,tarifa general del articulo 437 E.T.,01,0.0,True,"criterio ""baja"": confirmar el articulo aplicado",NO
1748,SAN-004,,"Codo CxC Sanitario 1 1/2""",Sanitarios,NIU,94,Unidad,1500.0,1260.5,239.5,19,GRAVADO,00,,tarifa general del articulo 437 E.T.,01,0.0,True,"criterio ""baja"": confirmar el articulo aplicado",NO
1749,SAN-005,,"Semicodo Sanitario 4""",Sanitarios,NIU,94,Unidad,6300.0,5294.12,1005.88,19,GRAVADO,00,,tarifa general del articulo 437 E.T.,01,0.0,True,"criterio ""baja"": confirmar el articulo aplicado",NO
1750,SAN-006,,"Semicodo Sanitario 3""",Sanitarios,NIU,94,Unidad,4000.0,3361.34,638.66,19,GRAVADO,00,,tarifa general del articulo 437 E.T.,01,0.0,True,"criterio ""baja"": confirmar el articulo aplicado",NO
1751,SAN-007,,"Semicodo Sanitario 2""",Sanitarios,NIU,94,Unidad,2500.0,2100.84,399.16,19,GRAVADO,00,,tarifa general del articulo 437 E.T.,01,0.0,True,"criterio ""baja"": confirmar el articulo aplicado",NO
1752,SAN-008,,"Semicodo Sanitario Eco 1 1/2""",Sanitarios,NIU,94,Unidad,2200.0,1848.74,351.26,19,GRAVADO,00,,tarifa general del articulo 437 E.T.,01,0.0,True,"criterio ""baja"": confirmar el articulo aplicado",NO
1753,SAN-009,,"Codo CxE Sanitario 2""",Sanitarios,NIU,94,Unidad,2200.0,1848.74,351.26,19,GRAVADO,00,,tarifa general del articulo 437 E.T.,01,0.0,True,"criterio ""baja"": confirmar el articulo aplicado",NO
1754,SAN-010,,"Codo CxE Sanitario 1 1/2""",Sanitarios,NIU,94,Unidad,1600.0,1344.54,255.46,19,GRAVADO,00,,tarifa general del articulo 437 E.T.,01,0.0,True,"criterio ""baja"": confirmar el articulo aplicado",NO
1755,SAN-011,,"Yee Sanitaria 4""",Sanitarios,NIU,94,Unidad,15500.0,13025.21,2474.79,19,GRAVADO,00,,tarifa general del articulo 437 E.T.,01,0.0,True,"criterio ""baja"": confirmar el articulo aplicado",NO
1756,SAN-012,,"Yee Sanitaria 3""",Sanitarios,NIU,94,Unidad,7300.0,6134.45,1165.55,19,GRAVADO,00,,tarifa general del articulo 437 E.T.,01,0.0,True,"criterio ""baja"": confirmar el articulo aplicado",NO
1757,SAN-013,,"Yee Sanitaria 2""",Sanitarios,NIU,94,Unidad,5000.0,4201.68,798.32,19,GRAVADO,00,,tarifa general del articulo 437 E.T.,01,0.0,True,"criterio ""baja"": confirmar el articulo aplicado",NO
1758,SAN-014,,"Yee Sanitaria 1 1/2""",Sanitarios,NIU,94,Unidad,4100.0,3445.38,654.62,19,GRAVADO,00,,tarifa general del articulo 437 E.T.,01,0.0,True,"criterio ""baja"": confirmar el articulo aplicado",NO
1759,SAN-015,,"Tee Sanitaria 4""",Sanitarios,NIU,94,Unidad,8000.0,6722.69,1277.31,19,GRAVADO,00,,tarifa general del articulo 437 E.T.,01,0.0,True,"criterio ""baja"": confirmar el articulo aplicado",NO
1760,SAN-016,,"Tee Sanitaria 3""",Sanitarios,NIU,94,Unidad,5000.0,4201.68,798.32,19,GRAVADO,00,,tarifa general del articulo 437 E.T.,01,0.0,True,"criterio ""baja"": confirmar el articulo aplicado",NO
1761,SAN-017,,"Tee Sanitaria 2""",Sanitarios,NIU,94,Unidad,3200.0,2689.08,510.92,19,GRAVADO,00,,tarifa general del articulo 437 E.T.,01,0.0,True,"criterio ""baja"": confirmar el articulo aplicado",NO
1762,SAN-018,,"Tee Sanitaria 1 1/2""",Sanitarios,NIU,94,Unidad,2800.0,2352.94,447.06,19,GRAVADO,00,,tarifa general del articulo 437 E.T.,01,0.0,True,"criterio ""baja"": confirmar el articulo aplicado",NO
1763,SAN-019,,"Unión Sanitaria 4""",Sanitarios,NIU,94,Unidad,3000.0,2521.01,478.99,19,GRAVADO,00,,tarifa general del articulo 437 E.T.,01,0.0,True,"criterio ""baja"": confirmar el articulo aplicado",NO
1764,SAN-020,,"Unión Sanitaria 3""",Sanitarios,NIU,94,Unidad,2500.0,2100.84,399.16,19,GRAVADO,00,,tarifa general del articulo 437 E.T.,01,0.0,True,"criterio ""baja"": confirmar el articulo aplicado",NO
1765,SAN-021,,"Unión Sanitaria 2""",Sanitarios,NIU,94,Unidad,1900.0,1596.64,303.36,19,GRAVADO,00,,tarifa general del articulo 437 E.T.,01,0.0,True,"criterio ""baja"": confirmar el articulo aplicado",NO
1766,SAN-022,,"Unión Sanitaria 1 1/2""",Sanitarios,NIU,94,Unidad,1300.0,1092.44,207.56,19,GRAVADO,00,,tarifa general del articulo 437 E.T.,01,0.0,True,"criterio ""baja"": confirmar el articulo aplicado",NO
1767,SAN-023,,"Buje Sanitario 2"" x 1 1/2""",Sanitarios,NIU,94,Unidad,1300.0,1092.44,207.56,19,GRAVADO,00,,tarifa general del articulo 437 E.T.,01,0.0,True,"criterio ""baja"": confirmar el articulo aplicado",NO
1768,SAN-024,,"Buje Sanitario 3"" x 1 1/2""",Sanitarios,NIU,94,Unidad,2800.0,2352.94,447.06,19,GRAVADO,00,,tarifa general del articulo 437 E.T.,01,0.0,True,"criterio ""baja"": confirmar el articulo aplicado",NO
1769,SAN-025,,"Buje Sanitario 3"" x 2""",Sanitarios,NIU,94,Unidad,3000.0,2521.01,478.99,19,GRAVADO,00,,tarifa general del articulo 437 E.T.,01,0.0,True,"criterio ""baja"": confirmar el articulo aplicado",NO
1770,SAN-026,,"Buje Sanitario 4"" x 2""",Sanitarios,NIU,94,Unidad,4100.0,3445.38,654.62,19,GRAVADO,00,,tarifa general del articulo 437 E.T.,01,0.0,True,"criterio ""baja"": confirmar el articulo aplicado",NO
4,SIN-001,,Carreta herragro,Sin Categoría,NIU,94,Unidad,240000.0,201680.67,38319.33,19,GRAVADO,00,,tarifa general del articulo 437 E.T.,01,0.0,True,"criterio ""baja"": confirmar el articulo aplicado",NO
425,SIN-002,,Guantes de Poliester,Sin Categoría,NIU,94,Unidad,0.0,0.0,0.0,19,GRAVADO,00,,tarifa general del articulo 437 E.T.,01,0.0,True,"criterio ""baja"": confirmar el articulo aplicado; producto de la lista de verificacion manual (pinturas, metales, electricos, EPP o adhesion); precio en cero: revisar antes de importar",NO
460,SIN-003,,Desagüe Sencillo para Lavamanos Sin Rebose Grival,Sin Categoría,NIU,94,Unidad,0.0,0.0,0.0,19,GRAVADO,00,,tarifa general del articulo 437 E.T.,01,0.0,True,"criterio ""baja"": confirmar el articulo aplicado; precio en cero: revisar antes de importar",NO
487,SIN-004,,Silicona Blanca Antihongos Corneta,Sin Categoría,NIU,94,Unidad,0.0,0.0,0.0,19,GRAVADO,00,,tarifa general del articulo 437 E.T.,01,0.0,True,"criterio ""baja"": confirmar el articulo aplicado; precio en cero: revisar antes de importar",NO
1839,TEC-001,,Metaldec,Techos y Tejas,NIU,94,Unidad,114000.0,114000.0,0.0,0,EXENTO,02,422,art. 422 del Estatuto Tributario,01,0.0,True,"criterio ""media"": confirmar el articulo aplicado",NO
1840,TEC-002,,Metaldec,Techos y Tejas,NIU,94,Unidad,152000.0,152000.0,0.0,0,EXENTO,02,422,art. 422 del Estatuto Tributario,01,0.0,True,"criterio ""media"": confirmar el articulo aplicado; el mismo nombre ya existe con otro precio (114000.0)",NO
1841,TEC-003,,Metaldec,Techos y Tejas,NIU,94,Unidad,190000.0,190000.0,0.0,0,EXENTO,02,422,art. 422 del Estatuto Tributario,01,0.0,True,"criterio ""media"": confirmar el articulo aplicado; el mismo nombre ya existe con otro precio (114000.0)",NO
1842,TEC-004,,Metaldec,Techos y Tejas,NIU,94,Unidad,228000.0,228000.0,0.0,0,EXENTO,02,422,art. 422 del Estatuto Tributario,01,0.0,True,"criterio ""media"": confirmar el articulo aplicado; el mismo nombre ya existe con otro precio (114000.0)",NO
1843,TEC-005,,Metaldec,Techos y Tejas,NIU,94,Unidad,141000.0,141000.0,0.0,0,EXENTO,02,422,art. 422 del Estatuto Tributario,01,0.0,True,"criterio ""media"": confirmar el articulo aplicado; el mismo nombre ya existe con otro precio (114000.0)",NO
1844,TEC-006,,Metaldec,Techos y Tejas,NIU,94,Unidad,188000.0,188000.0,0.0,0,EXENTO,02,422,art. 422 del Estatuto Tributario,01,0.0,True,"criterio ""media"": confirmar el articulo aplicado; el mismo nombre ya existe con otro precio (114000.0)",NO
1845,TEC-007,,Metaldec,Techos y Tejas,NIU,94,Unidad,235000.0,235000.0,0.0,0,EXENTO,02,422,art. 422 del Estatuto Tributario,01,0.0,True,"criterio ""media"": confirmar el articulo aplicado; el mismo nombre ya existe con otro precio (114000.0)",NO
1846,TEC-008,,Metaldec,Techos y Tejas,NIU,94,Unidad,282000.0,282000.0,0.0,0,EXENTO,02,422,art. 422 del Estatuto Tributario,01,0.0,True,"criterio ""media"": confirmar el articulo aplicado; el mismo nombre ya existe con otro precio (114000.0)",NO
1847,TEC-009,,Teja colonia,Techos y Tejas,NIU,94,Unidad,200000.0,200000.0,0.0,0,EXENTO,02,422,art. 422 del Estatuto Tributario,01,0.0,True,"criterio ""media"": confirmar el articulo aplicado",NO
1721,TEJ-001,,Teja arquitectónica 2m Calibre 30,Tejas,MTR,MTR,Metro,50000.0,50000.0,0.0,0,EXENTO,02,422,art. 422 del Estatuto Tributario,01,0.0,True,"criterio ""media"": confirmar el articulo aplicado",NO
1722,TEJ-002,,Teja arquitectónica 4m calibre 30,Tejas,MTR,MTR,Metro,65000.0,65000.0,0.0,0,EXENTO,02,422,art. 422 del Estatuto Tributario,01,0.0,True,"criterio ""media"": confirmar el articulo aplicado",NO
1723,TEJ-003,,Teja arquitectónica 5m calibre 30,Tejas,MTR,MTR,Metro,85000.0,85000.0,0.0,0,EXENTO,02,422,art. 422 del Estatuto Tributario,01,0.0,True,"criterio ""media"": confirmar el articulo aplicado",NO
1724,TEJ-004,,Teja arquitectónica 6m calibre 30,Tejas,MTR,MTR,Metro,100000.0,100000.0,0.0,0,EXENTO,02,422,art. 422 del Estatuto Tributario,01,0.0,True,"criterio ""media"": confirmar el articulo aplicado",NO
1725,TEJ-005,,Teja arquitectónica 3m calibre 26,Tejas,MTR,MTR,Metro,76000.0,76000.0,0.0,0,EXENTO,02,422,art. 422 del Estatuto Tributario,01,0.0,True,"criterio ""media"": confirmar el articulo aplicado",NO
1726,TEJ-006,,Teja arquitectónica 4m calibre 26,Tejas,MTR,MTR,Metro,100000.0,100000.0,0.0,0,EXENTO,02,422,art. 422 del Estatuto Tributario,01,0.0,True,"criterio ""media"": confirmar el articulo aplicado",NO
1727,TEJ-007,,Teja arquitectónica 5m calibre 26,Tejas,MTR,MTR,Metro,125000.0,125000.0,0.0,0,EXENTO,02,422,art. 422 del Estatuto Tributario,01,0.0,True,"criterio ""media"": confirmar el articulo aplicado",NO
1728,TEJ-008,,Teja arquitectónica 6m calibre 26,Tejas,MTR,MTR,Metro,150000.0,150000.0,0.0,0,EXENTO,02,422,art. 422 del Estatuto Tributario,01,0.0,True,"criterio ""media"": confirmar el articulo aplicado",NO
1744,TEJ-009,,Teja colonia 5.90,Tejas,NIU,94,Unidad,200000.0,200000.0,0.0,0,EXENTO,02,422,art. 422 del Estatuto Tributario,01,0.0,True,"criterio ""media"": confirmar el articulo aplicado",NO
1715,TUB-001,,Tubería Conduit semipesado 1/2,Tubería Conduit,NIU,94,Unidad,4000.0,3361.34,638.66,19,GRAVADO,00,,tarifa general del articulo 437 E.T.,01,0.0,True,"criterio ""baja"": confirmar el articulo aplicado",NO
1716,TUB-002,,Tubería Conduit pesado 1/2,Tubería Conduit,NIU,94,Unidad,5000.0,4201.68,798.32,19,GRAVADO,00,,tarifa general del articulo 437 E.T.,01,0.0,True,"criterio ""baja"": confirmar el articulo aplicado",NO
1717,TUB-003,,Tubería Conduit semipesado 3/4,Tubería Conduit,NIU,94,Unidad,7000.0,5882.35,1117.65,19,GRAVADO,00,,tarifa general del articulo 437 E.T.,01,0.0,True,"criterio ""baja"": confirmar el articulo aplicado",NO
1718,TUB-004,,Tubería Conduit pesado 3/4,Tubería Conduit,NIU,94,Unidad,8500.0,7142.86,1357.14,19,GRAVADO,00,,tarifa general del articulo 437 E.T.,01,0.0,True,"criterio ""baja"": confirmar el articulo aplicado",NO
1733,TUB-005,,Tubería Conduit SCH40 1/2,Tubería Conduit,NIU,94,Unidad,10000.0,8403.36,1596.64,19,GRAVADO,00,,tarifa general del articulo 437 E.T.,01,0.0,True,"criterio ""baja"": confirmar el articulo aplicado",NO
1734,TUB-006,,Tubería Conduit SCH40 3/4,Tubería Conduit,NIU,94,Unidad,13000.0,10924.37,2075.63,19,GRAVADO,00,,tarifa general del articulo 437 E.T.,01,0.0,True,"criterio ""baja"": confirmar el articulo aplicado",NO
331,TUB-007,,Codos PVC,Tubería y Conexiones,NIU,94,Unidad,600.0,504.2,95.8,19,GRAVADO,00,,tarifa general del articulo 437 E.T.,01,0.0,True,"criterio ""baja"": confirmar el articulo aplicado",NO
332,TUB-008,,Uniones PVC,Tubería y Conexiones,NIU,94,Unidad,0.0,0.0,0.0,19,GRAVADO,00,,tarifa general del articulo 437 E.T.,01,0.0,True,"criterio ""baja"": confirmar el articulo aplicado; precio en cero: revisar antes de importar",NO
333,TUB-009,,Codos PVC,Tubería y Conexiones,NIU,94,Unidad,0.0,0.0,0.0,19,GRAVADO,00,,tarifa general del articulo 437 E.T.,01,0.0,True,"criterio ""baja"": confirmar el articulo aplicado; precio en cero: revisar antes de importar; el mismo nombre ya existe con otro precio (600.0)",NO
334,TUB-010,,Codos PVC,Tubería y Conexiones,NIU,94,Unidad,0.0,0.0,0.0,19,GRAVADO,00,,tarifa general del articulo 437 E.T.,01,0.0,True,"criterio ""baja"": confirmar el articulo aplicado; precio en cero: revisar antes de importar; el mismo nombre ya existe con otro precio (600.0)",NO
335,TUB-011,,Uniones PVC,Tubería y Conexiones,NIU,94,Unidad,0.0,0.0,0.0,19,GRAVADO,00,,tarifa general del articulo 437 E.T.,01,0.0,True,"criterio ""baja"": confirmar el articulo aplicado; precio en cero: revisar antes de importar; el mismo nombre ya existe con otro precio (0.0)",NO
336,TUB-012,,Uniones PVC,Tubería y Conexiones,NIU,94,Unidad,600.0,504.2,95.8,19,GRAVADO,00,,tarifa general del articulo 437 E.T.,01,0.0,True,"criterio ""baja"": confirmar el articulo aplicado; el mismo nombre ya existe con otro precio (0.0)",NO
337,TUB-013,,Tee PVC,Tubería y Conexiones,NIU,94,Unidad,2000.0,1680.67,319.33,19,GRAVADO,00,,tarifa general del articulo 437 E.T.,01,0.0,True,"criterio ""baja"": confirmar el articulo aplicado",NO
338,TUB-014,,Tee PVC,Tubería y Conexiones,NIU,94,Unidad,0.0,0.0,0.0,19,GRAVADO,00,,tarifa general del articulo 437 E.T.,01,0.0,True,"criterio ""baja"": confirmar el articulo aplicado; precio en cero: revisar antes de importar; el mismo nombre ya existe con otro precio (2000.0)",NO
339,TUB-015,,Tee PVC,Tubería y Conexiones,NIU,94,Unidad,800.0,672.27,127.73,19,GRAVADO,00,,tarifa general del articulo 437 E.T.,01,0.0,True,"criterio ""baja"": confirmar el articulo aplicado; el mismo nombre ya existe con otro precio (2000.0)",NO
617,TUB-016,,Manguera de salida para lavadora,Tubería y Conexiones,MTR,MTR,Metro,0.0,0.0,0.0,19,GRAVADO,00,,tarifa general del articulo 437 E.T.,01,0.0,True,"material que se vende por longitud; confirmar si es metro lineal; criterio ""baja"": confirmar el articulo aplicado; precio en cero: revisar antes de importar",NO
1719,TUB-017,,Tubo PVC 1/2,Tubos PVC,MTR,MTR,Metro,11000.0,9243.7,1756.3,19,GRAVADO,00,,tarifa general del articulo 437 E.T.,01,0.0,True,"material que se vende por longitud; confirmar si es metro lineal; criterio ""baja"": confirmar el articulo aplicado",NO
1720,TUB-018,,Tubo PVC pesado r9 1/2,Tubos PVC,MTR,MTR,Metro,17000.0,14285.71,2714.29,19,GRAVADO,00,,tarifa general del articulo 437 E.T.,01,0.0,True,"material que se vende por longitud; confirmar si es metro lineal; criterio ""baja"": confirmar el articulo aplicado",NO
1729,TUB-019,,Tubo semipesado 6m 1 ½ “,Tubos PVC,MTR,MTR,Metro,20000.0,16806.72,3193.28,19,GRAVADO,00,,tarifa general del articulo 437 E.T.,01,0.0,True,"criterio ""baja"": confirmar el articulo aplicado",NO
1730,TUB-020,,Tubo semipesado 6m 2”,Tubos PVC,MTR,MTR,Metro,27000.0,22689.08,4310.92,19,GRAVADO,00,,tarifa general del articulo 437 E.T.,01,0.0,True,"criterio ""baja"": confirmar el articulo aplicado",NO
1731,TUB-021,,Tubo semipesado 6m 3”,Tubos PVC,MTR,MTR,Metro,37000.0,31092.44,5907.56,19,GRAVADO,00,,tarifa general del articulo 437 E.T.,01,0.0,True,"criterio ""baja"": confirmar el articulo aplicado",NO
1732,TUB-022,,Tubo semipesado 6m 4”,Tubos PVC,MTR,MTR,Metro,57000.0,47899.16,9100.84,19,GRAVADO,00,,tarifa general del articulo 437 E.T.,01,0.0,True,"criterio ""baja"": confirmar el articulo aplicado",NO
1735,TUB-023,,Tubo estructural 100X100 calibre 14,Tubos PVC,MTR,MTR,Metro,198000.0,166386.55,31613.45,19,GRAVADO,00,,tarifa general del articulo 437 E.T.,01,0.0,True,"material que se vende por longitud; confirmar si es metro lineal; criterio ""baja"": confirmar el articulo aplicado",NO
772,VAR-001,,Varilla 1/2,Varillas,MTR,MTR,Metro,26000.0,21848.74,4151.26,19,GRAVADO,00,,tarifa general del articulo 437 E.T.,01,0.0,True,"material que se vende por longitud; confirmar si es metro lineal; criterio ""baja"": confirmar el articulo aplicado",NO
969,VAR-002,,Varilla 3/8,Varillas,MTR,MTR,Metro,16500.0,13865.55,2634.45,19,GRAVADO,00,,tarifa general del articulo 437 E.T.,01,0.0,True,"material que se vende por longitud; confirmar si es metro lineal; criterio ""baja"": confirmar el articulo aplicado",NO
979,VAR-003,,Varilla 5/8,Varillas,MTR,MTR,Metro,42000.0,35294.12,6705.88,19,GRAVADO,00,,tarifa general del articulo 437 E.T.,01,0.0,True,"material que se vende por longitud; confirmar si es metro lineal; criterio ""baja"": confirmar el articulo aplicado",NO
1067,VAR-004,,Varilla 9mm,Varillas,MTR,MTR,Metro,15000.0,12605.04,2394.96,19,GRAVADO,00,,tarifa general del articulo 437 E.T.,01,0.0,True,"material que se vende por longitud; confirmar si es metro lineal; criterio ""baja"": confirmar el articulo aplicado",NO
1075,VAR-005,,Varilla 1/4,Varillas,MTR,MTR,Metro,8500.0,7142.86,1357.14,19,GRAVADO,00,,tarifa general del articulo 437 E.T.,01,0.0,True,"material que se vende por longitud; confirmar si es metro lineal; criterio ""baja"": confirmar el articulo aplicado",NO
1564,VAR-006,,Varilla 12mm,Varillas,MTR,MTR,Metro,24500.0,20588.24,3911.76,19,GRAVADO,00,,tarifa general del articulo 437 E.T.,01,0.0,True,"material que se vende por longitud; confirmar si es metro lineal; criterio ""baja"": confirmar el articulo aplicado",NO
